=== [zygisk-ptrace monitor] pid=997 epoch=85740 stdio redirected ===
ReZygisk 1.0.0
handoff tracer: pid=1062 program=/system/bin/app_process64 tracer=./bin/zygisk-ptrace64 tango=no
Service online (lp64)
=== [rezygiskd] pid=1068 epoch=1790028576 stdio redirected ===
KernelSU root implementation found (v3 ioctl).
KernelSU root implementation found.
Loading modules for architecture: arm64-v8a
Built-in module [truman] loaded: /data/adb/modules/rezygisk/zygisk/truman/arm64-v8a.so
Sent root implementation and modules information to controller socket
exec tracer command: ./bin/zygisk-ptrace64 trace 1062 --restart
tracer 1.0.0 online

=== [zygisk-ptrace trace] pid=1085 epoch=1790028576 stdio redirected ===
start tracing 1062 (tracer 1085)
injecting /data/adb/modules/rezygisk/lib64/libzygisk.so to zygote 1062
handoff tracer: pid=1064 program=/system/bin/app_process32 tracer=./bin/zygisk-ptrace32 tango=no
exec tracer command: ./bin/zygisk-ptrace32 trace 1064 --restart
status updated: Monitor: ✅, ReZygisk 64-bit: ⚠️, ReZygisk 32-bit: ⚠️
tracer 1.0.0 online

=== [zygisk-ptrace trace] pid=1088 epoch=1790028576 stdio redirected ===
start tracing 1064 (tracer 1088)
injecting /data/adb/modules/rezygisk/lib/libzygisk.so to zygote 1064
Service online (lp32)
=== [rezygiskd] pid=1086 epoch=1790028576 stdio redirected ===
KernelSU root implementation found (v3 ioctl).
KernelSU root implementation found.
Loading modules for architecture: armeabi-v7a
Built-in module [truman] loaded: /data/adb/modules/rezygisk/zygisk/truman/armeabi-v7a.so
malformed DaemonSetInfo32 (root impl), draining controller socket
Stop tracing requested
status updated: Monitor: ⛔, ReZygisk 64-bit: ❌, ReZygisk 32-bit: ❌
malformed DaemonSetInfo64 (root impl), draining controller socket
Sent root implementation and modules information to controller socket
stop tracing init
TEMP-DEBUG maps: 631f6c3000-631f6c5000 r-xp 00002000 fd:01 223                            /system/bin/app_process64
TEMP-DEBUG maps: 76c19c5000-76c19c8000 r-xp 00002000 fd:01 2494                           /system/lib64/libmedia_omx_client.so
TEMP-DEBUG maps: 76c1a1a000-76c1a41000 r-xp 00017000 fd:01 2598                           /system/lib64/libstagefright_bufferpool@2.0.1.so
TEMP-DEBUG maps: 76c1a91000-76c1a93000 r-xp 00002000 fd:01 2192                           /system/lib64/com.android.media.audio-aconfig-cc.so
TEMP-DEBUG maps: 76c1ad5000-76c1af3000 r-xp 00014000 fd:01 2655                           /system/lib64/libvulkan.so
TEMP-DEBUG maps: 76c1b19000-76c1b50000 r-xp 00015000 fd:01 2177                           /system/lib64/audiopolicy-aidl-cpp.so
TEMP-DEBUG maps: 76c1bab000-76c1bac000 r-xp 00001000 fd:01 2212                           /system/lib64/lib-camera-compatibility-info-api.so
TEMP-DEBUG maps: 76c1bca000-76c1bcb000 r-xp 00001000 07:b0 44                             /apex/com.android.runtime/lib64/bionic/libdl_android.so
TEMP-DEBUG maps: 76c1c17000-76c1c20000 r-xp 00008000 fd:01 2416                           /system/lib64/libgraphicsenv.so
TEMP-DEBUG maps: 76c1c4c000-76c1c6d000 r-xp 00009000 fd:01 2485                           /system/lib64/liblzma.so
TEMP-DEBUG maps: 76c1c8d000-76c1c8e000 r-xp 00001000 fd:01 2042                           /system/lib64/android.hardware.configstore-utils.so
TEMP-DEBUG maps: 76c1cf0000-76c1cf1000 r-xp 00001000 fd:01 2652                           /system/lib64/libvndksupport.so
TEMP-DEBUG maps: 76c1d2a000-76c1d39000 r-xp 0001a000 fd:01 2372                           /system/lib64/libdebugstore_cxx.so
TEMP-DEBUG maps: 76c1d83000-76c1de9000 r-xp 00029000 fd:01 2578                           /system/lib64/libsfplugin_ccodec_utils.so
TEMP-DEBUG maps: 76c1e69000-76c1ed9000 r-xp 00049000 fd:01 2355                           /system/lib64/libcodec2_vndk.so
TEMP-DEBUG maps: 76c1f05000-76c1f06000 r-xp 00001000 fd:01 2040                           /system/lib64/android.hardware.common.fmq-V1-cpp.so
TEMP-DEBUG maps: 76c1f6e000-76c1f70000 r-xp 00001000 fd:01 2353                           /system/lib64/libcodec2_hidl_client@1.2.so
TEMP-DEBUG maps: 76c1f92000-76c1fa1000 r-xp 0000d000 fd:01 2147                           /system/lib64/android.hidl.memory@1.0.so
TEMP-DEBUG maps: 76c1fce000-76c1ff3000 r-xp 0000c000 fd:01 2489                           /system/lib64/libmedia_codeclist_capabilities.so
TEMP-DEBUG maps: 76c574f000-76c58fb000 r-xp 00102000 07:a8 36                             /apex/com.android.i18n/lib64/libicui18n.so
TEMP-DEBUG maps: 76c5954000-76c5957000 r-xp 00004000 fd:01 2671                           /system/lib64/mediametricsservice-aidl-cpp.so
TEMP-DEBUG maps: 76c59a7000-76c59b1000 r-xp 0000c000 fd:01 2044                           /system/lib64/android.hardware.configstore@1.1.so
TEMP-DEBUG maps: 76c59f9000-76c59fb000 r-xp 00003000 fd:01 2289                           /system/lib64/libaudiomanager.so
TEMP-DEBUG maps: 76c60d1000-76c60f4000 r-xp 00078000 fd:01 2361                           /system/lib64/libcrypto.so
TEMP-DEBUG maps: 76c60f4000-76c615d000 --xp 0009b000 fd:01 2361                           /system/lib64/libcrypto.so
TEMP-DEBUG maps: 76c615d000-76c61dd000 r-xp 00104000 fd:01 2361                           /system/lib64/libcrypto.so
TEMP-DEBUG maps: 76c9329000-76c94ca000 r-xp 000b6000 fd:01 2376                           /system/lib64/libdng_sdk.so
TEMP-DEBUG maps: 76c9572000-76c95b0000 r-xp 0001c000 fd:01 2551                           /system/lib64/libprocessgroup.so
TEMP-DEBUG maps: 76c95e6000-76c95ef000 r-xp 00009000 fd:01 2150                           /system/lib64/android.hidl.token@1.0.so
TEMP-DEBUG maps: 76cd465000-76cd466000 r-xp 00002000 fd:01 1994                           /system/lib64/aconfig_view_accessibility_flags_c_lib.so
TEMP-DEBUG maps: 76cd4a5000-76cd4ad000 r-xp 00009000 fd:01 2107                           /system/lib64/android.hardware.memtrack@1.0.so
TEMP-DEBUG maps: 76cd4e4000-76cd50a000 r-xp 0001a000 fd:01 2503                           /system/lib64/libmediandk.so
TEMP-DEBUG maps: 76cd589000-76cd5e7000 r-xp 00039000 fd:01 2487                           /system/lib64/libmedia.so
TEMP-DEBUG maps: 76cd754000-76cdd89000 r-xp 00124000 fd:01 2456                           /system/lib64/libjxl.so
TEMP-DEBUG maps: 76d06a3000-76d0755000 r-xp 00052000 fd:01 2275                           /system/lib64/libaudioclient.so
TEMP-DEBUG maps: 76d07ef000-76d07fc000 r-xp 0000e000 fd:01 2226                           /system/lib64/libPlatformProperties.so
TEMP-DEBUG maps: 76d155a000-76d1742000 r-xp 000f8000 fd:01 2442                           /system/lib64/libinput.so
TEMP-DEBUG maps: 76d17cf000-76d17d6000 r-xp 00006000 fd:01 2330                           /system/lib64/libcamera_metadata.so
TEMP-DEBUG maps: 76d2a6f000-76d2a72000 r-xp 00003000 fd:01 2074                           /system/lib64/android.hardware.graphics.common-V7-ndk.so
TEMP-DEBUG maps: 76d2aa6000-76d2aa7000 r-xp 00001000 fd:01 2041                           /system/lib64/android.hardware.common.fmq-V1-ndk.so
TEMP-DEBUG maps: 76d2b1c000-76d2bf9000 r-xp 0003c000 fd:01 2423                           /system/lib64/libharfbuzz_ng.so
TEMP-DEBUG maps: 76d3a5c000-76d3a5e000 r-xp 00001000 fd:01 2680                           /system/lib64/shared-file-region-aidl-cpp.so
TEMP-DEBUG maps: 76d3a9a000-76d3a9e000 r-xp 00005000 fd:01 2632                           /system/lib64/libtracing_perfetto.so
TEMP-DEBUG maps: 76d3adc000-76d3add000 r-xp 00002000 fd:01 2039                           /system/lib64/android.hardware.common-V2-ndk.so
TEMP-DEBUG maps: 76d3b0f000-76d3b29000 r-xp 0000a000 fd:01 2509                           /system/lib64/libmeminfo.so
TEMP-DEBUG maps: 76d3b52000-76d3b63000 r-xp 00009000 fd:01 2438                           /system/lib64/libimg_utils.so
TEMP-DEBUG maps: 76d3b90000-76d3b91000 r-xp 00001000 fd:01 2421                           /system/lib64/libhardware.so
TEMP-DEBUG maps: 76d3beb000-76d3bf7000 r-xp 00009000 fd:01 2681                           /system/lib64/spatializer-aidl-cpp.so
TEMP-DEBUG maps: 76d3c22000-76d3c32000 r-xp 00008000 fd:01 2291                           /system/lib64/libaudiopolicy.so
TEMP-DEBUG maps: 76d3c5a000-76d3c5d000 r-xp 00006000 fd:01 2204                           /system/lib64/framework-permission-aidl-cpp.so
TEMP-DEBUG maps: 76d3cf1000-76d3dc9000 r-xp 00035000 fd:01 2592                           /system/lib64/libsqlite.so
TEMP-DEBUG maps: 76d744d000-76d7458000 r-xp 00007000 fd:01 2488                           /system/lib64/libmedia_codeclist.so
TEMP-DEBUG maps: 76d7495000-76d7497000 r-xp 00001000 fd:01 2352                           /system/lib64/libcodec2_hidl_client@1.1.so
TEMP-DEBUG maps: 76d74e0000-76d74ed000 r-xp 00006000 fd:01 2350                           /system/lib64/libcodec2_hal_common.so
TEMP-DEBUG maps: 76d751c000-76d752d000 r-xp 00009000 fd:01 2351                           /system/lib64/libcodec2_hidl_client@1.0.so
TEMP-DEBUG maps: 76d7595000-76d75eb000 r-xp 00036000 fd:01 2329                           /system/lib64/libcamera_client.so
TEMP-DEBUG maps: 76d7632000-76d763d000 r-xp 00008000 fd:01 2205                           /system/lib64/graphicbuffersource-aidl-ndk.so
TEMP-DEBUG maps: 76d7651000-76d7653000 r-xp 00002000 fd:01 2189                           /system/lib64/camera_platform_flags_c_lib.so
TEMP-DEBUG maps: 76d76b8000-76d76b9000 r-xp 00001000 fd:01 2520                           /system/lib64/libnativebridge_lazy.so
TEMP-DEBUG maps: 76d7700000-76d7739000 r-xp 0002a000 fd:01 2635                           /system/lib64/libui.so
TEMP-DEBUG maps: 76d776c000-76d777e000 r-xp 0000e000 fd:01 2645                           /system/lib64/libutils.so
TEMP-DEBUG maps: 76d7795000-76d779a000 r-xp 00002000 fd:1e 109                            /apex/com.android.art/lib64/libsigchain.so
TEMP-DEBUG maps: 76d77e2000-76d77f5000 r-xp 00008000 fd:01 2568                           /system/lib64/libselinux.so
TEMP-DEBUG maps: 76d782a000-76d782d000 r-xp 00002000 fd:01 2607                           /system/lib64/libstagefright_surface_utils.so
TEMP-DEBUG maps: 76d7861000-76d7871000 r-xp 00008000 fd:01 2663                           /system/lib64/libz.so
TEMP-DEBUG maps: 76d7adb000-76d7d77000 r-xp 00220000 fd:01 2539                           /system/lib64/libpdfium.so
TEMP-DEBUG maps: 76da256000-76da264000 r-xp 00008000 fd:01 2527                           /system/lib64/libnetdutils.so
TEMP-DEBUG maps: 76da297000-76da2a1000 r-xp 0000c000 fd:01 2569                           /system/lib64/libsensor.so
TEMP-DEBUG maps: 76da2cb000-76da2d4000 r-xp 00004000 fd:01 2321                           /system/lib64/libbpf_minimal.so
TEMP-DEBUG maps: 76da325000-76da32c000 r-xp 00012000 fd:01 2220                           /system/lib64/libGLESv2.so
TEMP-DEBUG maps: 76da365000-76da36d000 r-xp 0000a000 fd:01 2036                           /system/lib64/android.hardware.cas.native@1.0.so
TEMP-DEBUG maps: 76da381000-76da383000 r-xp 00001000 fd:01 2604                           /system/lib64/libstagefright_http_support.so
TEMP-DEBUG maps: 76da3c5000-76da3c8000 r-xp 00005000 fd:01 2523                           /system/lib64/libnativewindow.so
TEMP-DEBUG maps: 76da415000-76da439000 r-xp 0000e000 fd:1e 90                             /apex/com.android.art/lib64/libbase.so
TEMP-DEBUG maps: 76da44e000-76da453000 r-xp 00005000 fd:01 2180                           /system/lib64/av-types-aidl-cpp.so
TEMP-DEBUG maps: 76da499000-76da49a000 r-xp 00001000 fd:01 2077                           /system/lib64/android.hardware.graphics.common@1.2.so
TEMP-DEBUG maps: 76da4da000-76da4f3000 r-xp 00015000 fd:01 2099                           /system/lib64/android.hardware.media.bufferpool@2.0.so
TEMP-DEBUG maps: 76da513000-76da51c000 r-xp 00008000 fd:01 2499                           /system/lib64/libmediadrmmetrics_lite.so
TEMP-DEBUG maps: 76da544000-76da547000 r-xp 00004000 fd:01 2682                           /system/lib64/volumegroupcallback-aidl-cpp.so
TEMP-DEBUG maps: 76da5b5000-76da5f8000 r-xp 00028000 fd:01 2437                           /system/lib64/libimage_io.so
TEMP-DEBUG maps: 76da6ac000-76da79b000 r-xp 00099000 fd:01 2418                           /system/lib64/libgui.so
TEMP-DEBUG maps: 76dc664000-76dc669000 r-xp 00003000 fd:01 2526                           /system/lib64/libnetd_client.so
TEMP-DEBUG maps: 76dc6a5000-76dc6af000 r-xp 00009000 fd:01 2232                           /system/lib64/libSurfaceFlingerProp.so
TEMP-DEBUG maps: 76dc6d9000-76dc6f9000 r-xp 0000f000 fd:01 2439                           /system/lib64/libincfs.so
TEMP-DEBUG maps: 76dc73c000-76dc778000 r-xp 00020000 fd:01 2349                           /system/lib64/libcodec2_client.so
TEMP-DEBUG maps: 76dc796000-76dc797000 r-xp 00001000 fd:01 2620                           /system/lib64/libsync.so
TEMP-DEBUG maps: 76dc7fd000-76dc7fe000 r-xp 00001000 07:b0 43                             /apex/com.android.runtime/lib64/bionic/libdl.so
TEMP-DEBUG maps: 76dc83c000-76dc8e6000 r-xp 00026000 fd:01 2542                           /system/lib64/libperfetto_c.so
TEMP-DEBUG maps: 76dc956000-76dc961000 r-xp 00008000 fd:01 2415                           /system/lib64/libgralloctypes.so
TEMP-DEBUG maps: 76dc99c000-76dc9ba000 r-xp 0001a000 fd:01 2051                           /system/lib64/android.hardware.drm@1.1.so
TEMP-DEBUG maps: 76dc9da000-76dc9fc000 r-xp 00014000 fd:01 2525                           /system/lib64/libnblog.so
TEMP-DEBUG maps: 76ddc45000-76ddc47000 r-xp 00001000 fd:01 2156                           /system/lib64/android.media.audiopolicy-aconfig-cc.so
TEMP-DEBUG maps: 76ddcb3000-76ddcd0000 r-xp 00011000 fd:01 2339                           /system/lib64/libclang_rt.ubsan_standalone-aarch64-android.so
TEMP-DEBUG maps: 76ddf45000-76ddf46000 r-xp 00002000 fd:01 2405                           /system/lib64/libfmq.so
TEMP-DEBUG maps: 76ddf89000-76ddf8e000 r-xp 00005000 fd:01 1997                           /system/lib64/android.companion.virtualdevice.flags-aconfig-cc.so
TEMP-DEBUG maps: 76ddfd8000-76ddfdb000 r-xp 00003000 fd:01 2422                           /system/lib64/libhardware_legacy.so
TEMP-DEBUG maps: 76e0e3c000-76e0e76000 r-xp 00012000 fd:01 2514                           /system/lib64/libmemunreachable.so
TEMP-DEBUG maps: 76e0e97000-76e0ebb000 r-xp 0000e000 fd:01 2300                           /system/lib64/libbase.so
TEMP-DEBUG maps: 76e0ee4000-76e0eeb000 r-xp 00012000 fd:01 2222                           /system/lib64/libGLESv3.so
TEMP-DEBUG maps: 76e0f54000-76e0fd4000 r-xp 00030000 fd:1e 110                            /apex/com.android.art/lib64/libunwindstack.so
TEMP-DEBUG maps: 76e1a56000-76e1a61000 r-xp 00006000 fd:01 2369                           /system/lib64/libdataloader.so
TEMP-DEBUG maps: 76e1aa2000-76e1aa8000 r-xp 00006000 fd:01 2320                           /system/lib64/libbpf_bcc.so
TEMP-DEBUG maps: 76e1ad7000-76e1be3000 r-xp 00014000 fd:01 2424                           /system/lib64/libharfbuzz_subset.so
TEMP-DEBUG maps: 76e1cac000-76e1dcf000 r-xp 0009d000 fd:01 2516                           /system/lib64/libminikin.so
TEMP-DEBUG maps: 76e325b000-76e327b000 r-xp 00009000 fd:01 2390                           /system/lib64/libexpat.so
TEMP-DEBUG maps: 76e32d0000-76e3350000 r-xp 00030000 fd:01 2639                           /system/lib64/libunwindstack.so
TEMP-DEBUG maps: 76e338f000-76e33b3000 r-xp 0000e000 fd:01 2300                           /system/lib64/libbase.so
TEMP-DEBUG maps: 76e33f2000-76e33f4000 r-xp 00002000 fd:01 2454                           /system/lib64/libjpegencoder.so
TEMP-DEBUG maps: 76e4a5a000-76e4a79000 r-xp 00017000 fd:01 2037                           /system/lib64/android.hardware.cas@1.0.so
TEMP-DEBUG maps: 76e4b91000-76e4d64000 r-xp 000f3000 fd:01 2258                           /system/lib64/libandroid_runtime.so
TEMP-DEBUG maps: 76e845d000-76e846c000 r-xp 0000e000 fd:01 2086                           /system/lib64/android.hardware.graphics.mapper@4.0.so
TEMP-DEBUG maps: 76e84a4000-76e84b9000 r-xp 0000f000 fd:01 2264                           /system/lib64/libapexsupport.so
TEMP-DEBUG maps: 76e84f9000-76e84fc000 r-xp 00002000 fd:01 2591                           /system/lib64/libspeexresampler.so
TEMP-DEBUG maps: 76e851a000-76e852c000 r-xp 00006000 fd:01 2545                           /system/lib64/libpiex.so
TEMP-DEBUG maps: 76e8557000-76e8573000 r-xp 00010000 fd:01 2602                           /system/lib64/libstagefright_framecapture_utils.so
TEMP-DEBUG maps: 76e8591000-76e8594000 r-xp 00004000 fd:01 2190                           /system/lib64/capture_state_listener-aidl-cpp.so
TEMP-DEBUG maps: 76e85ea000-76e85f8000 r-xp 00010000 fd:01 2053                           /system/lib64/android.hardware.drm@1.3.so
TEMP-DEBUG maps: 76e8639000-76e8674000 r-xp 0001a000 fd:01 2276                           /system/lib64/libaudioclient_aidl_conversion.so
TEMP-DEBUG maps: 76e86ac000-76e86b7000 r-xp 00005000 fd:01 2310                           /system/lib64/libbinderdebug.so
TEMP-DEBUG maps: 76e86e9000-76e86f7000 r-xp 00008000 fd:01 2240                           /system/lib64/libaconfig_storage_read_api_cc.so
TEMP-DEBUG maps: 76e870b000-76e8717000 r-xp 00009000 fd:01 2665                           /system/lib64/libziparchive.so
TEMP-DEBUG maps: 76e8760000-76e877d000 r-xp 0001b000 fd:01 2078                           /system/lib64/android.hardware.graphics.composer3-V4-ndk.so
TEMP-DEBUG maps: 76e879c000-76e879d000 r-xp 00002000 fd:01 2301                           /system/lib64/libbattery.so
TEMP-DEBUG maps: 76e87f8000-76e87f9000 r-xp 00001000 fd:01 2536                           /system/lib64/libpackagelistparser.so
TEMP-DEBUG maps: 76e881b000-76e8822000 r-xp 00005000 fd:01 2600                           /system/lib64/libstagefright_codecbase.so
TEMP-DEBUG maps: 76e887a000-76e887b000 r-xp 00001000 fd:01 2257                           /system/lib64/libandroid_net.so
TEMP-DEBUG maps: 76e8889000-76e8890000 r-xp 00009000 fd:01 2544                           /system/lib64/libpermission.so
TEMP-DEBUG maps: 76e88ef000-76e892f000 r-xp 0001f000 fd:01 2176                           /system/lib64/audioflinger-aidl-cpp.so
TEMP-DEBUG maps: 76e8971000-76e8972000 r-xp 00002000 fd:01 2553                           /system/lib64/libprocinfo.so
TEMP-DEBUG maps: 76e89bc000-76e89e0000 r-xp 00025000 fd:01 2054                           /system/lib64/android.hardware.drm@1.4.so
TEMP-DEBUG maps: 76e8a80000-76e8b0c000 r-xp 0007a000 fd:01 2326                           /system/lib64/libc++.so
TEMP-DEBUG maps: 76e8b99000-76e8be4000 r-xp 0000e000 fd:01 2452                           /system/lib64/libjpeg.so
TEMP-DEBUG maps: 76eba5d000-76eba5e000 r-xp 00002000 fd:01 2149                           /system/lib64/android.hidl.token@1.0-utils.so
TEMP-DEBUG maps: 76ebab1000-76ebab3000 r-xp 00002000 fd:01 2453                           /system/lib64/libjpegdecoder.so
TEMP-DEBUG maps: 76ebad1000-76ebad3000 r-xp 00001000 fd:01 2580                           /system/lib64/libshmemutil.so
TEMP-DEBUG maps: 76ebb1f000-76ebb34000 r-xp 00014000 fd:01 2103                           /system/lib64/android.hardware.media.c2@1.2.so
TEMP-DEBUG maps: 76ebb63000-76ebb6c000 r-xp 0000b000 fd:01 2098                           /system/lib64/android.hardware.media.bufferpool2-V2-ndk.so
TEMP-DEBUG maps: 76ebbcb000-76ebbea000 r-xp 0001f000 fd:01 2100                           /system/lib64/android.hardware.media.c2-V1-ndk.so
TEMP-DEBUG maps: 76ebc25000-76ebc59000 r-xp 00022000 fd:01 2050                           /system/lib64/android.hardware.drm@1.0.so
TEMP-DEBUG maps: 76ebc93000-76ebc9e000 r-xp 0000b000 fd:01 2085                           /system/lib64/android.hardware.graphics.mapper@3.0.so
TEMP-DEBUG maps: 76ebcd2000-76ebcd4000 r-xp 00004000 fd:01 1996                           /system/lib64/android.companion.virtual.virtualdevice_aidl-cpp.so
TEMP-DEBUG maps: 76ebd0d000-76ebd0f000 r-xp 00002000 fd:01 2678                           /system/lib64/server_configurable_flags.so
TEMP-DEBUG maps: 76ebd74000-76ebd7d000 r-xp 00003000 fd:01 2626                           /system/lib64/libtimeinstate.so
TEMP-DEBUG maps: 76ebda7000-76ebdd9000 r-xp 00012000 fd:01 2282                           /system/lib64/libaudiofoundation.so
TEMP-DEBUG maps: 76ebe19000-76ebe2f000 r-xp 00014000 fd:01 2048                           /system/lib64/android.hardware.drm-V2-ndk.so
TEMP-DEBUG maps: 76ebecf000-76ebf5b000 r-xp 0007a000 fd:01 2326                           /system/lib64/libc++.so
TEMP-DEBUG maps: 76ebf81000-76ebf82000 r-xp 00001000 fd:01 2049                           /system/lib64/android.hardware.drm.common-V1-ndk.so
TEMP-DEBUG maps: 76ebfce000-76ebfdc000 r-xp 00009000 fd:01 2375                           /system/lib64/libdmabufheap.so
TEMP-DEBUG maps: 76ec01c000-76ec024000 r-xp 00009000 fd:01 2145                           /system/lib64/android.hidl.allocator@1.0.so
TEMP-DEBUG maps: 76ec04b000-76ec053000 r-xp 00009000 fd:01 2071                           /system/lib64/android.hardware.graphics.allocator@4.0.so
TEMP-DEBUG maps: 76ec0b0000-76ec0b1000 r-xp 00001000 fd:01 2385                           /system/lib64/libegl_flags.so
TEMP-DEBUG maps: 76ec0e4000-76ec0fb000 r-xp 00013000 fd:01 2073                           /system/lib64/android.hardware.graphics.bufferqueue@2.0.so
TEMP-DEBUG maps: 76ec11a000-76ec126000 r-xp 00006000 fd:01 2501                           /system/lib64/libmediametrics.so
TEMP-DEBUG maps: 76ec179000-76ec17d000 r-xp 00005000 fd:01 2169                           /system/lib64/android.system.suspend-V1-ndk.so
TEMP-DEBUG maps: 76ec1aa000-76ec1b2000 r-xp 00008000 fd:01 2676                           /system/lib64/packagemanager_aidl-cpp.so
TEMP-DEBUG maps: 76ec1e9000-76ec1f6000 r-xp 0000d000 fd:01 2043                           /system/lib64/android.hardware.configstore@1.0.so
TEMP-DEBUG maps: 76ec20b000-76ec20c000 r-xp 00001000 fd:01 2259                           /system/lib64/libandroid_runtime_lazy.so
TEMP-DEBUG maps: 76ec29f000-76ec342000 r-xp 00059000 07:b0 41                             /apex/com.android.runtime/lib64/bionic/libc.so
TEMP-DEBUG maps: 76ec3dc000-76ec3dd000 r-xp 00001000 fd:01 2148                           /system/lib64/android.hidl.safe_union@1.0.so
TEMP-DEBUG maps: 76edc6e000-76edc7b000 r-xp 00008000 fd:01 2599                           /system/lib64/libstagefright_bufferqueue_helper.so
TEMP-DEBUG maps: 76edcdf000-76edd5c000 r-xp 0004c000 fd:01 2305                           /system/lib64/libbinder.so
TEMP-DEBUG maps: 76eddb0000-76eddb2000 r-xp 00002000 fd:01 2492                           /system/lib64/libmedia_jni_utils.so
TEMP-DEBUG maps: 76eddf8000-76eddfa000 r-xp 00002000 fd:01 2606                           /system/lib64/libstagefright_omx_utils.so
TEMP-DEBUG maps: 76f0050000-76f0068000 r-xp 00009000 fd:1e 102                            /apex/com.android.art/lib64/libnativeloader.so
TEMP-DEBUG maps: 76f00e1000-76f012c000 r-xp 00032000 fd:01 2101                           /system/lib64/android.hardware.media.c2@1.0.so
TEMP-DEBUG maps: 76f016f000-76f017f000 r-xp 0000e000 fd:01 2490                           /system/lib64/libmedia_helper.so
TEMP-DEBUG maps: 76f01a4000-76f01b7000 r-xp 00007000 fd:01 2608                           /system/lib64/libstagefright_xmlparser.so
TEMP-DEBUG maps: 76f01d7000-76f01de000 r-xp 00008000 fd:01 2146                           /system/lib64/android.hidl.memory.token@1.0.so
TEMP-DEBUG maps: 76f0215000-76f0217000 r-xp 00004000 fd:01 2213                           /system/lib64/lib-platform-compat-native-api.so
TEMP-DEBUG maps: 76f026a000-76f02b7000 r-xp 00017000 fd:01 2298                           /system/lib64/libaudioutils.so
TEMP-DEBUG maps: 76f02e9000-76f02fc000 r-xp 0000a000 fd:01 2629                           /system/lib64/libtinyxml2.so
TEMP-DEBUG maps: 76f0344000-76f03b7000 r-xp 0002f000 fd:01 2410                           /system/lib64/libft2.so
TEMP-DEBUG maps: 76f1067000-76f1077000 r-xp 0000f000 fd:01 2670                           /system/lib64/media_quality_aidl_interface-cpp.so
TEMP-DEBUG maps: 76f10a7000-76f10bb000 r-xp 0000d000 fd:01 2153                           /system/lib64/android.media.audio.common.types-V4-cpp.so
TEMP-DEBUG maps: 76f10da000-76f10db000 r-xp 00001000 fd:01 2522                           /system/lib64/libnativeloader_lazy.so
TEMP-DEBUG maps: 76f1102000-76f1104000 r-xp 00002000 fd:01 2579                           /system/lib64/libshmemcompat.so
TEMP-DEBUG maps: 76f1163000-76f1166000 r-xp 00002000 fd:01 2644                           /system/lib64/libusbhost.so
TEMP-DEBUG maps: 76f118b000-76f1195000 r-xp 0000a000 fd:01 2083                           /system/lib64/android.hardware.graphics.mapper@2.0.so
TEMP-DEBUG maps: 76f11ee000-76f11f3000 r-xp 00005000 fd:01 2174                           /system/lib64/audio-permission-aidl-cpp.so
TEMP-DEBUG maps: 76f1227000-76f124b000 r-xp 0001a000 fd:01 2660                           /system/lib64/libwilhelm.so
TEMP-DEBUG maps: 76f12c1000-76f12e2000 r-xp 00015000 fd:01 2214                           /system/lib64/libEGL.so
TEMP-DEBUG maps: 76f1368000-76f13c0000 r-xp 0003f000 fd:01 2431                           /system/lib64/libhidlbase.so
TEMP-DEBUG maps: 76f16d6000-76f1762000 r-xp 0007a000 fd:1e 91                             /apex/com.android.art/lib64/libc++.so
TEMP-DEBUG maps: 76f17de000-76f17e2000 r-xp 00003000 fd:01 2371                           /system/lib64/libdebuggerd_client.so
TEMP-DEBUG maps: 76f4a6d000-76f4a6f000 r-xp 00005000 07:a8 31                             /apex/com.android.i18n/lib64/libandroidicu.so
TEMP-DEBUG maps: 76f4a9c000-76f4abd000 r-xp 00017000 fd:01 2601                           /system/lib64/libstagefright_foundation.so
TEMP-DEBUG maps: 76f4adb000-76f4adf000 r-xp 00003000 fd:01 2603                           /system/lib64/libstagefright_graphicbuffersource_aidl.so
TEMP-DEBUG maps: 76f4b20000-76f4b3a000 r-xp 00015000 fd:01 2072                           /system/lib64/android.hardware.graphics.bufferqueue@1.0.so
TEMP-DEBUG maps: 76f4b50000-76f4b5a000 r-xp 00005000 fd:01 2477                           /system/lib64/liblog.so
TEMP-DEBUG maps: 76f4b8a000-76f4b8b000 r-xp 00001000 fd:01 2075                           /system/lib64/android.hardware.graphics.common@1.0.so
TEMP-DEBUG maps: 76f4bf5000-76f4bf6000 r-xp 00001000 fd:01 2076                           /system/lib64/android.hardware.graphics.common@1.1.so
TEMP-DEBUG maps: 76f4c10000-76f4c1c000 r-xp 00006000 fd:01 2175                           /system/lib64/audioclient-types-aidl-cpp.so
TEMP-DEBUG maps: 76f4c50000-76f4c79000 r-xp 00010000 fd:01 2547                           /system/lib64/libpng.so
TEMP-DEBUG maps: 76f4c95000-76f4cb9000 r-xp 00014000 07:b0 45                             /apex/com.android.runtime/lib64/bionic/libm.so
TEMP-DEBUG maps: 76f4cdb000-76f4cdd000 r-xp 00002000 fd:1e 100                            /apex/com.android.art/lib64/libnativebridge.so
TEMP-DEBUG maps: 76f4d08000-76f4d09000 r-xp 00001000 fd:01 2023                           /system/lib64/android.hardware.camera.common@1.0.so
TEMP-DEBUG maps: 76f4d6a000-76f4da2000 r-xp 00027000 fd:01 2104                           /system/lib64/android.hardware.media.omx@1.0.so
TEMP-DEBUG maps: 76f4de7000-76f4dea000 r-xp 00005000 fd:01 2106                           /system/lib64/android.hardware.memtrack-V1-ndk.so
TEMP-DEBUG maps: 76f4e43000-76f4e7a000 r-xp 00029000 fd:01 2538                           /system/lib64/libpcre2.so
TEMP-DEBUG maps: 76f4ec8000-76f4f73000 r-xp 0003b000 fd:01 2577                           /system/lib64/libsfplugin_ccodec.so
TEMP-DEBUG maps: 76f4fa6000-76f4fdc000 r-xp 0001a000 fd:01 2638                           /system/lib64/libultrahdr.so
TEMP-DEBUG maps: 76f504e000-76f5135000 r-xp 00041000 fd:01 2261                           /system/lib64/libandroidfw.so
TEMP-DEBUG maps: 76f5372000-76f5ae2000 r-xp 00200000 fd:01 2435                           /system/lib64/libhwui.so
TEMP-DEBUG maps: 76f5dd0000-76f5dd3000 r-xp 0000c000 07:a8 34                             /apex/com.android.i18n/lib64/libicu.so
TEMP-DEBUG maps: 76f98c8000-76f99e9000 r-xp 000c4000 07:a8 37                             /apex/com.android.i18n/lib64/libicuuc.so
TEMP-DEBUG maps: 76fa658000-76fa66b000 r-xp 00011000 fd:01 2306                           /system/lib64/libbinder_ndk.so
TEMP-DEBUG maps: 76fa6a1000-76fa6a8000 r-xp 00006000 fd:01 2203                           /system/lib64/effect-aidl-cpp.so
TEMP-DEBUG maps: 76fa6df000-76fa6eb000 r-xp 00009000 fd:01 2366                           /system/lib64/libcutils.so
TEMP-DEBUG maps: 76fa727000-76fa728000 r-xp 00002000 fd:01 2038                           /system/lib64/android.hardware.common-V2-cpp.so
TEMP-DEBUG maps: 76fa767000-76fa769000 r-xp 00001000 fd:01 1992                           /system/lib64/aconfig_mediacodec_flags_c_lib.so
TEMP-DEBUG maps: 76fa78b000-76fa78c000 r-xp 00001000 fd:01 2105                           /system/lib64/android.hardware.media@1.0.so
TEMP-DEBUG maps: 76fa86b000-76fa9d8000 r-xp 0009d000 fd:01 2595                           /system/lib64/libstagefright.so
TEMP-DEBUG maps: 76fca53000-76fca57000 r-xp 00005000 fd:01 2068                           /system/lib64/android.hardware.graphics.allocator-V2-ndk.so
TEMP-DEBUG maps: 76fcaa6000-76fcaa9000 r-xp 00006000 fd:01 2218                           /system/lib64/libGLESv1_CM.so
TEMP-DEBUG maps: 76fcad6000-76fcad7000 r-xp 00001000 fd:01 1998                           /system/lib64/android.database.sqlite-aconfig-cc.so
TEMP-DEBUG maps: 76fcb22000-76fcb23000 r-xp 00002000 fd:01 2512                           /system/lib64/libmemtrack.so
TEMP-DEBUG maps: 76fcb66000-76fcb68000 r-xp 00001000 fd:01 2504                           /system/lib64/libmediandk_utils.so
TEMP-DEBUG maps: 76fcb9b000-76fcb9c000 r-xp 00001000 fd:01 2331                           /system/lib64/libcameracompatbilityinfo.so
TEMP-DEBUG maps: 76fcbcc000-76fcbed000 r-xp 00009000 fd:1e 99                             /apex/com.android.art/lib64/liblzma.so
TEMP-DEBUG maps: 76fcc2b000-76fcc32000 r-xp 00005000 fd:01 2265                           /system/lib64/libappfuse.so
TEMP-DEBUG maps: 76fcc70000-76fcc77000 r-xp 00009000 fd:01 2521                           /system/lib64/libnativedisplay.so
TEMP-DEBUG maps: 76fcca4000-76fccac000 r-xp 00009000 fd:01 2070                           /system/lib64/android.hardware.graphics.allocator@3.0.so
TEMP-DEBUG maps: 76fcce1000-76fcd0d000 r-xp 00014000 fd:01 2269                           /system/lib64/libaudio_aidl_conversion_common_cpp.so
TEMP-DEBUG maps: 76fcd4f000-76fcd51000 r-xp 0000c000 fd:01 2196                           /system/lib64/com.android.window.flags.window-aconfig_flags_c_lib.so
TEMP-DEBUG maps: 76fcd9b000-76fcdb3000 r-xp 00012000 fd:01 2493                           /system/lib64/libmedia_omx.so
TEMP-DEBUG maps: 76fcdda000-76fcdfd000 r-xp 00013000 fd:01 2596                           /system/lib64/libstagefright_aidl_bufferpool2.so
TEMP-DEBUG maps: 76fce34000-76fce62000 r-xp 00028000 fd:01 2052                           /system/lib64/android.hardware.drm@1.2.so
TEMP-DEBUG maps: 76fcf00000-76fcfd4000 r-xp 00073000 fd:01 2555                           /system/lib64/libprotobuf-cpp-lite.so
TEMP-DEBUG maps: 7700454000-770045e000 r-xp 0000b000 fd:01 2084                           /system/lib64/android.hardware.graphics.mapper@2.1.so
TEMP-DEBUG maps: 770049d000-770049f000 r-xp 00003000 fd:01 2432                           /system/lib64/libhidlmemory.so
TEMP-DEBUG maps: 77004d8000-77004dd000 r-xp 00004000 fd:01 2543                           /system/lib64/libperfetto_framework_jni.so
TEMP-DEBUG maps: 770050d000-770050e000 r-xp 00001000 fd:01 2347                           /system/lib64/libcodec2.so
TEMP-DEBUG maps: 7700574000-77005d7000 r-xp 0002f000 fd:01 2505                           /system/lib64/libmediautils.so
TEMP-DEBUG maps: 770060c000-770060e000 r-xp 00001000 fd:01 2193                           /system/lib64/com.android.media.audioclient-aconfig-cc.so
TEMP-DEBUG maps: 77006a1000-77006f9000 r-xp 00031000 fd:01 2496                           /system/lib64/libmediadrm.so
TEMP-DEBUG maps: 770077b000-770077e000 r-xp 00001000 fd:01 2216                           /system/lib64/libETC1.so
TEMP-DEBUG maps: 770079d000-77007b6000 r-xp 00015000 fd:01 2025                           /system/lib64/android.hardware.camera.device@3.2.so
TEMP-DEBUG maps: 77007c3000-77007c4000 r-xp 00002000 fd:01 1993                           /system/lib64/aconfig_text_flags_c_lib.so
TEMP-DEBUG maps: 7702666000-770267a000 r-xp 0000f000 fd:01 2370                           /system/lib64/libdatasource.so
TEMP-DEBUG maps: 7702682000-7702683000 r-xp 00001000 fd:01 2430                           /system/lib64/libhidlallocatorutils.so
TEMP-DEBUG maps: 77026cf000-77026df000 r-xp 0000f000 fd:01 2495                           /system/lib64/libmedia_quality_include.so
TEMP-DEBUG maps: 7702737000-770273c000 r-xp 00003000 fd:01 2178                           /system/lib64/audiopolicy-types-aidl-cpp.so
TEMP-DEBUG maps: 7702752000-770275a000 r-xp 00009000 fd:01 2069                           /system/lib64/android.hardware.graphics.allocator@2.0.so
TEMP-DEBUG maps: 77027a3000-77027b7000 r-xp 00012000 fd:01 2102                           /system/lib64/android.hardware.media.c2@1.1.so
TEMP-DEBUG maps: 77027e5000-77027e7000 r-xp 00004000 fd:01 2677                           /system/lib64/process_info_service_aidl-cpp.so
TEMP-DEBUG maps: 770283b000-770283d000 r-xp 00001000 fd:01 2446                           /system/lib64/libion.so
TEMP-DEBUG maps: 770284d000-7702861000 r-xp 0000b000 fd:01 2348                           /system/lib64/libcodec2_aidl_client.so
TEMP-DEBUG maps: 7704673000-7704674000 r-xp 00000000 00:00 0                              [vdso]
TEMP-DEBUG maps: 77046c2000-7704834000 r-xp 0004e000 07:b0 16                             /apex/com.android.runtime/bin/linker64
TEMP-DEBUG exec segments at injection: 249
remote mapped /data/adb/modules/rezygisk/lib/libzygisk.so at 0xee277000 (size 0x109000), entry 0xee2dd34d
cp request: action=0
Received Zygote32 injected command
status updated: Monitor: ⛔, ReZygisk 64-bit: ❌, ReZygisk 32-bit: ❌
client entry call returned 0x1
invoke entry
inject done, continuing process
received SIGCONT, detaching zygote
trace complete, zygote 1064 released
remote mapped /data/adb/modules/rezygisk/lib64/libzygisk.so at 0x100000000 (size 0x184000), entry 0x1000ad324, backing=memfd
process 1062 stopped by SIGCHLD, continue
cp request: action=0
Received Zygote64 injected command
status updated: Monitor: ⛔, ReZygisk 64-bit: ❌, ReZygisk 32-bit: ❌
client entry call returned 0x17373f60
invoke entry
inject done, continuing process
received SIGCONT, detaching zygote
trace complete, zygote 1062 released
cp request: action=3
idle: Stopped, tracked pids: 0
idle: Stopped, tracked pids: 0
idle: Stopped, tracked pids: 0
idle: Stopped, tracked pids: 0
idle: Stopped, tracked pids: 0
idle: Stopped, tracked pids: 0
idle: Stopped, tracked pids: 0
idle: Stopped, tracked pids: 0
idle: Stopped, tracked pids: 0
idle: Stopped, tracked pids: 0
idle: Stopped, tracked pids: 0
idle: Stopped, tracked pids: 0
idle: Stopped, tracked pids: 0
idle: Stopped, tracked pids: 0
idle: Stopped, tracked pids: 0
idle: Stopped, tracked pids: 0
idle: Stopped, tracked pids: 0
idle: Stopped, tracked pids: 0
idle: Stopped, tracked pids: 0
idle: Stopped, tracked pids: 0
idle: Stopped, tracked pids: 0
idle: Stopped, tracked pids: 0
idle: Stopped, tracked pids: 0
idle: Stopped, tracked pids: 0
idle: Stopped, tracked pids: 0
idle: Stopped, tracked pids: 0
idle: Stopped, tracked pids: 0
idle: Stopped, tracked pids: 0
idle: Stopped, tracked pids: 0
Start tracing init
status updated: Monitor: ✅, ReZygisk 64-bit: ✅, ReZygisk 32-bit: ✅
ReZygiskd32 already running
handoff tracer: pid=10883 program=/system/bin/app_process32 tracer=./bin/zygisk-ptrace32 tango=no
exec tracer command: ./bin/zygisk-ptrace32 trace 10883 --restart
tracer 1.0.0 online

=== [zygisk-ptrace trace] pid=10891 epoch=1790029487 stdio redirected ===
start tracing 10883 (tracer 10891)
injecting /data/adb/modules/rezygisk/lib/libzygisk.so to zygote 10883
ReZygiskd64 already running
handoff tracer: pid=10884 program=/system/bin/app_process64 tracer=./bin/zygisk-ptrace64 tango=no
exec tracer command: ./bin/zygisk-ptrace64 trace 10884 --restart
tracer 1.0.0 online

=== [zygisk-ptrace trace] pid=10900 epoch=1790029487 stdio redirected ===
start tracing 10884 (tracer 10900)
injecting /data/adb/modules/rezygisk/lib64/libzygisk.so to zygote 10884
TEMP-DEBUG maps: 55b328c000-55b328e000 r-xp 00002000 fd:01 223                            /system/bin/app_process64
TEMP-DEBUG maps: 7a216aa000-7a21754000 r-xp 00026000 fd:01 2542                           /system/lib64/libperfetto_c.so
TEMP-DEBUG maps: 7a22457000-7a2247b000 r-xp 0000e000 fd:1e 90                             /apex/com.android.art/lib64/libbase.so
TEMP-DEBUG maps: 7a224bb000-7a224bc000 r-xp 00002000 fd:01 2149                           /system/lib64/android.hidl.token@1.0-utils.so
TEMP-DEBUG maps: 7a224d9000-7a224fd000 r-xp 00014000 07:b0 45                             /apex/com.android.runtime/lib64/bionic/libm.so
TEMP-DEBUG maps: 7a2253e000-7a225e9000 r-xp 0003b000 fd:01 2577                           /system/lib64/libsfplugin_ccodec.so
TEMP-DEBUG maps: 7a22611000-7a22613000 r-xp 00003000 fd:01 2432                           /system/lib64/libhidlmemory.so
TEMP-DEBUG maps: 7a2264f000-7a22662000 r-xp 00007000 fd:01 2608                           /system/lib64/libstagefright_xmlparser.so
TEMP-DEBUG maps: 7a226a7000-7a226b2000 r-xp 0000b000 fd:01 2085                           /system/lib64/android.hardware.graphics.mapper@3.0.so
TEMP-DEBUG maps: 7a226dc000-7a226f0000 r-xp 00012000 fd:01 2102                           /system/lib64/android.hardware.media.c2@1.1.so
TEMP-DEBUG maps: 7a2272e000-7a2272f000 r-xp 00001000 07:b0 44                             /apex/com.android.runtime/lib64/bionic/libdl_android.so
TEMP-DEBUG maps: 7a2276e000-7a22770000 r-xp 00001000 fd:01 2193                           /system/lib64/com.android.media.audioclient-aconfig-cc.so
TEMP-DEBUG maps: 7a2279f000-7a227bb000 r-xp 00010000 fd:01 2602                           /system/lib64/libstagefright_framecapture_utils.so
TEMP-DEBUG maps: 7a227c4000-7a227c6000 r-xp 00001000 fd:01 2156                           /system/lib64/android.media.audiopolicy-aconfig-cc.so
TEMP-DEBUG maps: 7a228c5000-7a22a66000 r-xp 000b6000 fd:01 2376                           /system/lib64/libdng_sdk.so
TEMP-DEBUG maps: 7a22b1c000-7a22b35000 r-xp 00015000 fd:01 2025                           /system/lib64/android.hardware.camera.device@3.2.so
TEMP-DEBUG maps: 7a22b69000-7a22b7c000 r-xp 00011000 fd:01 2306                           /system/lib64/libbinder_ndk.so
TEMP-DEBUG maps: 7a22ba7000-7a22bb2000 r-xp 00006000 fd:01 2369                           /system/lib64/libdataloader.so
TEMP-DEBUG maps: 7a22bde000-7a22bdf000 r-xp 00001000 fd:01 2520                           /system/lib64/libnativebridge_lazy.so
TEMP-DEBUG maps: 7a26089000-7a26115000 r-xp 0007a000 fd:01 2326                           /system/lib64/libc++.so
TEMP-DEBUG maps: 7a261a2000-7a261a4000 r-xp 00002000 fd:01 2579                           /system/lib64/libshmemcompat.so
TEMP-DEBUG maps: 7a261dd000-7a261e0000 r-xp 00004000 fd:01 2682                           /system/lib64/volumegroupcallback-aidl-cpp.so
TEMP-DEBUG maps: 7a27a4d000-7a27a51000 r-xp 00005000 fd:01 2068                           /system/lib64/android.hardware.graphics.allocator-V2-ndk.so
TEMP-DEBUG maps: 7a27aa0000-7a27ab2000 r-xp 0000e000 fd:01 2645                           /system/lib64/libutils.so
TEMP-DEBUG maps: 7a27bcf000-7a27db7000 r-xp 000f8000 fd:01 2442                           /system/lib64/libinput.so
TEMP-DEBUG maps: 7a28842000-7a28843000 r-xp 00001000 fd:01 2041                           /system/lib64/android.hardware.common.fmq-V1-ndk.so
TEMP-DEBUG maps: 7a288a7000-7a288c6000 r-xp 0001f000 fd:01 2100                           /system/lib64/android.hardware.media.c2-V1-ndk.so
TEMP-DEBUG maps: 7a289bc000-7a28b29000 r-xp 0009d000 fd:01 2595                           /system/lib64/libstagefright.so
TEMP-DEBUG maps: 7a28bc5000-7a28beb000 r-xp 0001a000 fd:01 2503                           /system/lib64/libmediandk.so
TEMP-DEBUG maps: 7a29f17000-7a2a0ea000 r-xp 000f3000 fd:01 2258                           /system/lib64/libandroid_runtime.so
TEMP-DEBUG maps: 7a2a143000-7a2a145000 r-xp 00002000 fd:01 2454                           /system/lib64/libjpegencoder.so
TEMP-DEBUG maps: 7a2a1b3000-7a2a1bb000 r-xp 00008000 fd:01 2676                           /system/lib64/packagemanager_aidl-cpp.so
TEMP-DEBUG maps: 7a2a1e7000-7a2a1ec000 r-xp 00002000 fd:1e 109                            /apex/com.android.art/lib64/libsigchain.so
TEMP-DEBUG maps: 7a2d29d000-7a2d37a000 r-xp 0003c000 fd:01 2423                           /system/lib64/libharfbuzz_ng.so
TEMP-DEBUG maps: 7a2d399000-7a2d39d000 r-xp 00003000 fd:01 2603                           /system/lib64/libstagefright_graphicbuffersource_aidl.so
TEMP-DEBUG maps: 7a2d3d3000-7a2d3e1000 r-xp 00010000 fd:01 2053                           /system/lib64/android.hardware.drm@1.3.so
TEMP-DEBUG maps: 7a2d42b000-7a2d42f000 r-xp 00005000 fd:01 2632                           /system/lib64/libtracing_perfetto.so
TEMP-DEBUG maps: 7a2d462000-7a2d475000 r-xp 00008000 fd:01 2568                           /system/lib64/libselinux.so
TEMP-DEBUG maps: 7a2d487000-7a2d489000 r-xp 00004000 fd:01 1996                           /system/lib64/android.companion.virtual.virtualdevice_aidl-cpp.so
TEMP-DEBUG maps: 7a2d4f3000-7a2d4f4000 r-xp 00002000 fd:01 2039                           /system/lib64/android.hardware.common-V2-ndk.so
TEMP-DEBUG maps: 7a2d525000-7a2d535000 r-xp 0000e000 fd:01 2490                           /system/lib64/libmedia_helper.so
TEMP-DEBUG maps: 7a2d572000-7a2d575000 r-xp 00006000 fd:01 2218                           /system/lib64/libGLESv1_CM.so
TEMP-DEBUG maps: 7a2d5ac000-7a2d5d3000 r-xp 00017000 fd:01 2598                           /system/lib64/libstagefright_bufferpool@2.0.1.so
TEMP-DEBUG maps: 7a2d622000-7a2d62e000 r-xp 00006000 fd:01 2175                           /system/lib64/audioclient-types-aidl-cpp.so
TEMP-DEBUG maps: 7a2d666000-7a2d687000 r-xp 00015000 fd:01 2214                           /system/lib64/libEGL.so
TEMP-DEBUG maps: 7a2d6ca000-7a2d6d4000 r-xp 00005000 fd:01 2477                           /system/lib64/liblog.so
TEMP-DEBUG maps: 7a2d719000-7a2d739000 r-xp 0000f000 fd:01 2439                           /system/lib64/libincfs.so
TEMP-DEBUG maps: 7a2d779000-7a2d77b000 r-xp 00001000 fd:01 2580                           /system/lib64/libshmemutil.so
TEMP-DEBUG maps: 7a2d78a000-7a2d78b000 r-xp 00001000 fd:01 2259                           /system/lib64/libandroid_runtime_lazy.so
TEMP-DEBUG maps: 7a2d7d7000-7a2d7f5000 r-xp 00014000 fd:01 2655                           /system/lib64/libvulkan.so
TEMP-DEBUG maps: 7a2d80e000-7a2d822000 r-xp 0000b000 fd:01 2348                           /system/lib64/libcodec2_aidl_client.so
TEMP-DEBUG maps: 7a2d8a2000-7a2d8fa000 r-xp 0003f000 fd:01 2431                           /system/lib64/libhidlbase.so
TEMP-DEBUG maps: 7a2d96d000-7a2d97e000 r-xp 00009000 fd:01 2351                           /system/lib64/libcodec2_hidl_client@1.0.so
TEMP-DEBUG maps: 7a2d9a2000-7a2d9a4000 r-xp 00001000 fd:01 2446                           /system/lib64/libion.so
TEMP-DEBUG maps: 7a2d9de000-7a2d9df000 r-xp 00002000 fd:01 2301                           /system/lib64/libbattery.so
TEMP-DEBUG maps: 7a2f454000-7a2f47d000 r-xp 00010000 fd:01 2547                           /system/lib64/libpng.so
TEMP-DEBUG maps: 7a2f4b0000-7a2f4b7000 r-xp 00006000 fd:01 2330                           /system/lib64/libcamera_metadata.so
TEMP-DEBUG maps: 7a2f4d1000-7a2f4f5000 r-xp 0000e000 fd:01 2300                           /system/lib64/libbase.so
TEMP-DEBUG maps: 7a2f51b000-7a2f525000 r-xp 0000c000 fd:01 2044                           /system/lib64/android.hardware.configstore@1.1.so
TEMP-DEBUG maps: 7a2f586000-7a2f5c0000 r-xp 00012000 fd:01 2514                           /system/lib64/libmemunreachable.so
TEMP-DEBUG maps: 7a32c58000-7a32c59000 r-xp 00001000 fd:01 2620                           /system/lib64/libsync.so
TEMP-DEBUG maps: 7a32c9b000-7a32da7000 r-xp 00014000 fd:01 2424                           /system/lib64/libharfbuzz_subset.so
TEMP-DEBUG maps: 7a32dd8000-7a32ddf000 r-xp 00012000 fd:01 2220                           /system/lib64/libGLESv2.so
TEMP-DEBUG maps: 7a32e10000-7a32e12000 r-xp 0000c000 fd:01 2196                           /system/lib64/com.android.window.flags.window-aconfig_flags_c_lib.so
TEMP-DEBUG maps: 7a32e61000-7a32e62000 r-xp 00002000 fd:01 2405                           /system/lib64/libfmq.so
TEMP-DEBUG maps: 7a32e96000-7a32ead000 r-xp 00013000 fd:01 2073                           /system/lib64/android.hardware.graphics.bufferqueue@2.0.so
TEMP-DEBUG maps: 7a32ece000-7a32ed2000 r-xp 00003000 fd:01 2371                           /system/lib64/libdebuggerd_client.so
TEMP-DEBUG maps: 7a32f31000-7a32f33000 r-xp 00005000 07:a8 31                             /apex/com.android.i18n/lib64/libandroidicu.so
TEMP-DEBUG maps: 7a32f64000-7a32f69000 r-xp 00005000 fd:01 2180                           /system/lib64/av-types-aidl-cpp.so
TEMP-DEBUG maps: 7a32fa9000-7a32fb8000 r-xp 0000e000 fd:01 2086                           /system/lib64/android.hardware.graphics.mapper@4.0.so
TEMP-DEBUG maps: 7a32fe2000-7a32ffa000 r-xp 00009000 fd:1e 102                            /apex/com.android.art/lib64/libnativeloader.so
TEMP-DEBUG maps: 7a33027000-7a33028000 r-xp 00001000 fd:01 2430                           /system/lib64/libhidlallocatorutils.so
TEMP-DEBUG maps: 7a330f1000-7a3317d000 r-xp 0007a000 fd:1e 91                             /apex/com.android.art/lib64/libc++.so
TEMP-DEBUG maps: 7a34272000-7a34274000 r-xp 00001000 fd:01 2680                           /system/lib64/shared-file-region-aidl-cpp.so
TEMP-DEBUG maps: 7a342a1000-7a342ac000 r-xp 00007000 fd:01 2488                           /system/lib64/libmedia_codeclist.so
TEMP-DEBUG maps: 7a342ee000-7a3432c000 r-xp 0001c000 fd:01 2551                           /system/lib64/libprocessgroup.so
TEMP-DEBUG maps: 7a3435f000-7a34374000 r-xp 0000f000 fd:01 2264                           /system/lib64/libapexsupport.so
TEMP-DEBUG maps: 7a34393000-7a343a6000 r-xp 0000a000 fd:01 2629                           /system/lib64/libtinyxml2.so
TEMP-DEBUG maps: 7a343d3000-7a343df000 r-xp 00006000 fd:01 2501                           /system/lib64/libmediametrics.so
TEMP-DEBUG maps: 7a34433000-7a3446a000 r-xp 00015000 fd:01 2177                           /system/lib64/audiopolicy-aidl-cpp.so
TEMP-DEBUG maps: 7a344a8000-7a344e0000 r-xp 00027000 fd:01 2104                           /system/lib64/android.hardware.media.omx@1.0.so
TEMP-DEBUG maps: 7a3450a000-7a3450b000 r-xp 00002000 fd:01 1993                           /system/lib64/aconfig_text_flags_c_lib.so
TEMP-DEBUG maps: 7a34579000-7a3459d000 r-xp 00025000 fd:01 2054                           /system/lib64/android.hardware.drm@1.4.so
TEMP-DEBUG maps: 7a37c68000-7a37cab000 r-xp 00028000 fd:01 2437                           /system/lib64/libimage_io.so
TEMP-DEBUG maps: 7a37d2a000-7a37ddc000 r-xp 00052000 fd:01 2275                           /system/lib64/libaudioclient.so
TEMP-DEBUG maps: 7a39072000-7a39077000 r-xp 00004000 fd:01 2543                           /system/lib64/libperfetto_framework_jni.so
TEMP-DEBUG maps: 7a390bb000-7a39121000 r-xp 00029000 fd:01 2578                           /system/lib64/libsfplugin_ccodec_utils.so
TEMP-DEBUG maps: 7a39152000-7a39155000 r-xp 00002000 fd:01 2607                           /system/lib64/libstagefright_surface_utils.so
TEMP-DEBUG maps: 7a391b7000-7a391ba000 r-xp 00006000 fd:01 2204                           /system/lib64/framework-permission-aidl-cpp.so
TEMP-DEBUG maps: 7a391d3000-7a391e0000 r-xp 0000e000 fd:01 2226                           /system/lib64/libPlatformProperties.so
TEMP-DEBUG maps: 7a3c253000-7a3c254000 r-xp 00001000 fd:01 2385                           /system/lib64/libegl_flags.so
TEMP-DEBUG maps: 7a3c2f8000-7a3c368000 r-xp 00049000 fd:01 2355                           /system/lib64/libcodec2_vndk.so
TEMP-DEBUG maps: 7a3c3c3000-7a3c3c5000 r-xp 00002000 fd:1e 100                            /apex/com.android.art/lib64/libnativebridge.so
TEMP-DEBUG maps: 7a3d66a000-7a3d674000 r-xp 00009000 fd:01 2232                           /system/lib64/libSurfaceFlingerProp.so
TEMP-DEBUG maps: 7a3d6f3000-7a3d7c7000 r-xp 00073000 fd:01 2555                           /system/lib64/libprotobuf-cpp-lite.so
TEMP-DEBUG maps: 7a3d90e000-7a3daba000 r-xp 00102000 07:a8 36                             /apex/com.android.i18n/lib64/libicui18n.so
TEMP-DEBUG maps: 7a3db19000-7a3db24000 r-xp 00005000 fd:01 2310                           /system/lib64/libbinderdebug.so
TEMP-DEBUG maps: 7a3db98000-7a3dbee000 r-xp 00036000 fd:01 2329                           /system/lib64/libcamera_client.so
TEMP-DEBUG maps: 7a4008f000-7a40176000 r-xp 00041000 fd:01 2261                           /system/lib64/libandroidfw.so
TEMP-DEBUG maps: 7a401d7000-7a401fa000 r-xp 00013000 fd:01 2596                           /system/lib64/libstagefright_aidl_bufferpool2.so
TEMP-DEBUG maps: 7a418de000-7a419cd000 r-xp 00099000 fd:01 2418                           /system/lib64/libgui.so
TEMP-DEBUG maps: 7a45472000-7a454ca000 r-xp 00031000 fd:01 2496                           /system/lib64/libmediadrm.so
TEMP-DEBUG maps: 7a4550b000-7a45514000 r-xp 0000b000 fd:01 2098                           /system/lib64/android.hardware.media.bufferpool2-V2-ndk.so
TEMP-DEBUG maps: 7a4556e000-7a4556f000 r-xp 00002000 fd:01 2038                           /system/lib64/android.hardware.common-V2-cpp.so
TEMP-DEBUG maps: 7a455bb000-7a455bd000 r-xp 00002000 fd:01 2678                           /system/lib64/server_configurable_flags.so
TEMP-DEBUG maps: 7a455c5000-7a455c6000 r-xp 00001000 fd:01 2212                           /system/lib64/lib-camera-compatibility-info-api.so
TEMP-DEBUG maps: 7a45635000-7a45636000 r-xp 00001000 07:b0 43                             /apex/com.android.runtime/lib64/bionic/libdl.so
TEMP-DEBUG maps: 7a45671000-7a45678000 r-xp 00008000 fd:01 2146                           /system/lib64/android.hidl.memory.token@1.0.so
TEMP-DEBUG maps: 7a4569a000-7a456bb000 r-xp 00017000 fd:01 2601                           /system/lib64/libstagefright_foundation.so
TEMP-DEBUG maps: 7a45738000-7a457db000 r-xp 00059000 07:b0 41                             /apex/com.android.runtime/lib64/bionic/libc.so
TEMP-DEBUG maps: 7a45835000-7a45870000 r-xp 0001a000 fd:01 2276                           /system/lib64/libaudioclient_aidl_conversion.so
TEMP-DEBUG maps: 7a458f2000-7a459ca000 r-xp 00035000 fd:01 2592                           /system/lib64/libsqlite.so
TEMP-DEBUG maps: 7a47e53000-7a47e55000 r-xp 00001000 fd:01 2604                           /system/lib64/libstagefright_http_support.so
TEMP-DEBUG maps: 7a47e8d000-7a47ea1000 r-xp 0000d000 fd:01 2153                           /system/lib64/android.media.audio.common.types-V4-cpp.so
TEMP-DEBUG maps: 7a47ee3000-7a47ee4000 r-xp 00002000 fd:01 1994                           /system/lib64/aconfig_view_accessibility_flags_c_lib.so
TEMP-DEBUG maps: 7a47f24000-7a47f36000 r-xp 00006000 fd:01 2545                           /system/lib64/libpiex.so
TEMP-DEBUG maps: 7a47f56000-7a47f76000 r-xp 00009000 fd:01 2390                           /system/lib64/libexpat.so
TEMP-DEBUG maps: 7a47f93000-7a47f9d000 r-xp 0000c000 fd:01 2569                           /system/lib64/libsensor.so
TEMP-DEBUG maps: 7a47fd9000-7a47ffb000 r-xp 00014000 fd:01 2525                           /system/lib64/libnblog.so
TEMP-DEBUG maps: 7a4801d000-7a4803a000 r-xp 0001b000 fd:01 2078                           /system/lib64/android.hardware.graphics.composer3-V4-ndk.so
TEMP-DEBUG maps: 7a4806b000-7a4806c000 r-xp 00001000 fd:01 2023                           /system/lib64/android.hardware.camera.common@1.0.so
TEMP-DEBUG maps: 7a48081000-7a48082000 r-xp 00001000 fd:01 2347                           /system/lib64/libcodec2.so
TEMP-DEBUG maps: 7a480db000-7a480e3000 r-xp 00009000 fd:01 2107                           /system/lib64/android.hardware.memtrack@1.0.so
TEMP-DEBUG maps: 7a48113000-7a4811a000 r-xp 00009000 fd:01 2544                           /system/lib64/libpermission.so
TEMP-DEBUG maps: 7a48170000-7a481a9000 r-xp 0002a000 fd:01 2635                           /system/lib64/libui.so
TEMP-DEBUG maps: 7a481c6000-7a481cd000 r-xp 00006000 fd:01 2203                           /system/lib64/effect-aidl-cpp.so
TEMP-DEBUG maps: 7a482c4000-7a483e5000 r-xp 000c4000 07:a8 37                             /apex/com.android.i18n/lib64/libicuuc.so
TEMP-DEBUG maps: 7a49680000-7a4969d000 r-xp 00011000 fd:01 2339                           /system/lib64/libclang_rt.ubsan_standalone-aarch64-android.so
TEMP-DEBUG maps: 7a49905000-7a4990a000 r-xp 00005000 fd:01 1997                           /system/lib64/android.companion.virtualdevice.flags-aconfig-cc.so
TEMP-DEBUG maps: 7a49961000-7a4996a000 r-xp 00004000 fd:01 2321                           /system/lib64/libbpf_minimal.so
TEMP-DEBUG maps: 7a499bd000-7a499f9000 r-xp 00020000 fd:01 2349                           /system/lib64/libcodec2_client.so
TEMP-DEBUG maps: 7a4b26b000-7a4b277000 r-xp 00009000 fd:01 2681                           /system/lib64/spatializer-aidl-cpp.so
TEMP-DEBUG maps: 7a4b2b3000-7a4b2b5000 r-xp 00004000 fd:01 2213                           /system/lib64/lib-platform-compat-native-api.so
TEMP-DEBUG maps: 7a4b2f3000-7a4b2f5000 r-xp 00004000 fd:01 2677                           /system/lib64/process_info_service_aidl-cpp.so
TEMP-DEBUG maps: 7a4b31a000-7a4b324000 r-xp 0000b000 fd:01 2084                           /system/lib64/android.hardware.graphics.mapper@2.1.so
TEMP-DEBUG maps: 7a4b36d000-7a4b374000 r-xp 00005000 fd:01 2265                           /system/lib64/libappfuse.so
TEMP-DEBUG maps: 7a4b397000-7a4b398000 r-xp 00001000 fd:01 2042                           /system/lib64/android.hardware.configstore-utils.so
TEMP-DEBUG maps: 7a4b3ed000-7a4b3f0000 r-xp 00001000 fd:01 2216                           /system/lib64/libETC1.so
TEMP-DEBUG maps: 7a4b424000-7a4b425000 r-xp 00001000 fd:01 2421                           /system/lib64/libhardware.so
TEMP-DEBUG maps: 7a4b48d000-7a4b4b1000 r-xp 0001a000 fd:01 2660                           /system/lib64/libwilhelm.so
TEMP-DEBUG maps: 7a4b4e3000-7a4b4e4000 r-xp 00001000 fd:01 2040                           /system/lib64/android.hardware.common.fmq-V1-cpp.so
TEMP-DEBUG maps: 7a4b51c000-7a4b532000 r-xp 00014000 fd:01 2048                           /system/lib64/android.hardware.drm-V2-ndk.so
TEMP-DEBUG maps: 7a4b579000-7a4b57b000 r-xp 00002000 fd:01 2453                           /system/lib64/libjpegdecoder.so
TEMP-DEBUG maps: 7a4b598000-7a4b5a9000 r-xp 00009000 fd:01 2438                           /system/lib64/libimg_utils.so
TEMP-DEBUG maps: 7a4b5cf000-7a4b5dd000 r-xp 00009000 fd:01 2375                           /system/lib64/libdmabufheap.so
TEMP-DEBUG maps: 7a4b639000-7a4b63b000 r-xp 00002000 fd:01 2189                           /system/lib64/camera_platform_flags_c_lib.so
TEMP-DEBUG maps: 7a4b690000-7a4b6db000 r-xp 00032000 fd:01 2101                           /system/lib64/android.hardware.media.c2@1.0.so
TEMP-DEBUG maps: 7a4b731000-7a4b734000 r-xp 00002000 fd:01 2644                           /system/lib64/libusbhost.so
TEMP-DEBUG maps: 7a4b77c000-7a4b7bc000 r-xp 0001f000 fd:01 2176                           /system/lib64/audioflinger-aidl-cpp.so
TEMP-DEBUG maps: 7a4f45c000-7a4f47a000 r-xp 0001a000 fd:01 2051                           /system/lib64/android.hardware.drm@1.1.so
TEMP-DEBUG maps: 7a4f495000-7a4f496000 r-xp 00001000 fd:01 2536                           /system/lib64/libpackagelistparser.so
TEMP-DEBUG maps: 7a4f4f3000-7a4f527000 r-xp 00022000 fd:01 2050                           /system/lib64/android.hardware.drm@1.0.so
TEMP-DEBUG maps: 7a4f569000-7a4f576000 r-xp 00006000 fd:01 2350                           /system/lib64/libcodec2_hal_common.so
TEMP-DEBUG maps: 7a4f5a4000-7a4f5a8000 r-xp 00005000 fd:01 2169                           /system/lib64/android.system.suspend-V1-ndk.so
TEMP-DEBUG maps: 7a4f5d8000-7a4f5e8000 r-xp 00008000 fd:01 2291                           /system/lib64/libaudiopolicy.so
TEMP-DEBUG maps: 7a4f613000-7a4f62b000 r-xp 00012000 fd:01 2493                           /system/lib64/libmedia_omx.so
TEMP-DEBUG maps: 7a4f678000-7a4f67a000 r-xp 00001000 fd:01 2504                           /system/lib64/libmediandk_utils.so
TEMP-DEBUG maps: 7a4f6a8000-7a4f6af000 r-xp 00012000 fd:01 2222                           /system/lib64/libGLESv3.so
TEMP-DEBUG maps: 7a4f6d4000-7a4f6f5000 r-xp 00009000 fd:01 2485                           /system/lib64/liblzma.so
TEMP-DEBUG maps: 7a4f726000-7a4f72e000 r-xp 00009000 fd:01 2069                           /system/lib64/android.hardware.graphics.allocator@2.0.so
TEMP-DEBUG maps: 7a4f753000-7a4f754000 r-xp 00001000 fd:01 2148                           /system/lib64/android.hidl.safe_union@1.0.so
TEMP-DEBUG maps: 7a4f7ae000-7a4f7bc000 r-xp 00008000 fd:01 2240                           /system/lib64/libaconfig_storage_read_api_cc.so
TEMP-DEBUG maps: 7a4f7e0000-7a4f7fa000 r-xp 00015000 fd:01 2072                           /system/lib64/android.hardware.graphics.bufferqueue@1.0.so
TEMP-DEBUG maps: 7a4f82b000-7a4f833000 r-xp 00009000 fd:01 2145                           /system/lib64/android.hidl.allocator@1.0.so
TEMP-DEBUG maps: 7a4f854000-7a4f861000 r-xp 0000d000 fd:01 2043                           /system/lib64/android.hardware.configstore@1.0.so
TEMP-DEBUG maps: 7a4f8b3000-7a4f8b4000 r-xp 00001000 fd:01 2652                           /system/lib64/libvndksupport.so
TEMP-DEBUG maps: 7a4f8d5000-7a4f8dc000 r-xp 00005000 fd:01 2600                           /system/lib64/libstagefright_codecbase.so
TEMP-DEBUG maps: 7a4f91a000-7a4f923000 r-xp 00009000 fd:01 2150                           /system/lib64/android.hidl.token@1.0.so
TEMP-DEBUG maps: 7a4f967000-7a4f972000 r-xp 00008000 fd:01 2205                           /system/lib64/graphicbuffersource-aidl-ndk.so
TEMP-DEBUG maps: 7a4f9b7000-7a4f9b8000 r-xp 00001000 fd:01 2331                           /system/lib64/libcameracompatbilityinfo.so
TEMP-DEBUG maps: 7a4f9df000-7a4f9e4000 r-xp 00005000 fd:01 2174                           /system/lib64/audio-permission-aidl-cpp.so
TEMP-DEBUG maps: 7a4fa41000-7a4fab4000 r-xp 0002f000 fd:01 2410                           /system/lib64/libft2.so
TEMP-DEBUG maps: 7a4faea000-7a4faeb000 r-xp 00001000 fd:01 1998                           /system/lib64/android.database.sqlite-aconfig-cc.so
TEMP-DEBUG maps: 7a4fb11000-7a4fb19000 r-xp 00009000 fd:01 2071                           /system/lib64/android.hardware.graphics.allocator@4.0.so
TEMP-DEBUG maps: 7a4fb61000-7a4fb7b000 r-xp 0000a000 fd:01 2509                           /system/lib64/libmeminfo.so
TEMP-DEBUG maps: 7a4fba8000-7a4fbf5000 r-xp 00017000 fd:01 2298                           /system/lib64/libaudioutils.so
TEMP-DEBUG maps: 7a4fc13000-7a4fc1b000 r-xp 00009000 fd:01 2070                           /system/lib64/android.hardware.graphics.allocator@3.0.so
TEMP-DEBUG maps: 7a4fc73000-7a4fc7b000 r-xp 0000a000 fd:01 2036                           /system/lib64/android.hardware.cas.native@1.0.so
TEMP-DEBUG maps: 7a4fcbd000-7a4fd1b000 r-xp 00039000 fd:01 2487                           /system/lib64/libmedia.so
TEMP-DEBUG maps: 7a4fd88000-7a4fdeb000 r-xp 0002f000 fd:01 2505                           /system/lib64/libmediautils.so
TEMP-DEBUG maps: 7a4ff54000-7a50589000 r-xp 00124000 fd:01 2456                           /system/lib64/libjxl.so
TEMP-DEBUG maps: 7a52648000-7a52649000 r-xp 00002000 fd:01 2512                           /system/lib64/libmemtrack.so
TEMP-DEBUG maps: 7a52693000-7a5269f000 r-xp 00009000 fd:01 2366                           /system/lib64/libcutils.so
TEMP-DEBUG maps: 7a526e7000-7a526e9000 r-xp 00002000 fd:01 2606                           /system/lib64/libstagefright_omx_utils.so
TEMP-DEBUG maps: 7a5271f000-7a52724000 r-xp 00003000 fd:01 2178                           /system/lib64/audiopolicy-types-aidl-cpp.so
TEMP-DEBUG maps: 7a52771000-7a527f1000 r-xp 00030000 fd:01 2639                           /system/lib64/libunwindstack.so
TEMP-DEBUG maps: 7a52807000-7a52808000 r-xp 00002000 fd:01 2553                           /system/lib64/libprocinfo.so
TEMP-DEBUG maps: 7a5285c000-7a52869000 r-xp 00008000 fd:01 2599                           /system/lib64/libstagefright_bufferqueue_helper.so
TEMP-DEBUG maps: 7a5288c000-7a528b1000 r-xp 0000c000 fd:01 2489                           /system/lib64/libmedia_codeclist_capabilities.so
TEMP-DEBUG maps: 7a528fb000-7a528fd000 r-xp 00002000 fd:01 2492                           /system/lib64/libmedia_jni_utils.so
TEMP-DEBUG maps: 7a52918000-7a5291f000 r-xp 00009000 fd:01 2521                           /system/lib64/libnativedisplay.so
TEMP-DEBUG maps: 7a52958000-7a5296c000 r-xp 0000f000 fd:01 2370                           /system/lib64/libdatasource.so
TEMP-DEBUG maps: 7a529a4000-7a529ad000 r-xp 00008000 fd:01 2499                           /system/lib64/libmediadrmmetrics_lite.so
TEMP-DEBUG maps: 7a529f8000-7a529fb000 r-xp 00003000 fd:01 2074                           /system/lib64/android.hardware.graphics.common-V7-ndk.so
TEMP-DEBUG maps: 7a52a2a000-7a52a2d000 r-xp 00005000 fd:01 2106                           /system/lib64/android.hardware.memtrack-V1-ndk.so
TEMP-DEBUG maps: 7a52a66000-7a52a72000 r-xp 00009000 fd:01 2665                           /system/lib64/libziparchive.so
TEMP-DEBUG maps: 7a52cbb000-7a52f57000 r-xp 00220000 fd:01 2539                           /system/lib64/libpdfium.so
TEMP-DEBUG maps: 7a52fd7000-7a52ff6000 r-xp 00017000 fd:01 2037                           /system/lib64/android.hardware.cas@1.0.so
TEMP-DEBUG maps: 7a54cb2000-7a54d2f000 r-xp 0004c000 fd:01 2305                           /system/lib64/libbinder.so
TEMP-DEBUG maps: 7a54d58000-7a54da3000 r-xp 0000e000 fd:01 2452                           /system/lib64/libjpeg.so
TEMP-DEBUG maps: 7a54dcd000-7a54dce000 r-xp 00001000 fd:01 2077                           /system/lib64/android.hardware.graphics.common@1.2.so
TEMP-DEBUG maps: 7a54e0d000-7a54e1d000 r-xp 00008000 fd:01 2663                           /system/lib64/libz.so
TEMP-DEBUG maps: 7a54e55000-7a54e56000 r-xp 00001000 fd:01 2075                           /system/lib64/android.hardware.graphics.common@1.0.so
TEMP-DEBUG maps: 7a54eab000-7a54eae000 r-xp 0000c000 07:a8 34                             /apex/com.android.i18n/lib64/libicu.so
TEMP-DEBUG maps: 7a54eec000-7a54efb000 r-xp 0000d000 fd:01 2147                           /system/lib64/android.hidl.memory@1.0.so
TEMP-DEBUG maps: 7a54f1a000-7a54f2a000 r-xp 0000f000 fd:01 2670                           /system/lib64/media_quality_aidl_interface-cpp.so
TEMP-DEBUG maps: 7a54f71000-7a54ff1000 r-xp 00030000 fd:1e 110                            /apex/com.android.art/lib64/libunwindstack.so
TEMP-DEBUG maps: 7a55030000-7a55033000 r-xp 00004000 fd:01 2671                           /system/lib64/mediametricsservice-aidl-cpp.so
TEMP-DEBUG maps: 7a550ca000-7a550ed000 r-xp 00078000 fd:01 2361                           /system/lib64/libcrypto.so
TEMP-DEBUG maps: 7a550ed000-7a55156000 --xp 0009b000 fd:01 2361                           /system/lib64/libcrypto.so
TEMP-DEBUG maps: 7a55156000-7a551d6000 r-xp 00104000 fd:01 2361                           /system/lib64/libcrypto.so
TEMP-DEBUG maps: 7a57057000-7a57070000 r-xp 00015000 fd:01 2099                           /system/lib64/android.hardware.media.bufferpool@2.0.so
TEMP-DEBUG maps: 7a57098000-7a570bc000 r-xp 0000e000 fd:01 2300                           /system/lib64/libbase.so
TEMP-DEBUG maps: 7a570d4000-7a570f5000 r-xp 00009000 fd:1e 99                             /apex/com.android.art/lib64/liblzma.so
TEMP-DEBUG maps: 7a5713c000-7a57172000 r-xp 0001a000 fd:01 2638                           /system/lib64/libultrahdr.so
TEMP-DEBUG maps: 7a571b2000-7a571bd000 r-xp 00008000 fd:01 2415                           /system/lib64/libgralloctypes.so
TEMP-DEBUG maps: 7a571da000-7a571dc000 r-xp 00003000 fd:01 2289                           /system/lib64/libaudiomanager.so
TEMP-DEBUG maps: 7a57210000-7a57212000 r-xp 00001000 fd:01 2352                           /system/lib64/libcodec2_hidl_client@1.1.so
TEMP-DEBUG maps: 7a5726a000-7a57274000 r-xp 0000a000 fd:01 2083                           /system/lib64/android.hardware.graphics.mapper@2.0.so
TEMP-DEBUG maps: 7a572be000-7a572f5000 r-xp 00029000 fd:01 2538                           /system/lib64/libpcre2.so
TEMP-DEBUG maps: 7a5732f000-7a57332000 r-xp 00005000 fd:01 2523                           /system/lib64/libnativewindow.so
TEMP-DEBUG maps: 7a57354000-7a57369000 r-xp 00014000 fd:01 2103                           /system/lib64/android.hardware.media.c2@1.2.so
TEMP-DEBUG maps: 7a57389000-7a5738b000 r-xp 00001000 fd:01 2353                           /system/lib64/libcodec2_hidl_client@1.2.so
TEMP-DEBUG maps: 7a573c5000-7a573ca000 r-xp 00003000 fd:01 2526                           /system/lib64/libnetd_client.so
TEMP-DEBUG maps: 7a5749f000-7a575c2000 r-xp 0009d000 fd:01 2516                           /system/lib64/libminikin.so
TEMP-DEBUG maps: 7a57625000-7a57628000 r-xp 00004000 fd:01 2190                           /system/lib64/capture_state_listener-aidl-cpp.so
TEMP-DEBUG maps: 7a57662000-7a57664000 r-xp 00001000 fd:01 1992                           /system/lib64/aconfig_mediacodec_flags_c_lib.so
TEMP-DEBUG maps: 7a57713000-7a5779f000 r-xp 0007a000 fd:01 2326                           /system/lib64/libc++.so
TEMP-DEBUG maps: 7a577cc000-7a577cd000 r-xp 00001000 fd:01 2105                           /system/lib64/android.hardware.media@1.0.so
TEMP-DEBUG maps: 7a57829000-7a5782b000 r-xp 00002000 fd:01 2192                           /system/lib64/com.android.media.audio-aconfig-cc.so
TEMP-DEBUG maps: 7a57848000-7a57851000 r-xp 00003000 fd:01 2626                           /system/lib64/libtimeinstate.so
TEMP-DEBUG maps: 7a5789c000-7a578a2000 r-xp 00006000 fd:01 2320                           /system/lib64/libbpf_bcc.so
TEMP-DEBUG maps: 7a578fa000-7a57928000 r-xp 00028000 fd:01 2052                           /system/lib64/android.hardware.drm@1.2.so
TEMP-DEBUG maps: 7a57b45000-7a582b5000 r-xp 00200000 fd:01 2435                           /system/lib64/libhwui.so
TEMP-DEBUG maps: 7a585a7000-7a585b7000 r-xp 0000f000 fd:01 2495                           /system/lib64/libmedia_quality_include.so
TEMP-DEBUG maps: 7a585ee000-7a585fd000 r-xp 0001a000 fd:01 2372                           /system/lib64/libdebugstore_cxx.so
TEMP-DEBUG maps: 7a5a071000-7a5a074000 r-xp 00003000 fd:01 2422                           /system/lib64/libhardware_legacy.so
TEMP-DEBUG maps: 7a5a0a7000-7a5a0d3000 r-xp 00014000 fd:01 2269                           /system/lib64/libaudio_aidl_conversion_common_cpp.so
TEMP-DEBUG maps: 7a5a102000-7a5a105000 r-xp 00002000 fd:01 2591                           /system/lib64/libspeexresampler.so
TEMP-DEBUG maps: 7a5a15e000-7a5a161000 r-xp 00002000 fd:01 2494                           /system/lib64/libmedia_omx_client.so
TEMP-DEBUG maps: 7a5a189000-7a5a197000 r-xp 00008000 fd:01 2527                           /system/lib64/libnetdutils.so
TEMP-DEBUG maps: 7a5a1fd000-7a5a1fe000 r-xp 00001000 fd:01 2076                           /system/lib64/android.hardware.graphics.common@1.1.so
TEMP-DEBUG maps: 7a5a202000-7a5a203000 r-xp 00001000 fd:01 2522                           /system/lib64/libnativeloader_lazy.so
TEMP-DEBUG maps: 7a5a275000-7a5a2a7000 r-xp 00012000 fd:01 2282                           /system/lib64/libaudiofoundation.so
TEMP-DEBUG maps: 7a5a2d6000-7a5a2d7000 r-xp 00001000 fd:01 2049                           /system/lib64/android.hardware.drm.common-V1-ndk.so
TEMP-DEBUG maps: 7a5a320000-7a5a329000 r-xp 00008000 fd:01 2416                           /system/lib64/libgraphicsenv.so
TEMP-DEBUG maps: 7a5a377000-7a5a378000 r-xp 00001000 fd:01 2257                           /system/lib64/libandroid_net.so
TEMP-DEBUG maps: 7a5c193000-7a5c194000 r-xp 00000000 00:00 0                              [vdso]
TEMP-DEBUG maps: 7a5c1e2000-7a5c354000 r-xp 0004e000 07:b0 16                             /apex/com.android.runtime/bin/linker64
TEMP-DEBUG exec segments at injection: 249
remote mapped /data/adb/modules/rezygisk/lib/libzygisk.so at 0xe6437000 (size 0x109000), entry 0xe649d34d
cp request: action=0
Received Zygote32 injected command
status updated: Monitor: ✅, ReZygisk 64-bit: ✅, ReZygisk 32-bit: ✅
client entry call returned 0x1
invoke entry
inject done, continuing process
received SIGCONT, detaching zygote
trace complete, zygote 10883 released
remote mapped /data/adb/modules/rezygisk/lib64/libzygisk.so at 0x100000000 (size 0x184000), entry 0x1000ad324, backing=memfd
process 10884 stopped by SIGCHLD, continue
cp request: action=0
Received Zygote64 injected command
status updated: Monitor: ✅, ReZygisk 64-bit: ✅, ReZygisk 32-bit: ✅
client entry call returned 0x17373f60
invoke entry
inject done, continuing process
received SIGCONT, detaching zygote
trace complete, zygote 10884 released
cp request: action=3
ReZygiskd32 already running
handoff tracer: pid=11040 program=/system/bin/app_process32 tracer=./bin/zygisk-ptrace32 tango=no
exec tracer command: ./bin/zygisk-ptrace32 trace 11040 --restart
tracer 1.0.0 online

=== [zygisk-ptrace trace] pid=11047 epoch=1790029492 stdio redirected ===
start tracing 11040 (tracer 11047)
injecting /data/adb/modules/rezygisk/lib/libzygisk.so to zygote 11040
ReZygiskd64 already running
handoff tracer: pid=11041 program=/system/bin/app_process64 tracer=./bin/zygisk-ptrace64 tango=no
exec tracer command: ./bin/zygisk-ptrace64 trace 11041 --restart
tracer 1.0.0 online

=== [zygisk-ptrace trace] pid=11051 epoch=1790029492 stdio redirected ===
start tracing 11041 (tracer 11051)
injecting /data/adb/modules/rezygisk/lib64/libzygisk.so to zygote 11041
TEMP-DEBUG maps: 596e099000-596e09b000 r-xp 00002000 fd:01 223                            /system/bin/app_process64
TEMP-DEBUG maps: 77d25e6000-77d25e8000 r-xp 00004000 fd:01 2213                           /system/lib64/lib-platform-compat-native-api.so
TEMP-DEBUG maps: 77d2624000-77d2634000 r-xp 0000f000 fd:01 2670                           /system/lib64/media_quality_aidl_interface-cpp.so
TEMP-DEBUG maps: 77d2689000-77d26f9000 r-xp 00049000 fd:01 2355                           /system/lib64/libcodec2_vndk.so
TEMP-DEBUG maps: 77d2947000-77d2be3000 r-xp 00220000 fd:01 2539                           /system/lib64/libpdfium.so
TEMP-DEBUG maps: 77d4853000-77d486b000 r-xp 00012000 fd:01 2493                           /system/lib64/libmedia_omx.so
TEMP-DEBUG maps: 77d48b4000-77d48b6000 r-xp 00001000 fd:01 2680                           /system/lib64/shared-file-region-aidl-cpp.so
TEMP-DEBUG maps: 77d4908000-77d4953000 r-xp 00032000 fd:01 2101                           /system/lib64/android.hardware.media.c2@1.0.so
TEMP-DEBUG maps: 77d4999000-77d499a000 r-xp 00001000 07:b0 43                             /apex/com.android.runtime/lib64/bionic/libdl.so
TEMP-DEBUG maps: 77d49d2000-77d49db000 r-xp 00003000 fd:01 2626                           /system/lib64/libtimeinstate.so
TEMP-DEBUG maps: 77d4b45000-77d517a000 r-xp 00124000 fd:01 2456                           /system/lib64/libjxl.so
TEMP-DEBUG maps: 77d8263000-77d8264000 r-xp 00001000 fd:01 2421                           /system/lib64/libhardware.so
TEMP-DEBUG maps: 77d8294000-77d8298000 r-xp 00005000 fd:01 2632                           /system/lib64/libtracing_perfetto.so
TEMP-DEBUG maps: 77d82c9000-77d82ea000 r-xp 00009000 fd:01 2485                           /system/lib64/liblzma.so
TEMP-DEBUG maps: 77d832d000-77d835f000 r-xp 00012000 fd:01 2282                           /system/lib64/libaudiofoundation.so
TEMP-DEBUG maps: 77d83d0000-77d83ef000 r-xp 0001f000 fd:01 2100                           /system/lib64/android.hardware.media.c2-V1-ndk.so
TEMP-DEBUG maps: 77d8406000-77d8408000 r-xp 00004000 fd:01 2677                           /system/lib64/process_info_service_aidl-cpp.so
TEMP-DEBUG maps: 77d8460000-77d846e000 r-xp 00010000 fd:01 2053                           /system/lib64/android.hardware.drm@1.3.so
TEMP-DEBUG maps: 77d849c000-77d84bd000 r-xp 00017000 fd:01 2601                           /system/lib64/libstagefright_foundation.so
TEMP-DEBUG maps: 77d84c8000-77d84ca000 r-xp 00001000 fd:01 2580                           /system/lib64/libshmemutil.so
TEMP-DEBUG maps: 77d8518000-77d8537000 r-xp 00017000 fd:01 2037                           /system/lib64/android.hardware.cas@1.0.so
TEMP-DEBUG maps: 77d8567000-77d8569000 r-xp 00002000 fd:01 2189                           /system/lib64/camera_platform_flags_c_lib.so
TEMP-DEBUG maps: 77d859d000-77d859f000 r-xp 00001000 fd:01 2446                           /system/lib64/libion.so
TEMP-DEBUG maps: 77d85ce000-77d85d2000 r-xp 00005000 fd:01 2169                           /system/lib64/android.system.suspend-V1-ndk.so
TEMP-DEBUG maps: 77d8614000-77d861b000 r-xp 00009000 fd:01 2521                           /system/lib64/libnativedisplay.so
TEMP-DEBUG maps: 77d866c000-77d86a8000 r-xp 00020000 fd:01 2349                           /system/lib64/libcodec2_client.so
TEMP-DEBUG maps: 77d86ed000-77d86ef000 r-xp 00002000 fd:01 2579                           /system/lib64/libshmemcompat.so
TEMP-DEBUG maps: 77d8722000-77d8729000 r-xp 00008000 fd:01 2146                           /system/lib64/android.hidl.memory.token@1.0.so
TEMP-DEBUG maps: 77d876b000-77d8770000 r-xp 00003000 fd:01 2178                           /system/lib64/audiopolicy-types-aidl-cpp.so
TEMP-DEBUG maps: 77d879c000-77d87a9000 r-xp 00006000 fd:01 2350                           /system/lib64/libcodec2_hal_common.so
TEMP-DEBUG maps: 77d87f1000-77d87f2000 r-xp 00002000 fd:01 2405                           /system/lib64/libfmq.so
TEMP-DEBUG maps: 77d881e000-77d885c000 r-xp 0001c000 fd:01 2551                           /system/lib64/libprocessgroup.so
TEMP-DEBUG maps: 77d89ad000-77d8b59000 r-xp 00102000 07:a8 36                             /apex/com.android.i18n/lib64/libicui18n.so
TEMP-DEBUG maps: 77d8bc3000-77d8bc4000 r-xp 00002000 fd:01 2512                           /system/lib64/libmemtrack.so
TEMP-DEBUG maps: 77da04b000-77da0f5000 r-xp 00026000 fd:01 2542                           /system/lib64/libperfetto_c.so
TEMP-DEBUG maps: 77da144000-77da147000 r-xp 00003000 fd:01 2074                           /system/lib64/android.hardware.graphics.common-V7-ndk.so
TEMP-DEBUG maps: 77da197000-77da198000 r-xp 00001000 fd:01 2430                           /system/lib64/libhidlallocatorutils.so
TEMP-DEBUG maps: 77da1db000-77da1f4000 r-xp 00015000 fd:01 2025                           /system/lib64/android.hardware.camera.device@3.2.so
TEMP-DEBUG maps: 77ddc52000-77ddc58000 r-xp 00006000 fd:01 2320                           /system/lib64/libbpf_bcc.so
TEMP-DEBUG maps: 77ddc84000-77ddc86000 r-xp 00001000 fd:01 1992                           /system/lib64/aconfig_mediacodec_flags_c_lib.so
TEMP-DEBUG maps: 77ddce0000-77ddcec000 r-xp 00006000 fd:01 2501                           /system/lib64/libmediametrics.so
TEMP-DEBUG maps: 77ddd18000-77ddd38000 r-xp 0000f000 fd:01 2439                           /system/lib64/libincfs.so
TEMP-DEBUG maps: 77ddd45000-77ddd47000 r-xp 00001000 fd:01 2156                           /system/lib64/android.media.audiopolicy-aconfig-cc.so
TEMP-DEBUG maps: 77ddd91000-77ddd94000 r-xp 00006000 fd:01 2204                           /system/lib64/framework-permission-aidl-cpp.so
TEMP-DEBUG maps: 77dddf9000-77dddfc000 r-xp 00004000 fd:01 2190                           /system/lib64/capture_state_listener-aidl-cpp.so
TEMP-DEBUG maps: 77dde2d000-77dde93000 r-xp 00029000 fd:01 2578                           /system/lib64/libsfplugin_ccodec_utils.so
TEMP-DEBUG maps: 77ddef0000-77ddffc000 r-xp 00014000 fd:01 2424                           /system/lib64/libharfbuzz_subset.so
TEMP-DEBUG maps: 77e10a0000-77e10d7000 r-xp 00029000 fd:01 2538                           /system/lib64/libpcre2.so
TEMP-DEBUG maps: 77e1156000-77e115d000 r-xp 00005000 fd:01 2600                           /system/lib64/libstagefright_codecbase.so
TEMP-DEBUG maps: 77e11af000-77e11ba000 r-xp 00006000 fd:01 2369                           /system/lib64/libdataloader.so
TEMP-DEBUG maps: 77e11d8000-77e11e1000 r-xp 0000b000 fd:01 2098                           /system/lib64/android.hardware.media.bufferpool2-V2-ndk.so
TEMP-DEBUG maps: 77e507c000-77e50a2000 r-xp 0001a000 fd:01 2503                           /system/lib64/libmediandk.so
TEMP-DEBUG maps: 77e50ec000-77e50fb000 r-xp 0001a000 fd:01 2372                           /system/lib64/libdebugstore_cxx.so
TEMP-DEBUG maps: 77e5132000-77e513a000 r-xp 00009000 fd:01 2070                           /system/lib64/android.hardware.graphics.allocator@3.0.so
TEMP-DEBUG maps: 77e5144000-77e5147000 r-xp 00001000 fd:01 2216                           /system/lib64/libETC1.so
TEMP-DEBUG maps: 77e518e000-77e518f000 r-xp 00001000 fd:01 2212                           /system/lib64/lib-camera-compatibility-info-api.so
TEMP-DEBUG maps: 77e51d8000-77e51d9000 r-xp 00001000 fd:01 2049                           /system/lib64/android.hardware.drm.common-V1-ndk.so
TEMP-DEBUG maps: 77e5209000-77e520b000 r-xp 00002000 fd:01 2453                           /system/lib64/libjpegdecoder.so
TEMP-DEBUG maps: 77e5254000-77e5278000 r-xp 0000e000 fd:01 2300                           /system/lib64/libbase.so
TEMP-DEBUG maps: 77e52b0000-77e52b8000 r-xp 00008000 fd:01 2676                           /system/lib64/packagemanager_aidl-cpp.so
TEMP-DEBUG maps: 77e52e2000-77e52ef000 r-xp 0000e000 fd:01 2226                           /system/lib64/libPlatformProperties.so
TEMP-DEBUG maps: 77e5359000-77e53cc000 r-xp 0002f000 fd:01 2410                           /system/lib64/libft2.so
TEMP-DEBUG maps: 77e5a4d000-77e5a56000 r-xp 00008000 fd:01 2499                           /system/lib64/libmediadrmmetrics_lite.so
TEMP-DEBUG maps: 77e5bb2000-77e5d9a000 r-xp 000f8000 fd:01 2442                           /system/lib64/libinput.so
TEMP-DEBUG maps: 77e986c000-77e986d000 r-xp 00001000 fd:01 2520                           /system/lib64/libnativebridge_lazy.so
TEMP-DEBUG maps: 77e98b8000-77e98ec000 r-xp 00022000 fd:01 2050                           /system/lib64/android.hardware.drm@1.0.so
TEMP-DEBUG maps: 77e992d000-77e9935000 r-xp 00009000 fd:01 2069                           /system/lib64/android.hardware.graphics.allocator@2.0.so
TEMP-DEBUG maps: 77e996c000-77e996f000 r-xp 00006000 fd:01 2218                           /system/lib64/libGLESv1_CM.so
TEMP-DEBUG maps: 77e9995000-77e9997000 r-xp 00003000 fd:01 2432                           /system/lib64/libhidlmemory.so
TEMP-DEBUG maps: 77e99d6000-77e99e2000 r-xp 00009000 fd:01 2366                           /system/lib64/libcutils.so
TEMP-DEBUG maps: 77e9a9f000-77e9bc2000 r-xp 0009d000 fd:01 2516                           /system/lib64/libminikin.so
TEMP-DEBUG maps: 77e9c1c000-77e9c1f000 r-xp 00005000 fd:01 2106                           /system/lib64/android.hardware.memtrack-V1-ndk.so
TEMP-DEBUG maps: 77e9c5b000-77e9c74000 r-xp 00015000 fd:01 2099                           /system/lib64/android.hardware.media.bufferpool@2.0.so
TEMP-DEBUG maps: 77e9c9a000-77e9c9b000 r-xp 00001000 fd:01 1998                           /system/lib64/android.database.sqlite-aconfig-cc.so
TEMP-DEBUG maps: 77e9ccd000-77e9ccf000 r-xp 00002000 fd:01 2192                           /system/lib64/com.android.media.audio-aconfig-cc.so
TEMP-DEBUG maps: 77e9d36000-77e9db6000 r-xp 00030000 fd:1e 110                            /apex/com.android.art/lib64/libunwindstack.so
TEMP-DEBUG maps: 77e9de6000-77e9de7000 r-xp 00001000 fd:01 2652                           /system/lib64/libvndksupport.so
TEMP-DEBUG maps: 77e9e29000-77e9e69000 r-xp 0001f000 fd:01 2176                           /system/lib64/audioflinger-aidl-cpp.so
TEMP-DEBUG maps: 77e9edb000-77e9f58000 r-xp 0004c000 fd:01 2305                           /system/lib64/libbinder.so
TEMP-DEBUG maps: 77e9fe2000-77e9fed000 r-xp 0000b000 fd:01 2085                           /system/lib64/android.hardware.graphics.mapper@3.0.so
TEMP-DEBUG maps: 77edaaa000-77edb55000 r-xp 0003b000 fd:01 2577                           /system/lib64/libsfplugin_ccodec.so
TEMP-DEBUG maps: 77edbb0000-77edbb7000 r-xp 00012000 fd:01 2220                           /system/lib64/libGLESv2.so
TEMP-DEBUG maps: 77edbeb000-77edbec000 r-xp 00001000 fd:01 2331                           /system/lib64/libcameracompatbilityinfo.so
TEMP-DEBUG maps: 77ee054000-77ee069000 r-xp 00014000 fd:01 2103                           /system/lib64/android.hardware.media.c2@1.2.so
TEMP-DEBUG maps: 77ee104000-77ee190000 r-xp 0007a000 fd:1e 91                             /apex/com.android.art/lib64/libc++.so
TEMP-DEBUG maps: 77ee1d3000-77ee1d4000 r-xp 00001000 fd:01 2522                           /system/lib64/libnativeloader_lazy.so
TEMP-DEBUG maps: 77ee21c000-77ee21e000 r-xp 00003000 fd:01 2289                           /system/lib64/libaudiomanager.so
TEMP-DEBUG maps: 77ee269000-77ee26e000 r-xp 00005000 fd:01 2180                           /system/lib64/av-types-aidl-cpp.so
TEMP-DEBUG maps: 77ee29d000-77ee2a2000 r-xp 00004000 fd:01 2543                           /system/lib64/libperfetto_framework_jni.so
TEMP-DEBUG maps: 77ee2e7000-77ee2ef000 r-xp 00009000 fd:01 2145                           /system/lib64/android.hidl.allocator@1.0.so
TEMP-DEBUG maps: 77ee306000-77ee308000 r-xp 00002000 fd:01 2492                           /system/lib64/libmedia_jni_utils.so
TEMP-DEBUG maps: 77ee35d000-77ee370000 r-xp 00011000 fd:01 2306                           /system/lib64/libbinder_ndk.so
TEMP-DEBUG maps: 77ee3a9000-77ee3ec000 r-xp 00028000 fd:01 2437                           /system/lib64/libimage_io.so
TEMP-DEBUG maps: 77ee44f000-77ee49c000 r-xp 00017000 fd:01 2298                           /system/lib64/libaudioutils.so
TEMP-DEBUG maps: 77ee4e4000-77ee4f7000 r-xp 0000a000 fd:01 2629                           /system/lib64/libtinyxml2.so
TEMP-DEBUG maps: 77ee55a000-77ee5b0000 r-xp 00036000 fd:01 2329                           /system/lib64/libcamera_client.so
TEMP-DEBUG maps: 77ee5cc000-77ee5cd000 r-xp 00001000 07:b0 44                             /apex/com.android.runtime/lib64/bionic/libdl_android.so
TEMP-DEBUG maps: 77efa69000-77efa6a000 r-xp 00001000 fd:01 2536                           /system/lib64/libpackagelistparser.so
TEMP-DEBUG maps: 77efa8e000-77efaa1000 r-xp 00007000 fd:01 2608                           /system/lib64/libstagefright_xmlparser.so
TEMP-DEBUG maps: 77efad5000-77efaf9000 r-xp 0000e000 fd:1e 90                             /apex/com.android.art/lib64/libbase.so
TEMP-DEBUG maps: 77efb19000-77efb33000 r-xp 0000a000 fd:01 2509                           /system/lib64/libmeminfo.so
TEMP-DEBUG maps: 77efb4b000-77efb4e000 r-xp 00004000 fd:01 2671                           /system/lib64/mediametricsservice-aidl-cpp.so
TEMP-DEBUG maps: 77efba7000-77efbb7000 r-xp 00008000 fd:01 2291                           /system/lib64/libaudiopolicy.so
TEMP-DEBUG maps: 77efbe8000-77efbe9000 r-xp 00001000 fd:01 2148                           /system/lib64/android.hidl.safe_union@1.0.so
TEMP-DEBUG maps: 77efc0e000-77efc10000 r-xp 00001000 fd:01 2353                           /system/lib64/libcodec2_hidl_client@1.2.so
TEMP-DEBUG maps: 77efc4b000-77efc5c000 r-xp 00009000 fd:01 2438                           /system/lib64/libimg_utils.so
TEMP-DEBUG maps: 77efc98000-77efc9f000 r-xp 00009000 fd:01 2544                           /system/lib64/libpermission.so
TEMP-DEBUG maps: 77efcc9000-77efcea000 r-xp 00009000 fd:1e 99                             /apex/com.android.art/lib64/liblzma.so
TEMP-DEBUG maps: 77efd31000-77efd32000 r-xp 00002000 fd:01 1994                           /system/lib64/aconfig_view_accessibility_flags_c_lib.so
TEMP-DEBUG maps: 77efd8c000-77efdad000 r-xp 00015000 fd:01 2214                           /system/lib64/libEGL.so
TEMP-DEBUG maps: 77efddb000-77efdf9000 r-xp 0001a000 fd:01 2051                           /system/lib64/android.hardware.drm@1.1.so
TEMP-DEBUG maps: 77efe18000-77efe36000 r-xp 00014000 fd:01 2655                           /system/lib64/libvulkan.so
TEMP-DEBUG maps: 77efe51000-77efe53000 r-xp 00004000 fd:01 1996                           /system/lib64/android.companion.virtual.virtualdevice_aidl-cpp.so
TEMP-DEBUG maps: 77efe9f000-77efea1000 r-xp 00001000 fd:01 2193                           /system/lib64/com.android.media.audioclient-aconfig-cc.so
TEMP-DEBUG maps: 77efeef000-77efef0000 r-xp 00001000 fd:01 2620                           /system/lib64/libsync.so
TEMP-DEBUG maps: 77eff3d000-77eff9b000 r-xp 00039000 fd:01 2487                           /system/lib64/libmedia.so
TEMP-DEBUG maps: 77f01f4000-77f0964000 r-xp 00200000 fd:01 2435                           /system/lib64/libhwui.so
TEMP-DEBUG maps: 77f3ca8000-77f3d7c000 r-xp 00073000 fd:01 2555                           /system/lib64/libprotobuf-cpp-lite.so
TEMP-DEBUG maps: 77f6ee1000-77f6f6d000 r-xp 0007a000 fd:01 2326                           /system/lib64/libc++.so
TEMP-DEBUG maps: 77f8651000-77f8660000 r-xp 0000d000 fd:01 2147                           /system/lib64/android.hidl.memory@1.0.so
TEMP-DEBUG maps: 77f86a5000-77f86a6000 r-xp 00001000 fd:01 2077                           /system/lib64/android.hardware.graphics.common@1.2.so
TEMP-DEBUG maps: 77f8709000-77f87f0000 r-xp 00041000 fd:01 2261                           /system/lib64/libandroidfw.so
TEMP-DEBUG maps: 77fac51000-77fac60000 r-xp 0000e000 fd:01 2086                           /system/lib64/android.hardware.graphics.mapper@4.0.so
TEMP-DEBUG maps: 77fac9d000-77facba000 r-xp 0001b000 fd:01 2078                           /system/lib64/android.hardware.graphics.composer3-V4-ndk.so
TEMP-DEBUG maps: 77face2000-77face4000 r-xp 00001000 fd:01 2604                           /system/lib64/libstagefright_http_support.so
TEMP-DEBUG maps: 77fad15000-77fad16000 r-xp 00002000 fd:01 2039                           /system/lib64/android.hardware.common-V2-ndk.so
TEMP-DEBUG maps: 77fad61000-77fad78000 r-xp 00013000 fd:01 2073                           /system/lib64/android.hardware.graphics.bufferqueue@2.0.so
TEMP-DEBUG maps: 77fada6000-77fada9000 r-xp 00002000 fd:01 2644                           /system/lib64/libusbhost.so
TEMP-DEBUG maps: 77fadf3000-77fadfc000 r-xp 00009000 fd:01 2150                           /system/lib64/android.hidl.token@1.0.so
TEMP-DEBUG maps: 77faebb000-77fafaa000 r-xp 00099000 fd:01 2418                           /system/lib64/libgui.so
TEMP-DEBUG maps: 77fd47c000-77fd47e000 r-xp 00002000 fd:01 2678                           /system/lib64/server_configurable_flags.so
TEMP-DEBUG maps: 77fd495000-77fd4af000 r-xp 00015000 fd:01 2072                           /system/lib64/android.hardware.graphics.bufferqueue@1.0.so
TEMP-DEBUG maps: 77fd4ee000-77fd4ef000 r-xp 00001000 fd:01 2105                           /system/lib64/android.hardware.media@1.0.so
TEMP-DEBUG maps: 77fd531000-77fd534000 r-xp 00004000 fd:01 2682                           /system/lib64/volumegroupcallback-aidl-cpp.so
TEMP-DEBUG maps: 77fd551000-77fd558000 r-xp 00006000 fd:01 2203                           /system/lib64/effect-aidl-cpp.so
TEMP-DEBUG maps: 77fd595000-77fd5a2000 r-xp 0000d000 fd:01 2043                           /system/lib64/android.hardware.configstore@1.0.so
TEMP-DEBUG maps: 77fd5de000-77fd5e3000 r-xp 00005000 fd:01 1997                           /system/lib64/android.companion.virtualdevice.flags-aconfig-cc.so
TEMP-DEBUG maps: 77fd649000-77fd721000 r-xp 00035000 fd:01 2592                           /system/lib64/libsqlite.so
TEMP-DEBUG maps: 77fd76a000-77fd774000 r-xp 0000c000 fd:01 2569                           /system/lib64/libsensor.so
TEMP-DEBUG maps: 77fd7a3000-77fd7b3000 r-xp 0000e000 fd:01 2490                           /system/lib64/libmedia_helper.so
TEMP-DEBUG maps: 77fd7db000-77fd7e2000 r-xp 00006000 fd:01 2330                           /system/lib64/libcamera_metadata.so
TEMP-DEBUG maps: 77fd8a7000-77fd933000 r-xp 0007a000 fd:01 2326                           /system/lib64/libc++.so
TEMP-DEBUG maps: 77fd9ab000-77fd9b3000 r-xp 00009000 fd:01 2107                           /system/lib64/android.hardware.memtrack@1.0.so
TEMP-DEBUG maps: 77fd9d2000-77fd9de000 r-xp 00009000 fd:01 2681                           /system/lib64/spatializer-aidl-cpp.so
TEMP-DEBUG maps: 77ffc65000-77ffc7a000 r-xp 0000f000 fd:01 2264                           /system/lib64/libapexsupport.so
TEMP-DEBUG maps: 77ffc96000-77ffc97000 r-xp 00001000 fd:01 2075                           /system/lib64/android.hardware.graphics.common@1.0.so
TEMP-DEBUG maps: 77ffce9000-77ffcf7000 r-xp 00008000 fd:01 2527                           /system/lib64/libnetdutils.so
TEMP-DEBUG maps: 77ffd15000-77ffd3a000 r-xp 0000c000 fd:01 2489                           /system/lib64/libmedia_codeclist_capabilities.so
TEMP-DEBUG maps: 77ffd62000-77ffd6d000 r-xp 00005000 fd:01 2310                           /system/lib64/libbinderdebug.so
TEMP-DEBUG maps: 77ffdbd000-77ffdbf000 r-xp 00005000 07:a8 31                             /apex/com.android.i18n/lib64/libandroidicu.so
TEMP-DEBUG maps: 77ffdd8000-77ffdfb000 r-xp 00013000 fd:01 2596                           /system/lib64/libstagefright_aidl_bufferpool2.so
TEMP-DEBUG maps: 77ffe53000-77ffe8c000 r-xp 0002a000 fd:01 2635                           /system/lib64/libui.so
TEMP-DEBUG maps: 77ffedd000-77ffee1000 r-xp 00003000 fd:01 2603                           /system/lib64/libstagefright_graphicbuffersource_aidl.so
TEMP-DEBUG maps: 77fff23000-77fff24000 r-xp 00001000 fd:01 2385                           /system/lib64/libegl_flags.so
TEMP-DEBUG maps: 77fff6c000-77fff6d000 r-xp 00002000 fd:01 1993                           /system/lib64/aconfig_text_flags_c_lib.so
TEMP-DEBUG maps: 77fffa6000-77fffb2000 r-xp 00006000 fd:01 2175                           /system/lib64/audioclient-types-aidl-cpp.so
TEMP-DEBUG maps: 77ffff8000-77ffff9000 r-xp 00002000 fd:01 2553                           /system/lib64/libprocinfo.so
TEMP-DEBUG maps: 7802c6a000-7802c71000 r-xp 00005000 fd:01 2265                           /system/lib64/libappfuse.so
TEMP-DEBUG maps: 7802ca0000-7802caa000 r-xp 0000c000 fd:01 2044                           /system/lib64/android.hardware.configstore@1.1.so
TEMP-DEBUG maps: 7802cf2000-7802d2c000 r-xp 00012000 fd:01 2514                           /system/lib64/libmemunreachable.so
TEMP-DEBUG maps: 7802d4e000-7802d51000 r-xp 00002000 fd:01 2591                           /system/lib64/libspeexresampler.so
TEMP-DEBUG maps: 7802dbb000-7802de7000 r-xp 00014000 fd:01 2269                           /system/lib64/libaudio_aidl_conversion_common_cpp.so
TEMP-DEBUG maps: 7802eb7000-7802eda000 r-xp 00078000 fd:01 2361                           /system/lib64/libcrypto.so
TEMP-DEBUG maps: 7802eda000-7802f43000 --xp 0009b000 fd:01 2361                           /system/lib64/libcrypto.so
TEMP-DEBUG maps: 7802f43000-7802fc3000 r-xp 00104000 fd:01 2361                           /system/lib64/libcrypto.so
TEMP-DEBUG maps: 7805847000-7805849000 r-xp 00001000 fd:01 2504                           /system/lib64/libmediandk_utils.so
TEMP-DEBUG maps: 780589c000-78058a7000 r-xp 00007000 fd:01 2488                           /system/lib64/libmedia_codeclist.so
TEMP-DEBUG maps: 7805900000-7805980000 r-xp 00030000 fd:01 2639                           /system/lib64/libunwindstack.so
TEMP-DEBUG maps: 780705b000-780705e000 r-xp 0000c000 07:a8 34                             /apex/com.android.i18n/lib64/libicu.so
TEMP-DEBUG maps: 7807088000-7807093000 r-xp 00008000 fd:01 2415                           /system/lib64/libgralloctypes.so
TEMP-DEBUG maps: 7807177000-7807318000 r-xp 000b6000 fd:01 2376                           /system/lib64/libdng_sdk.so
TEMP-DEBUG maps: 78073ce000-78073d8000 r-xp 0000a000 fd:01 2083                           /system/lib64/android.hardware.graphics.mapper@2.0.so
TEMP-DEBUG maps: 7807c16000-7807c4d000 r-xp 00015000 fd:01 2177                           /system/lib64/audiopolicy-aidl-cpp.so
TEMP-DEBUG maps: 7807cd1000-7807cf5000 r-xp 00025000 fd:01 2054                           /system/lib64/android.hardware.drm@1.4.so
TEMP-DEBUG maps: 7807d2e000-7807d35000 r-xp 00012000 fd:01 2222                           /system/lib64/libGLESv3.so
TEMP-DEBUG maps: 7807d4b000-7807d4c000 r-xp 00001000 fd:01 2076                           /system/lib64/android.hardware.graphics.common@1.1.so
TEMP-DEBUG maps: 7807da8000-7807dad000 r-xp 00005000 fd:01 2174                           /system/lib64/audio-permission-aidl-cpp.so
TEMP-DEBUG maps: 7807dd8000-7807de9000 r-xp 00009000 fd:01 2351                           /system/lib64/libcodec2_hidl_client@1.0.so
TEMP-DEBUG maps: 7807e62000-7807f05000 r-xp 00059000 07:b0 41                             /apex/com.android.runtime/lib64/bionic/libc.so
TEMP-DEBUG maps: 7807f75000-7807f7a000 r-xp 00003000 fd:01 2526                           /system/lib64/libnetd_client.so
TEMP-DEBUG maps: 7807fae000-7807faf000 r-xp 00001000 fd:01 2257                           /system/lib64/libandroid_net.so
TEMP-DEBUG maps: 7807fea000-7807ff3000 r-xp 00008000 fd:01 2416                           /system/lib64/libgraphicsenv.so
TEMP-DEBUG maps: 780b764000-780b937000 r-xp 000f3000 fd:01 2258                           /system/lib64/libandroid_runtime.so
TEMP-DEBUG maps: 780b9d2000-780b9f2000 r-xp 00009000 fd:01 2390                           /system/lib64/libexpat.so
TEMP-DEBUG maps: 780e659000-780e66f000 r-xp 00014000 fd:01 2048                           /system/lib64/android.hardware.drm-V2-ndk.so
TEMP-DEBUG maps: 780e6df000-780e737000 r-xp 00031000 fd:01 2496                           /system/lib64/libmediadrm.so
TEMP-DEBUG maps: 780e75e000-780e767000 r-xp 00004000 fd:01 2321                           /system/lib64/libbpf_minimal.so
TEMP-DEBUG maps: 780e7af000-780e7b7000 r-xp 00009000 fd:01 2071                           /system/lib64/android.hardware.graphics.allocator@4.0.so
TEMP-DEBUG maps: 780e7cd000-780e7db000 r-xp 00008000 fd:01 2240                           /system/lib64/libaconfig_storage_read_api_cc.so
TEMP-DEBUG maps: 780e8c8000-780e9e9000 r-xp 000c4000 07:a8 37                             /apex/com.android.i18n/lib64/libicuuc.so
TEMP-DEBUG maps: 7810645000-7810648000 r-xp 00002000 fd:01 2494                           /system/lib64/libmedia_omx_client.so
TEMP-DEBUG maps: 7810698000-78106aa000 r-xp 0000e000 fd:01 2645                           /system/lib64/libutils.so
TEMP-DEBUG maps: 78106eb000-78106f7000 r-xp 00009000 fd:01 2665                           /system/lib64/libziparchive.so
TEMP-DEBUG maps: 781072c000-7810762000 r-xp 0001a000 fd:01 2638                           /system/lib64/libultrahdr.so
TEMP-DEBUG maps: 7810793000-78107de000 r-xp 0000e000 fd:01 2452                           /system/lib64/libjpeg.so
TEMP-DEBUG maps: 781082b000-781082d000 r-xp 00001000 fd:01 2352                           /system/lib64/libcodec2_hidl_client@1.1.so
TEMP-DEBUG maps: 781084a000-7810852000 r-xp 0000a000 fd:01 2036                           /system/lib64/android.hardware.cas.native@1.0.so
TEMP-DEBUG maps: 781088b000-781088c000 r-xp 00002000 fd:01 2149                           /system/lib64/android.hidl.token@1.0-utils.so
TEMP-DEBUG maps: 78108f5000-7810930000 r-xp 0001a000 fd:01 2276                           /system/lib64/libaudioclient_aidl_conversion.so
TEMP-DEBUG maps: 7810952000-781097b000 r-xp 00010000 fd:01 2547                           /system/lib64/libpng.so
TEMP-DEBUG maps: 78109b0000-78109e8000 r-xp 00027000 fd:01 2104                           /system/lib64/android.hardware.media.omx@1.0.so
TEMP-DEBUG maps: 7810a2b000-7810a59000 r-xp 00028000 fd:01 2052                           /system/lib64/android.hardware.drm@1.2.so
TEMP-DEBUG maps: 7810a99000-7810abd000 r-xp 00014000 07:b0 45                             /apex/com.android.runtime/lib64/bionic/libm.so
TEMP-DEBUG maps: 7810aeb000-7810aec000 r-xp 00002000 fd:01 2038                           /system/lib64/android.hardware.common-V2-cpp.so
TEMP-DEBUG maps: 7810b21000-7810b34000 r-xp 00008000 fd:01 2568                           /system/lib64/libselinux.so
TEMP-DEBUG maps: 7810b53000-7810b56000 r-xp 00005000 fd:01 2523                           /system/lib64/libnativewindow.so
TEMP-DEBUG maps: 7810b98000-7810ba3000 r-xp 00008000 fd:01 2205                           /system/lib64/graphicbuffersource-aidl-ndk.so
TEMP-DEBUG maps: 7810bd0000-7810bde000 r-xp 00009000 fd:01 2375                           /system/lib64/libdmabufheap.so
TEMP-DEBUG maps: 7810c3c000-7810c60000 r-xp 0001a000 fd:01 2660                           /system/lib64/libwilhelm.so
TEMP-DEBUG maps: 7810d45000-7810eb2000 r-xp 0009d000 fd:01 2595                           /system/lib64/libstagefright.so
TEMP-DEBUG maps: 7810f40000-7810fa3000 r-xp 0002f000 fd:01 2505                           /system/lib64/libmediautils.so
TEMP-DEBUG maps: 7810fd0000-7810fda000 r-xp 0000b000 fd:01 2084                           /system/lib64/android.hardware.graphics.mapper@2.1.so
TEMP-DEBUG maps: 781246c000-7812470000 r-xp 00003000 fd:01 2371                           /system/lib64/libdebuggerd_client.so
TEMP-DEBUG maps: 78124b1000-78124b5000 r-xp 00005000 fd:01 2068                           /system/lib64/android.hardware.graphics.allocator-V2-ndk.so
TEMP-DEBUG maps: 78124cd000-78124cf000 r-xp 00002000 fd:01 2454                           /system/lib64/libjpegencoder.so
TEMP-DEBUG maps: 781253b000-781253e000 r-xp 00002000 fd:01 2607                           /system/lib64/libstagefright_surface_utils.so
TEMP-DEBUG maps: 7812547000-7812549000 r-xp 00002000 fd:01 2606                           /system/lib64/libstagefright_omx_utils.so
TEMP-DEBUG maps: 7812591000-78125a5000 r-xp 0000f000 fd:01 2370                           /system/lib64/libdatasource.so
TEMP-DEBUG maps: 78125ec000-78125ed000 r-xp 00001000 fd:01 2042                           /system/lib64/android.hardware.configstore-utils.so
TEMP-DEBUG maps: 781261f000-781263c000 r-xp 00011000 fd:01 2339                           /system/lib64/libclang_rt.ubsan_standalone-aarch64-android.so
TEMP-DEBUG maps: 78128e5000-78128f5000 r-xp 0000f000 fd:01 2495                           /system/lib64/libmedia_quality_include.so
TEMP-DEBUG maps: 7812936000-7812937000 r-xp 00001000 fd:01 2347                           /system/lib64/libcodec2.so
TEMP-DEBUG maps: 7812971000-781297b000 r-xp 00005000 fd:01 2477                           /system/lib64/liblog.so
TEMP-DEBUG maps: 781299d000-781299e000 r-xp 00001000 fd:01 2023                           /system/lib64/android.hardware.camera.common@1.0.so
TEMP-DEBUG maps: 78129e8000-78129e9000 r-xp 00002000 fd:01 2301                           /system/lib64/libbattery.so
TEMP-DEBUG maps: 7814e51000-7814e75000 r-xp 0000e000 fd:01 2300                           /system/lib64/libbase.so
TEMP-DEBUG maps: 7814eb4000-7814eb5000 r-xp 00001000 fd:01 2259                           /system/lib64/libandroid_runtime_lazy.so
TEMP-DEBUG maps: 7814f12000-7814fef000 r-xp 0003c000 fd:01 2423                           /system/lib64/libharfbuzz_ng.so
TEMP-DEBUG maps: 7815441000-7815442000 r-xp 00001000 fd:01 2040                           /system/lib64/android.hardware.common.fmq-V1-cpp.so
TEMP-DEBUG maps: 781548e000-78154a6000 r-xp 00009000 fd:1e 102                            /apex/com.android.art/lib64/libnativeloader.so
TEMP-DEBUG maps: 78154c9000-78154ca000 r-xp 00001000 fd:01 2041                           /system/lib64/android.hardware.common.fmq-V1-ndk.so
TEMP-DEBUG maps: 781552b000-781553d000 r-xp 00006000 fd:01 2545                           /system/lib64/libpiex.so
TEMP-DEBUG maps: 781555f000-7815573000 r-xp 00012000 fd:01 2102                           /system/lib64/android.hardware.media.c2@1.1.so
TEMP-DEBUG maps: 7815595000-78155b1000 r-xp 00010000 fd:01 2602                           /system/lib64/libstagefright_framecapture_utils.so
TEMP-DEBUG maps: 78155ce000-78155e2000 r-xp 0000b000 fd:01 2348                           /system/lib64/libcodec2_aidl_client.so
TEMP-DEBUG maps: 781566e000-7815720000 r-xp 00052000 fd:01 2275                           /system/lib64/libaudioclient.so
TEMP-DEBUG maps: 7815788000-78157e0000 r-xp 0003f000 fd:01 2431                           /system/lib64/libhidlbase.so
TEMP-DEBUG maps: 7815822000-7815827000 r-xp 00002000 fd:1e 109                            /apex/com.android.art/lib64/libsigchain.so
TEMP-DEBUG maps: 781584d000-781585a000 r-xp 00008000 fd:01 2599                           /system/lib64/libstagefright_bufferqueue_helper.so
TEMP-DEBUG maps: 78158a7000-78158b7000 r-xp 00008000 fd:01 2663                           /system/lib64/libz.so
TEMP-DEBUG maps: 7815912000-7815939000 r-xp 00017000 fd:01 2598                           /system/lib64/libstagefright_bufferpool@2.0.1.so
TEMP-DEBUG maps: 7815961000-7815964000 r-xp 00003000 fd:01 2422                           /system/lib64/libhardware_legacy.so
TEMP-DEBUG maps: 78159b6000-78159b8000 r-xp 0000c000 fd:01 2196                           /system/lib64/com.android.window.flags.window-aconfig_flags_c_lib.so
TEMP-DEBUG maps: 78159d0000-78159e4000 r-xp 0000d000 fd:01 2153                           /system/lib64/android.media.audio.common.types-V4-cpp.so
TEMP-DEBUG maps: 7815a09000-7815a0b000 r-xp 00002000 fd:1e 100                            /apex/com.android.art/lib64/libnativebridge.so
TEMP-DEBUG maps: 7815a4b000-7815a55000 r-xp 00009000 fd:01 2232                           /system/lib64/libSurfaceFlingerProp.so
TEMP-DEBUG maps: 7815a95000-7815ab7000 r-xp 00014000 fd:01 2525                           /system/lib64/libnblog.so
TEMP-DEBUG maps: 78178d9000-78178da000 r-xp 00000000 00:00 0                              [vdso]
TEMP-DEBUG maps: 7817928000-7817a9a000 r-xp 0004e000 07:b0 16                             /apex/com.android.runtime/bin/linker64
TEMP-DEBUG exec segments at injection: 249
remote mapped /data/adb/modules/rezygisk/lib/libzygisk.so at 0xe5277000 (size 0x109000), entry 0xe52dd34d
cp request: action=0
Received Zygote32 injected command
status updated: Monitor: ✅, ReZygisk 64-bit: ✅, ReZygisk 32-bit: ✅
client entry call returned 0x1
invoke entry
inject done, continuing process
received SIGCONT, detaching zygote
trace complete, zygote 11040 released
remote mapped /data/adb/modules/rezygisk/lib64/libzygisk.so at 0x100000000 (size 0x184000), entry 0x1000ad324, backing=memfd
process 11041 stopped by SIGCHLD, continue
cp request: action=0
Received Zygote64 injected command
status updated: Monitor: ✅, ReZygisk 64-bit: ✅, ReZygisk 32-bit: ✅
client entry call returned 0x17373f60
invoke entry
inject done, continuing process
received SIGCONT, detaching zygote
trace complete, zygote 11041 released
cp request: action=3
ReZygiskd32 already running
handoff tracer: pid=11183 program=/system/bin/app_process32 tracer=./bin/zygisk-ptrace32 tango=no
exec tracer command: ./bin/zygisk-ptrace32 trace 11183 --restart
tracer 1.0.0 online

=== [zygisk-ptrace trace] pid=11185 epoch=1790029497 stdio redirected ===
cp request: action=6
ReZygiskd64 already running
handoff tracer: pid=11190 program=/system/bin/app_process64 tracer=./bin/zygisk-ptrace64 tango=no
start tracing 11183 (tracer 11185)
injecting /data/adb/modules/rezygisk/lib/libzygisk.so to zygote 11183
exec tracer command: ./bin/zygisk-ptrace64 trace 11190 --restart
tracer 1.0.0 online

=== [zygisk-ptrace trace] pid=11194 epoch=1790029497 stdio redirected ===
cp request: action=6
start tracing 11190 (tracer 11194)
injecting /data/adb/modules/rezygisk/lib64/libzygisk.so to zygote 11190
TEMP-DEBUG maps: 5f2d7cc000-5f2d7ce000 r-xp 00002000 fd:01 223                            /system/bin/app_process64
TEMP-DEBUG maps: 7518116000-7518186000 r-xp 00049000 fd:01 2355                           /system/lib64/libcodec2_vndk.so
TEMP-DEBUG maps: 751b8df000-751b9b3000 r-xp 00073000 fd:01 2555                           /system/lib64/libprotobuf-cpp-lite.so
TEMP-DEBUG maps: 751e657000-751e65e000 r-xp 00005000 fd:01 2600                           /system/lib64/libstagefright_codecbase.so
TEMP-DEBUG maps: 751e69b000-751e6b1000 r-xp 00014000 fd:01 2048                           /system/lib64/android.hardware.drm-V2-ndk.so
TEMP-DEBUG maps: 751e6e8000-751e6fc000 r-xp 0000d000 fd:01 2153                           /system/lib64/android.media.audio.common.types-V4-cpp.so
TEMP-DEBUG maps: 751e742000-751e7ec000 r-xp 00026000 fd:01 2542                           /system/lib64/libperfetto_c.so
TEMP-DEBUG maps: 752125f000-7521260000 r-xp 00001000 fd:01 2076                           /system/lib64/android.hardware.graphics.common@1.1.so
TEMP-DEBUG maps: 75212b3000-75212b5000 r-xp 00003000 fd:01 2432                           /system/lib64/libhidlmemory.so
TEMP-DEBUG maps: 75212cd000-75212e7000 r-xp 0000a000 fd:01 2509                           /system/lib64/libmeminfo.so
TEMP-DEBUG maps: 7521320000-752132f000 r-xp 0000d000 fd:01 2147                           /system/lib64/android.hidl.memory@1.0.so
TEMP-DEBUG maps: 7521370000-752137d000 r-xp 0000d000 fd:01 2043                           /system/lib64/android.hardware.configstore@1.0.so
TEMP-DEBUG maps: 75213ae000-75213b0000 r-xp 00003000 fd:01 2289                           /system/lib64/libaudiomanager.so
TEMP-DEBUG maps: 75213e6000-75213e7000 r-xp 00001000 fd:01 2040                           /system/lib64/android.hardware.common.fmq-V1-cpp.so
TEMP-DEBUG maps: 7521425000-752142d000 r-xp 0000a000 fd:01 2036                           /system/lib64/android.hardware.cas.native@1.0.so
TEMP-DEBUG maps: 7521472000-7521476000 r-xp 00005000 fd:01 2068                           /system/lib64/android.hardware.graphics.allocator-V2-ndk.so
TEMP-DEBUG maps: 75214a8000-75214ad000 r-xp 00005000 fd:01 2174                           /system/lib64/audio-permission-aidl-cpp.so
TEMP-DEBUG maps: 75214e4000-75214e5000 r-xp 00001000 fd:01 2023                           /system/lib64/android.hardware.camera.common@1.0.so
TEMP-DEBUG maps: 7521504000-7521506000 r-xp 00001000 fd:01 1992                           /system/lib64/aconfig_mediacodec_flags_c_lib.so
TEMP-DEBUG maps: 752157e000-75215e4000 r-xp 00029000 fd:01 2578                           /system/lib64/libsfplugin_ccodec_utils.so
TEMP-DEBUG maps: 7521725000-7521d5a000 r-xp 00124000 fd:01 2456                           /system/lib64/libjxl.so
TEMP-DEBUG maps: 7522acf000-7522bbe000 r-xp 00099000 fd:01 2418                           /system/lib64/libgui.so
TEMP-DEBUG maps: 7524a59000-7524a7a000 r-xp 00017000 fd:01 2601                           /system/lib64/libstagefright_foundation.so
TEMP-DEBUG maps: 7524a90000-7524a9a000 r-xp 0000c000 fd:01 2569                           /system/lib64/libsensor.so
TEMP-DEBUG maps: 7524af4000-7524b11000 r-xp 00011000 fd:01 2339                           /system/lib64/libclang_rt.ubsan_standalone-aarch64-android.so
TEMP-DEBUG maps: 7524da1000-7524db4000 r-xp 00008000 fd:01 2568                           /system/lib64/libselinux.so
TEMP-DEBUG maps: 7524dd7000-7524df5000 r-xp 00014000 fd:01 2655                           /system/lib64/libvulkan.so
TEMP-DEBUG maps: 7525256000-7525258000 r-xp 00004000 fd:01 2213                           /system/lib64/lib-platform-compat-native-api.so
TEMP-DEBUG maps: 7525292000-7525293000 r-xp 00001000 fd:01 2620                           /system/lib64/libsync.so
TEMP-DEBUG maps: 75252cf000-75252d2000 r-xp 00005000 fd:01 2106                           /system/lib64/android.hardware.memtrack-V1-ndk.so
TEMP-DEBUG maps: 752531e000-752531f000 r-xp 00001000 fd:01 2041                           /system/lib64/android.hardware.common.fmq-V1-ndk.so
TEMP-DEBUG maps: 7525350000-7525361000 r-xp 00009000 fd:01 2351                           /system/lib64/libcodec2_hidl_client@1.0.so
TEMP-DEBUG maps: 75253a4000-75253ac000 r-xp 00009000 fd:01 2070                           /system/lib64/android.hardware.graphics.allocator@3.0.so
TEMP-DEBUG maps: 75253c3000-75253cc000 r-xp 00003000 fd:01 2626                           /system/lib64/libtimeinstate.so
TEMP-DEBUG maps: 752541d000-7525432000 r-xp 0000f000 fd:01 2264                           /system/lib64/libapexsupport.so
TEMP-DEBUG maps: 75254a7000-7525584000 r-xp 0003c000 fd:01 2423                           /system/lib64/libharfbuzz_ng.so
TEMP-DEBUG maps: 7526c41000-7526c44000 r-xp 00001000 fd:01 2216                           /system/lib64/libETC1.so
TEMP-DEBUG maps: 7526ca6000-7526cbb000 r-xp 00014000 fd:01 2103                           /system/lib64/android.hardware.media.c2@1.2.so
TEMP-DEBUG maps: 7526cf4000-7526d74000 r-xp 00030000 fd:1e 110                            /apex/com.android.art/lib64/libunwindstack.so
TEMP-DEBUG maps: 7526da0000-7526dbd000 r-xp 0001b000 fd:01 2078                           /system/lib64/android.hardware.graphics.composer3-V4-ndk.so
TEMP-DEBUG maps: 7526dca000-7526dcc000 r-xp 00001000 fd:01 2504                           /system/lib64/libmediandk_utils.so
TEMP-DEBUG maps: 7526e0f000-7526e10000 r-xp 00001000 fd:01 2331                           /system/lib64/libcameracompatbilityinfo.so
TEMP-DEBUG maps: 7526e55000-7526e5d000 r-xp 00009000 fd:01 2107                           /system/lib64/android.hardware.memtrack@1.0.so
TEMP-DEBUG maps: 7526e9f000-7526eb8000 r-xp 00015000 fd:01 2099                           /system/lib64/android.hardware.media.bufferpool@2.0.so
TEMP-DEBUG maps: 7526fb7000-752718a000 r-xp 000f3000 fd:01 2258                           /system/lib64/libandroid_runtime.so
TEMP-DEBUG maps: 752a698000-752a724000 r-xp 0007a000 fd:01 2326                           /system/lib64/libc++.so
TEMP-DEBUG maps: 752a79f000-752a7a0000 r-xp 00002000 fd:01 1993                           /system/lib64/aconfig_text_flags_c_lib.so
TEMP-DEBUG maps: 752a7e8000-752a7fb000 r-xp 00011000 fd:01 2306                           /system/lib64/libbinder_ndk.so
TEMP-DEBUG maps: 752ca9c000-752caf2000 r-xp 00036000 fd:01 2329                           /system/lib64/libcamera_client.so
TEMP-DEBUG maps: 752cb5a000-752cb66000 r-xp 00009000 fd:01 2681                           /system/lib64/spatializer-aidl-cpp.so
TEMP-DEBUG maps: 752cb9c000-752cb9d000 r-xp 00001000 fd:01 2430                           /system/lib64/libhidlallocatorutils.so
TEMP-DEBUG maps: 752cbd6000-752cbfa000 r-xp 00014000 07:b0 45                             /apex/com.android.runtime/lib64/bionic/libm.so
TEMP-DEBUG maps: 752f666000-752f67a000 r-xp 0000f000 fd:01 2370                           /system/lib64/libdatasource.so
TEMP-DEBUG maps: 752f691000-752f694000 r-xp 00003000 fd:01 2074                           /system/lib64/android.hardware.graphics.common-V7-ndk.so
TEMP-DEBUG maps: 752f6c9000-752f6cd000 r-xp 00003000 fd:01 2603                           /system/lib64/libstagefright_graphicbuffersource_aidl.so
TEMP-DEBUG maps: 752f72f000-752f737000 r-xp 00008000 fd:01 2676                           /system/lib64/packagemanager_aidl-cpp.so
TEMP-DEBUG maps: 752f74f000-752f75c000 r-xp 0000e000 fd:01 2226                           /system/lib64/libPlatformProperties.so
TEMP-DEBUG maps: 752f799000-752f79b000 r-xp 00001000 fd:01 2446                           /system/lib64/libion.so
TEMP-DEBUG maps: 752f7e4000-752f7e5000 r-xp 00001000 fd:01 2385                           /system/lib64/libegl_flags.so
TEMP-DEBUG maps: 752f817000-752f822000 r-xp 00006000 fd:01 2369                           /system/lib64/libdataloader.so
TEMP-DEBUG maps: 752f858000-752f859000 r-xp 00001000 fd:01 2652                           /system/lib64/libvndksupport.so
TEMP-DEBUG maps: 752f8ac000-752f8ae000 r-xp 00005000 07:a8 31                             /apex/com.android.i18n/lib64/libandroidicu.so
TEMP-DEBUG maps: 752f8d5000-752f8e7000 r-xp 00006000 fd:01 2545                           /system/lib64/libpiex.so
TEMP-DEBUG maps: 752f90a000-752f92b000 r-xp 00009000 fd:1e 99                             /apex/com.android.art/lib64/liblzma.so
TEMP-DEBUG maps: 752f979000-752f97c000 r-xp 00004000 fd:01 2682                           /system/lib64/volumegroupcallback-aidl-cpp.so
TEMP-DEBUG maps: 752f984000-752f985000 r-xp 00001000 fd:01 2105                           /system/lib64/android.hardware.media@1.0.so
TEMP-DEBUG maps: 752f9ea000-752f9eb000 r-xp 00001000 fd:01 2049                           /system/lib64/android.hardware.drm.common-V1-ndk.so
TEMP-DEBUG maps: 752faa6000-752fbc9000 r-xp 0009d000 fd:01 2516                           /system/lib64/libminikin.so
TEMP-DEBUG maps: 7532e5b000-7532f67000 r-xp 00014000 fd:01 2424                           /system/lib64/libharfbuzz_subset.so
TEMP-DEBUG maps: 7532f9f000-7532fea000 r-xp 0000e000 fd:01 2452                           /system/lib64/libjpeg.so
TEMP-DEBUG maps: 753306a000-75330ea000 r-xp 00030000 fd:01 2639                           /system/lib64/libunwindstack.so
TEMP-DEBUG maps: 7533160000-7533163000 r-xp 00002000 fd:01 2591                           /system/lib64/libspeexresampler.so
TEMP-DEBUG maps: 7533190000-75331b4000 r-xp 0000e000 fd:01 2300                           /system/lib64/libbase.so
TEMP-DEBUG maps: 75331e7000-75331f6000 r-xp 0000e000 fd:01 2086                           /system/lib64/android.hardware.graphics.mapper@4.0.so
TEMP-DEBUG maps: 753605d000-753607d000 r-xp 0000f000 fd:01 2439                           /system/lib64/libincfs.so
TEMP-DEBUG maps: 753609e000-75360d4000 r-xp 0001a000 fd:01 2638                           /system/lib64/libultrahdr.so
TEMP-DEBUG maps: 7536139000-753613a000 r-xp 00001000 fd:01 2347                           /system/lib64/libcodec2.so
TEMP-DEBUG maps: 753614b000-753614c000 r-xp 00001000 fd:01 2212                           /system/lib64/lib-camera-compatibility-info-api.so
TEMP-DEBUG maps: 75361c8000-75361e9000 r-xp 00015000 fd:01 2214                           /system/lib64/libEGL.so
TEMP-DEBUG maps: 7536208000-7536209000 r-xp 00001000 fd:01 2522                           /system/lib64/libnativeloader_lazy.so
TEMP-DEBUG maps: 7536277000-753627c000 r-xp 00005000 fd:01 1997                           /system/lib64/android.companion.virtualdevice.flags-aconfig-cc.so
TEMP-DEBUG maps: 7536293000-7536296000 r-xp 00004000 fd:01 2190                           /system/lib64/capture_state_listener-aidl-cpp.so
TEMP-DEBUG maps: 75362e3000-75362e5000 r-xp 00001000 fd:01 2580                           /system/lib64/libshmemutil.so
TEMP-DEBUG maps: 7536342000-7536374000 r-xp 00012000 fd:01 2282                           /system/lib64/libaudiofoundation.so
TEMP-DEBUG maps: 75363ad000-75363b4000 r-xp 00006000 fd:01 2203                           /system/lib64/effect-aidl-cpp.so
TEMP-DEBUG maps: 75363ca000-75363cc000 r-xp 00002000 fd:01 2453                           /system/lib64/libjpegdecoder.so
TEMP-DEBUG maps: 7536408000-753640f000 r-xp 00005000 fd:01 2265                           /system/lib64/libappfuse.so
TEMP-DEBUG maps: 753644f000-7536461000 r-xp 0000e000 fd:01 2645                           /system/lib64/libutils.so
TEMP-DEBUG maps: 75364b7000-75364ba000 r-xp 00004000 fd:01 2671                           /system/lib64/mediametricsservice-aidl-cpp.so
TEMP-DEBUG maps: 75364e0000-75364e4000 r-xp 00005000 fd:01 2632                           /system/lib64/libtracing_perfetto.so
TEMP-DEBUG maps: 7536533000-7536536000 r-xp 00006000 fd:01 2204                           /system/lib64/framework-permission-aidl-cpp.so
TEMP-DEBUG maps: 753656b000-753657a000 r-xp 0001a000 fd:01 2372                           /system/lib64/libdebugstore_cxx.so
TEMP-DEBUG maps: 753658c000-75365ac000 r-xp 00009000 fd:01 2390                           /system/lib64/libexpat.so
TEMP-DEBUG maps: 75365d9000-75365ea000 r-xp 00009000 fd:01 2438                           /system/lib64/libimg_utils.so
TEMP-DEBUG maps: 753662f000-7536631000 r-xp 00002000 fd:01 2492                           /system/lib64/libmedia_jni_utils.so
TEMP-DEBUG maps: 7536675000-7536676000 r-xp 00002000 fd:01 1994                           /system/lib64/aconfig_view_accessibility_flags_c_lib.so
TEMP-DEBUG maps: 7536693000-753669d000 r-xp 0000a000 fd:01 2083                           /system/lib64/android.hardware.graphics.mapper@2.0.so
TEMP-DEBUG maps: 753674a000-75367d6000 r-xp 0007a000 fd:1e 91                             /apex/com.android.art/lib64/libc++.so
TEMP-DEBUG maps: 7536899000-7536925000 r-xp 0007a000 fd:01 2326                           /system/lib64/libc++.so
TEMP-DEBUG maps: 75369fe000-7536b6b000 r-xp 0009d000 fd:01 2595                           /system/lib64/libstagefright.so
TEMP-DEBUG maps: 7536bdd000-7536bde000 r-xp 00001000 07:b0 43                             /apex/com.android.runtime/lib64/bionic/libdl.so
TEMP-DEBUG maps: 753806a000-7538074000 r-xp 00009000 fd:01 2232                           /system/lib64/libSurfaceFlingerProp.so
TEMP-DEBUG maps: 753809f000-75380b7000 r-xp 00009000 fd:1e 102                            /apex/com.android.art/lib64/libnativeloader.so
TEMP-DEBUG maps: 75380e6000-753810a000 r-xp 0001a000 fd:01 2660                           /system/lib64/libwilhelm.so
TEMP-DEBUG maps: 753814b000-753814d000 r-xp 00004000 fd:01 2677                           /system/lib64/process_info_service_aidl-cpp.so
TEMP-DEBUG maps: 75381ae000-75381b4000 r-xp 00006000 fd:01 2320                           /system/lib64/libbpf_bcc.so
TEMP-DEBUG maps: 75381e2000-75381e9000 r-xp 00009000 fd:01 2521                           /system/lib64/libnativedisplay.so
TEMP-DEBUG maps: 7538288000-75382ab000 r-xp 00078000 fd:01 2361                           /system/lib64/libcrypto.so
TEMP-DEBUG maps: 75382ab000-7538314000 --xp 0009b000 fd:01 2361                           /system/lib64/libcrypto.so
TEMP-DEBUG maps: 7538314000-7538394000 r-xp 00104000 fd:01 2361                           /system/lib64/libcrypto.so
TEMP-DEBUG maps: 7538854000-7538856000 r-xp 00001000 fd:01 2156                           /system/lib64/android.media.audiopolicy-aconfig-cc.so
TEMP-DEBUG maps: 75388f6000-7538999000 r-xp 00059000 07:b0 41                             /apex/com.android.runtime/lib64/bionic/libc.so
TEMP-DEBUG maps: 75389f6000-75389f7000 r-xp 00002000 fd:01 2512                           /system/lib64/libmemtrack.so
TEMP-DEBUG maps: 7538a1b000-7538a25000 r-xp 0000c000 fd:01 2044                           /system/lib64/android.hardware.configstore@1.1.so
TEMP-DEBUG maps: 7538a73000-7538a7a000 r-xp 00012000 fd:01 2222                           /system/lib64/libGLESv3.so
TEMP-DEBUG maps: 7538a90000-7538a95000 r-xp 00004000 fd:01 2543                           /system/lib64/libperfetto_framework_jni.so
TEMP-DEBUG maps: 7538af9000-7538afa000 r-xp 00001000 07:b0 44                             /apex/com.android.runtime/lib64/bionic/libdl_android.so
TEMP-DEBUG maps: 7538b2e000-7538b2f000 r-xp 00001000 fd:01 2077                           /system/lib64/android.hardware.graphics.common@1.2.so
TEMP-DEBUG maps: 7538b56000-7538b5e000 r-xp 00009000 fd:01 2071                           /system/lib64/android.hardware.graphics.allocator@4.0.so
TEMP-DEBUG maps: 7538bb2000-7538bbb000 r-xp 00004000 fd:01 2321                           /system/lib64/libbpf_minimal.so
TEMP-DEBUG maps: 7538bd8000-7538bd9000 r-xp 00001000 fd:01 2259                           /system/lib64/libandroid_runtime_lazy.so
TEMP-DEBUG maps: 7538c53000-7538c77000 r-xp 00025000 fd:01 2054                           /system/lib64/android.hardware.drm@1.4.so
TEMP-DEBUG maps: 7538cae000-7538cb9000 r-xp 00008000 fd:01 2205                           /system/lib64/graphicbuffersource-aidl-ndk.so
TEMP-DEBUG maps: 7538cd0000-7538cd7000 r-xp 00008000 fd:01 2146                           /system/lib64/android.hidl.memory.token@1.0.so
TEMP-DEBUG maps: 7538f20000-7539690000 r-xp 00200000 fd:01 2435                           /system/lib64/libhwui.so
TEMP-DEBUG maps: 75399a0000-75399dc000 r-xp 00020000 fd:01 2349                           /system/lib64/libcodec2_client.so
TEMP-DEBUG maps: 753ca6e000-753ca6f000 r-xp 00002000 fd:01 2038                           /system/lib64/android.hardware.common-V2-cpp.so
TEMP-DEBUG maps: 753ca9f000-753caa6000 r-xp 00006000 fd:01 2330                           /system/lib64/libcamera_metadata.so
TEMP-DEBUG maps: 753caed000-753caee000 r-xp 00001000 fd:01 2257                           /system/lib64/libandroid_net.so
TEMP-DEBUG maps: 753cb1b000-753cb39000 r-xp 0001a000 fd:01 2051                           /system/lib64/android.hardware.drm@1.1.so
TEMP-DEBUG maps: 753cb5f000-753cb62000 r-xp 00003000 fd:01 2422                           /system/lib64/libhardware_legacy.so
TEMP-DEBUG maps: 753cb8e000-753cbb2000 r-xp 0000e000 fd:1e 90                             /apex/com.android.art/lib64/libbase.so
TEMP-DEBUG maps: 753cbeb000-753cbf7000 r-xp 00009000 fd:01 2366                           /system/lib64/libcutils.so
TEMP-DEBUG maps: 753cc1a000-753cc2a000 r-xp 0000f000 fd:01 2495                           /system/lib64/libmedia_quality_include.so
TEMP-DEBUG maps: 753cc6e000-753cc7c000 r-xp 00009000 fd:01 2375                           /system/lib64/libdmabufheap.so
TEMP-DEBUG maps: 753cc98000-753cca1000 r-xp 00008000 fd:01 2416                           /system/lib64/libgraphicsenv.so
TEMP-DEBUG maps: 753ccf1000-753ccf6000 r-xp 00003000 fd:01 2178                           /system/lib64/audiopolicy-types-aidl-cpp.so
TEMP-DEBUG maps: 753cd15000-753cd18000 r-xp 0000c000 07:a8 34                             /apex/com.android.i18n/lib64/libicu.so
TEMP-DEBUG maps: 753cd8e000-753cdf1000 r-xp 0002f000 fd:01 2505                           /system/lib64/libmediautils.so
TEMP-DEBUG maps: 753ce54000-753cf3b000 r-xp 00041000 fd:01 2261                           /system/lib64/libandroidfw.so
TEMP-DEBUG maps: 753cf5d000-753cf5e000 r-xp 00001000 fd:01 2421                           /system/lib64/libhardware.so
TEMP-DEBUG maps: 753cf95000-753cf98000 r-xp 00006000 fd:01 2218                           /system/lib64/libGLESv1_CM.so
TEMP-DEBUG maps: 753cfcc000-753cfd1000 r-xp 00002000 fd:1e 109                            /apex/com.android.art/lib64/libsigchain.so
TEMP-DEBUG maps: 753d137000-753d31f000 r-xp 000f8000 fd:01 2442                           /system/lib64/libinput.so
TEMP-DEBUG maps: 753d3d1000-753d3f2000 r-xp 00009000 fd:01 2485                           /system/lib64/liblzma.so
TEMP-DEBUG maps: 753f27e000-753f329000 r-xp 0003b000 fd:01 2577                           /system/lib64/libsfplugin_ccodec.so
TEMP-DEBUG maps: 753f364000-753f365000 r-xp 00001000 fd:01 2075                           /system/lib64/android.hardware.graphics.common@1.0.so
TEMP-DEBUG maps: 753f3b2000-753f3bb000 r-xp 0000b000 fd:01 2098                           /system/lib64/android.hardware.media.bufferpool2-V2-ndk.so
TEMP-DEBUG maps: 753f3f2000-753f3f4000 r-xp 00004000 fd:01 1996                           /system/lib64/android.companion.virtual.virtualdevice_aidl-cpp.so
TEMP-DEBUG maps: 753f42c000-753f435000 r-xp 00009000 fd:01 2150                           /system/lib64/android.hidl.token@1.0.so
TEMP-DEBUG maps: 753f553000-753f6ff000 r-xp 00102000 07:a8 36                             /apex/com.android.i18n/lib64/libicui18n.so
TEMP-DEBUG maps: 753f781000-753f782000 r-xp 00001000 fd:01 2536                           /system/lib64/libpackagelistparser.so
TEMP-DEBUG maps: 753f7cc000-753f7d7000 r-xp 00008000 fd:01 2415                           /system/lib64/libgralloctypes.so
TEMP-DEBUG maps: 7542658000-754265b000 r-xp 00002000 fd:01 2494                           /system/lib64/libmedia_omx_client.so
TEMP-DEBUG maps: 75426b6000-75426e4000 r-xp 00028000 fd:01 2052                           /system/lib64/android.hardware.drm@1.2.so
TEMP-DEBUG maps: 754270f000-7542714000 r-xp 00003000 fd:01 2526                           /system/lib64/libnetd_client.so
TEMP-DEBUG maps: 7542776000-7542778000 r-xp 00002000 fd:01 2579                           /system/lib64/libshmemcompat.so
TEMP-DEBUG maps: 75427a8000-75427ab000 r-xp 00002000 fd:01 2607                           /system/lib64/libstagefright_surface_utils.so
TEMP-DEBUG maps: 75427d3000-75427d5000 r-xp 00001000 fd:01 2680                           /system/lib64/shared-file-region-aidl-cpp.so
TEMP-DEBUG maps: 7545868000-75458a0000 r-xp 00027000 fd:01 2104                           /system/lib64/android.hardware.media.omx@1.0.so
TEMP-DEBUG maps: 75458ed000-7545930000 r-xp 00028000 fd:01 2437                           /system/lib64/libimage_io.so
TEMP-DEBUG maps: 7545950000-7545955000 r-xp 00005000 fd:01 2180                           /system/lib64/av-types-aidl-cpp.so
TEMP-DEBUG maps: 754598c000-7545993000 r-xp 00009000 fd:01 2544                           /system/lib64/libpermission.so
TEMP-DEBUG maps: 75459c9000-75459ca000 r-xp 00001000 fd:01 2148                           /system/lib64/android.hidl.safe_union@1.0.so
TEMP-DEBUG maps: 7545a1a000-7545a25000 r-xp 0000b000 fd:01 2085                           /system/lib64/android.hardware.graphics.mapper@3.0.so
TEMP-DEBUG maps: 7545a56000-7545a58000 r-xp 00002000 fd:01 2189                           /system/lib64/camera_platform_flags_c_lib.so
TEMP-DEBUG maps: 7545ab8000-7545aec000 r-xp 00022000 fd:01 2050                           /system/lib64/android.hardware.drm@1.0.so
TEMP-DEBUG maps: 7545b05000-7545b07000 r-xp 00002000 fd:1e 100                            /apex/com.android.art/lib64/libnativebridge.so
TEMP-DEBUG maps: 7545b6e000-7545b6f000 r-xp 00001000 fd:01 1998                           /system/lib64/android.database.sqlite-aconfig-cc.so
TEMP-DEBUG maps: 7545b98000-7545bba000 r-xp 00014000 fd:01 2525                           /system/lib64/libnblog.so
TEMP-DEBUG maps: 7545bf7000-7545bf9000 r-xp 00001000 fd:01 2353                           /system/lib64/libcodec2_hidl_client@1.2.so
TEMP-DEBUG maps: 7545c42000-7545c8d000 r-xp 00032000 fd:01 2101                           /system/lib64/android.hardware.media.c2@1.0.so
TEMP-DEBUG maps: 7545cf5000-7545d30000 r-xp 0001a000 fd:01 2276                           /system/lib64/libaudioclient_aidl_conversion.so
TEMP-DEBUG maps: 7545d9d000-7545d9f000 r-xp 00002000 fd:01 2678                           /system/lib64/server_configurable_flags.so
TEMP-DEBUG maps: 7545ddb000-7545de3000 r-xp 00009000 fd:01 2145                           /system/lib64/android.hidl.allocator@1.0.so
TEMP-DEBUG maps: 7546855000-7546861000 r-xp 00009000 fd:01 2665                           /system/lib64/libziparchive.so
TEMP-DEBUG maps: 75468ba000-75468bc000 r-xp 00002000 fd:01 2454                           /system/lib64/libjpegencoder.so
TEMP-DEBUG maps: 75468c9000-75468d9000 r-xp 00008000 fd:01 2663                           /system/lib64/libz.so
TEMP-DEBUG maps: 754694f000-75469cc000 r-xp 0004c000 fd:01 2305                           /system/lib64/libbinder.so
TEMP-DEBUG maps: 7546a55000-7546aad000 r-xp 00031000 fd:01 2496                           /system/lib64/libmediadrm.so
TEMP-DEBUG maps: 7546b2f000-7546be1000 r-xp 00052000 fd:01 2275                           /system/lib64/libaudioclient.so
TEMP-DEBUG maps: 7546cc8000-7546de9000 r-xp 000c4000 07:a8 37                             /apex/com.android.i18n/lib64/libicuuc.so
TEMP-DEBUG maps: 754a25a000-754a279000 r-xp 00017000 fd:01 2037                           /system/lib64/android.hardware.cas@1.0.so
TEMP-DEBUG maps: 754a289000-754a292000 r-xp 00008000 fd:01 2499                           /system/lib64/libmediadrmmetrics_lite.so
TEMP-DEBUG maps: 754a2e8000-754a2f8000 r-xp 00008000 fd:01 2291                           /system/lib64/libaudiopolicy.so
TEMP-DEBUG maps: 754a316000-754a339000 r-xp 00013000 fd:01 2596                           /system/lib64/libstagefright_aidl_bufferpool2.so
TEMP-DEBUG maps: 754a369000-754a373000 r-xp 00005000 fd:01 2477                           /system/lib64/liblog.so
TEMP-DEBUG maps: 754a3af000-754a3e6000 r-xp 00029000 fd:01 2538                           /system/lib64/libpcre2.so
TEMP-DEBUG maps: 754a429000-754a42a000 r-xp 00002000 fd:01 2039                           /system/lib64/android.hardware.common-V2-ndk.so
TEMP-DEBUG maps: 754a444000-754a446000 r-xp 00001000 fd:01 2604                           /system/lib64/libstagefright_http_support.so
TEMP-DEBUG maps: 754a4a0000-754a4a1000 r-xp 00002000 fd:01 2149                           /system/lib64/android.hidl.token@1.0-utils.so
TEMP-DEBUG maps: 754a4dc000-754a4f5000 r-xp 00015000 fd:01 2025                           /system/lib64/android.hardware.camera.device@3.2.so
TEMP-DEBUG maps: 754a526000-754a534000 r-xp 00008000 fd:01 2240                           /system/lib64/libaconfig_storage_read_api_cc.so
TEMP-DEBUG maps: 754a574000-754a5e7000 r-xp 0002f000 fd:01 2410                           /system/lib64/libft2.so
TEMP-DEBUG maps: 754a643000-754a66a000 r-xp 00017000 fd:01 2598                           /system/lib64/libstagefright_bufferpool@2.0.1.so
TEMP-DEBUG maps: 754a6de000-754a6ee000 r-xp 0000f000 fd:01 2670                           /system/lib64/media_quality_aidl_interface-cpp.so
TEMP-DEBUG maps: 754a71a000-754a71e000 r-xp 00003000 fd:01 2371                           /system/lib64/libdebuggerd_client.so
TEMP-DEBUG maps: 754a747000-754a754000 r-xp 00006000 fd:01 2350                           /system/lib64/libcodec2_hal_common.so
TEMP-DEBUG maps: 754a795000-754a798000 r-xp 00002000 fd:01 2644                           /system/lib64/libusbhost.so
TEMP-DEBUG maps: 754a7df000-754a7f3000 r-xp 00012000 fd:01 2102                           /system/lib64/android.hardware.media.c2@1.1.so
TEMP-DEBUG maps: 754b674000-754b675000 r-xp 00001000 fd:01 2042                           /system/lib64/android.hardware.configstore-utils.so
TEMP-DEBUG maps: 754b8c5000-754bb61000 r-xp 00220000 fd:01 2539                           /system/lib64/libpdfium.so
TEMP-DEBUG maps: 754bbdc000-754bbf4000 r-xp 00012000 fd:01 2493                           /system/lib64/libmedia_omx.so
TEMP-DEBUG maps: 754f604000-754f606000 r-xp 00002000 fd:01 2192                           /system/lib64/com.android.media.audio-aconfig-cc.so
TEMP-DEBUG maps: 754f65d000-754f661000 r-xp 00005000 fd:01 2169                           /system/lib64/android.system.suspend-V1-ndk.so
TEMP-DEBUG maps: 754f682000-754f684000 r-xp 00002000 fd:01 2606                           /system/lib64/libstagefright_omx_utils.so
TEMP-DEBUG maps: 754f6f3000-754f731000 r-xp 0001c000 fd:01 2551                           /system/lib64/libprocessgroup.so
TEMP-DEBUG maps: 754f74d000-754f755000 r-xp 00009000 fd:01 2069                           /system/lib64/android.hardware.graphics.allocator@2.0.so
TEMP-DEBUG maps: 754f796000-754f7bf000 r-xp 00010000 fd:01 2547                           /system/lib64/libpng.so
TEMP-DEBUG maps: 754f7ec000-754f7fc000 r-xp 0000e000 fd:01 2490                           /system/lib64/libmedia_helper.so
TEMP-DEBUG maps: 754f84e000-754f926000 r-xp 00035000 fd:01 2592                           /system/lib64/libsqlite.so
TEMP-DEBUG maps: 754f99b000-754f9c7000 r-xp 00014000 fd:01 2269                           /system/lib64/libaudio_aidl_conversion_common_cpp.so
TEMP-DEBUG maps: 754fc4f000-754fc5b000 r-xp 00006000 fd:01 2501                           /system/lib64/libmediametrics.so
TEMP-DEBUG maps: 754fca5000-754fcb2000 r-xp 00008000 fd:01 2599                           /system/lib64/libstagefright_bufferqueue_helper.so
TEMP-DEBUG maps: 754fcf3000-754fcf5000 r-xp 00001000 fd:01 2352                           /system/lib64/libcodec2_hidl_client@1.1.so
TEMP-DEBUG maps: 754fd2a000-754fd3d000 r-xp 00007000 fd:01 2608                           /system/lib64/libstagefright_xmlparser.so
TEMP-DEBUG maps: 754fd7e000-754fd7f000 r-xp 00002000 fd:01 2553                           /system/lib64/libprocinfo.so
TEMP-DEBUG maps: 754fda2000-754fde2000 r-xp 0001f000 fd:01 2176                           /system/lib64/audioflinger-aidl-cpp.so
TEMP-DEBUG maps: 754fe2a000-754fe77000 r-xp 00017000 fd:01 2298                           /system/lib64/libaudioutils.so
TEMP-DEBUG maps: 754ff5c000-75500fd000 r-xp 000b6000 fd:01 2376                           /system/lib64/libdng_sdk.so
TEMP-DEBUG maps: 75501b0000-75501e7000 r-xp 00015000 fd:01 2177                           /system/lib64/audiopolicy-aidl-cpp.so
TEMP-DEBUG maps: 7553a4f000-7553a5a000 r-xp 00005000 fd:01 2310                           /system/lib64/libbinderdebug.so
TEMP-DEBUG maps: 7553aae000-7553ab8000 r-xp 0000b000 fd:01 2084                           /system/lib64/android.hardware.graphics.mapper@2.1.so
TEMP-DEBUG maps: 7553ad0000-7553ad3000 r-xp 00005000 fd:01 2523                           /system/lib64/libnativewindow.so
TEMP-DEBUG maps: 7553b11000-7553b36000 r-xp 0000c000 fd:01 2489                           /system/lib64/libmedia_codeclist_capabilities.so
TEMP-DEBUG maps: 7553b73000-7553bac000 r-xp 0002a000 fd:01 2635                           /system/lib64/libui.so
TEMP-DEBUG maps: 7553be6000-7553be8000 r-xp 00001000 fd:01 2193                           /system/lib64/com.android.media.audioclient-aconfig-cc.so
TEMP-DEBUG maps: 7553c22000-7553c41000 r-xp 0001f000 fd:01 2100                           /system/lib64/android.hardware.media.c2-V1-ndk.so
TEMP-DEBUG maps: 7553cb3000-7553cd9000 r-xp 0001a000 fd:01 2503                           /system/lib64/libmediandk.so
TEMP-DEBUG maps: 7553d59000-7553db7000 r-xp 00039000 fd:01 2487                           /system/lib64/libmedia.so
TEMP-DEBUG maps: 7555054000-7555070000 r-xp 00010000 fd:01 2602                           /system/lib64/libstagefright_framecapture_utils.so
TEMP-DEBUG maps: 75550a2000-75550dc000 r-xp 00012000 fd:01 2514                           /system/lib64/libmemunreachable.so
TEMP-DEBUG maps: 755513f000-7555197000 r-xp 0003f000 fd:01 2431                           /system/lib64/libhidlbase.so
TEMP-DEBUG maps: 75551f8000-75551f9000 r-xp 00002000 fd:01 2405                           /system/lib64/libfmq.so
TEMP-DEBUG maps: 755521a000-755521b000 r-xp 00002000 fd:01 2301                           /system/lib64/libbattery.so
TEMP-DEBUG maps: 7555261000-755527b000 r-xp 00015000 fd:01 2072                           /system/lib64/android.hardware.graphics.bufferqueue@1.0.so
TEMP-DEBUG maps: 75552b2000-75552bd000 r-xp 00007000 fd:01 2488                           /system/lib64/libmedia_codeclist.so
TEMP-DEBUG maps: 75552e6000-75552f4000 r-xp 00010000 fd:01 2053                           /system/lib64/android.hardware.drm@1.3.so
TEMP-DEBUG maps: 7555315000-7555328000 r-xp 0000a000 fd:01 2629                           /system/lib64/libtinyxml2.so
TEMP-DEBUG maps: 755534f000-7555351000 r-xp 0000c000 fd:01 2196                           /system/lib64/com.android.window.flags.window-aconfig_flags_c_lib.so
TEMP-DEBUG maps: 7555390000-75553b4000 r-xp 0000e000 fd:01 2300                           /system/lib64/libbase.so
TEMP-DEBUG maps: 75553db000-75553e2000 r-xp 00012000 fd:01 2220                           /system/lib64/libGLESv2.so
TEMP-DEBUG maps: 755540b000-7555417000 r-xp 00006000 fd:01 2175                           /system/lib64/audioclient-types-aidl-cpp.so
TEMP-DEBUG maps: 7555478000-7555479000 r-xp 00001000 fd:01 2520                           /system/lib64/libnativebridge_lazy.so
TEMP-DEBUG maps: 75554a0000-75554b7000 r-xp 00013000 fd:01 2073                           /system/lib64/android.hardware.graphics.bufferqueue@2.0.so
TEMP-DEBUG maps: 75554d5000-75554e9000 r-xp 0000b000 fd:01 2348                           /system/lib64/libcodec2_aidl_client.so
TEMP-DEBUG maps: 7555529000-7555537000 r-xp 00008000 fd:01 2527                           /system/lib64/libnetdutils.so
TEMP-DEBUG maps: 7557331000-7557332000 r-xp 00000000 00:00 0                              [vdso]
TEMP-DEBUG maps: 7557380000-75574f2000 r-xp 0004e000 07:b0 16                             /apex/com.android.runtime/bin/linker64
TEMP-DEBUG exec segments at injection: 249
remote mapped /data/adb/modules/rezygisk/lib/libzygisk.so at 0xeb0f7000 (size 0x109000), entry 0xeb15d34d
cp request: action=0
Received Zygote32 injected command
status updated: Monitor: ✅, ReZygisk 64-bit: ✅, ReZygisk 32-bit: ✅
client entry call returned 0x1
invoke entry
inject done, continuing process
received SIGCONT, detaching zygote
trace complete, zygote 11183 released
remote mapped /data/adb/modules/rezygisk/lib64/libzygisk.so at 0x100000000 (size 0x184000), entry 0x1000ad324, backing=memfd
process 11190 stopped by SIGCHLD, continue
cp request: action=0
Received Zygote64 injected command
status updated: Monitor: ✅, ReZygisk 64-bit: ✅, ReZygisk 32-bit: ✅
client entry call returned 0x17373f60
invoke entry
inject done, continuing process
received SIGCONT, detaching zygote
trace complete, zygote 11190 released
cp request: action=3
ReZygiskd32 already running
handoff tracer: pid=11327 program=/system/bin/app_process32 tracer=./bin/zygisk-ptrace32 tango=no
exec tracer command: ./bin/zygisk-ptrace32 trace 11327 --restart
tracer 1.0.0 online

=== [zygisk-ptrace trace] pid=11330 epoch=1790029502 stdio redirected ===
cp request: action=6
start tracing 11327 (tracer 11330)
injecting /data/adb/modules/rezygisk/lib/libzygisk.so to zygote 11327
ReZygiskd64 already running
handoff tracer: pid=11329 program=/system/bin/app_process64 tracer=./bin/zygisk-ptrace64 tango=no
exec tracer command: ./bin/zygisk-ptrace64 trace 11329 --restart
tracer 1.0.0 online

=== [zygisk-ptrace trace] pid=11338 epoch=1790029502 stdio redirected ===
cp request: action=6
start tracing 11329 (tracer 11338)
injecting /data/adb/modules/rezygisk/lib64/libzygisk.so to zygote 11329
TEMP-DEBUG maps: 5de43f9000-5de43fb000 r-xp 00002000 fd:01 223                            /system/bin/app_process64
TEMP-DEBUG maps: 7c2f428000-7c2f435000 r-xp 00008000 fd:01 2599                           /system/lib64/libstagefright_bufferqueue_helper.so
TEMP-DEBUG maps: 7c2f452000-7c2f46a000 r-xp 00009000 fd:1e 102                            /apex/com.android.art/lib64/libnativeloader.so
TEMP-DEBUG maps: 7c2f4a8000-7c2f4aa000 r-xp 00001000 fd:01 2352                           /system/lib64/libcodec2_hidl_client@1.1.so
TEMP-DEBUG maps: 7c2f4ef000-7c2f513000 r-xp 0001a000 fd:01 2660                           /system/lib64/libwilhelm.so
TEMP-DEBUG maps: 7c2f57e000-7c2f5b0000 r-xp 00012000 fd:01 2282                           /system/lib64/libaudiofoundation.so
TEMP-DEBUG maps: 7c33060000-7c33070000 r-xp 00008000 fd:01 2291                           /system/lib64/libaudiopolicy.so
TEMP-DEBUG maps: 7c33095000-7c33099000 r-xp 00005000 fd:01 2169                           /system/lib64/android.system.suspend-V1-ndk.so
TEMP-DEBUG maps: 7c330e9000-7c330ea000 r-xp 00002000 fd:01 2405                           /system/lib64/libfmq.so
TEMP-DEBUG maps: 7c33124000-7c3312c000 r-xp 00009000 fd:01 2070                           /system/lib64/android.hardware.graphics.allocator@3.0.so
TEMP-DEBUG maps: 7c33160000-7c33163000 r-xp 00004000 fd:01 2671                           /system/lib64/mediametricsservice-aidl-cpp.so
TEMP-DEBUG maps: 7c33191000-7c331a6000 r-xp 0000f000 fd:01 2264                           /system/lib64/libapexsupport.so
TEMP-DEBUG maps: 7c331ec000-7c331f7000 r-xp 00006000 fd:01 2369                           /system/lib64/libdataloader.so
TEMP-DEBUG maps: 7c3321a000-7c3321b000 r-xp 00001000 fd:01 2076                           /system/lib64/android.hardware.graphics.common@1.1.so
TEMP-DEBUG maps: 7c3325b000-7c3327d000 r-xp 00014000 fd:01 2525                           /system/lib64/libnblog.so
TEMP-DEBUG maps: 7c3329c000-7c332ad000 r-xp 00009000 fd:01 2438                           /system/lib64/libimg_utils.so
TEMP-DEBUG maps: 7c332e6000-7c332e7000 r-xp 00001000 fd:01 2042                           /system/lib64/android.hardware.configstore-utils.so
TEMP-DEBUG maps: 7c3331d000-7c3331f000 r-xp 00004000 fd:01 2677                           /system/lib64/process_info_service_aidl-cpp.so
TEMP-DEBUG maps: 7c33359000-7c33362000 r-xp 0000b000 fd:01 2098                           /system/lib64/android.hardware.media.bufferpool2-V2-ndk.so
TEMP-DEBUG maps: 7c333b5000-7c333b6000 r-xp 00001000 fd:01 2105                           /system/lib64/android.hardware.media@1.0.so
TEMP-DEBUG maps: 7c333d7000-7c333f1000 r-xp 0000a000 fd:01 2509                           /system/lib64/libmeminfo.so
TEMP-DEBUG maps: 7c33416000-7c3341f000 r-xp 00008000 fd:01 2499                           /system/lib64/libmediadrmmetrics_lite.so
TEMP-DEBUG maps: 7c33452000-7c33459000 r-xp 00012000 fd:01 2220                           /system/lib64/libGLESv2.so
TEMP-DEBUG maps: 7c334ac000-7c334ad000 r-xp 00002000 fd:01 1993                           /system/lib64/aconfig_text_flags_c_lib.so
TEMP-DEBUG maps: 7c334d1000-7c334f5000 r-xp 0000e000 fd:1e 90                             /apex/com.android.art/lib64/libbase.so
TEMP-DEBUG maps: 7c3350c000-7c3352d000 r-xp 00009000 fd:1e 99                             /apex/com.android.art/lib64/liblzma.so
TEMP-DEBUG maps: 7c33555000-7c33556000 r-xp 00001000 fd:01 2041                           /system/lib64/android.hardware.common.fmq-V1-ndk.so
TEMP-DEBUG maps: 7c3359a000-7c335be000 r-xp 00014000 07:b0 45                             /apex/com.android.runtime/lib64/bionic/libm.so
TEMP-DEBUG maps: 7c335d7000-7c335ed000 r-xp 00014000 fd:01 2048                           /system/lib64/android.hardware.drm-V2-ndk.so
TEMP-DEBUG maps: 7c3362c000-7c33662000 r-xp 0001a000 fd:01 2638                           /system/lib64/libultrahdr.so
TEMP-DEBUG maps: 7c336bc000-7c336be000 r-xp 00001000 fd:01 2504                           /system/lib64/libmediandk_utils.so
TEMP-DEBUG maps: 7c336f8000-7c336fa000 r-xp 00001000 fd:01 2446                           /system/lib64/libion.so
TEMP-DEBUG maps: 7c3372f000-7c33767000 r-xp 00027000 fd:01 2104                           /system/lib64/android.hardware.media.omx@1.0.so
TEMP-DEBUG maps: 7c337a3000-7c337ee000 r-xp 0000e000 fd:01 2452                           /system/lib64/libjpeg.so
TEMP-DEBUG maps: 7c33828000-7c33833000 r-xp 00008000 fd:01 2205                           /system/lib64/graphicbuffersource-aidl-ndk.so
TEMP-DEBUG maps: 7c33852000-7c33864000 r-xp 0000e000 fd:01 2645                           /system/lib64/libutils.so
TEMP-DEBUG maps: 7c33899000-7c338a5000 r-xp 00009000 fd:01 2681                           /system/lib64/spatializer-aidl-cpp.so
TEMP-DEBUG maps: 7c338dd000-7c338e2000 r-xp 00003000 fd:01 2178                           /system/lib64/audiopolicy-types-aidl-cpp.so
TEMP-DEBUG maps: 7c3390d000-7c3390e000 r-xp 00001000 07:b0 43                             /apex/com.android.runtime/lib64/bionic/libdl.so
TEMP-DEBUG maps: 7c3396e000-7c33970000 r-xp 00002000 fd:01 2453                           /system/lib64/libjpegdecoder.so
TEMP-DEBUG maps: 7c339a5000-7c339b5000 r-xp 00008000 fd:01 2663                           /system/lib64/libz.so
TEMP-DEBUG maps: 7c339db000-7c339dd000 r-xp 00001000 fd:01 2604                           /system/lib64/libstagefright_http_support.so
TEMP-DEBUG maps: 7c33a27000-7c33a36000 r-xp 0001a000 fd:01 2372                           /system/lib64/libdebugstore_cxx.so
TEMP-DEBUG maps: 7c33a7c000-7c33aa0000 r-xp 00025000 fd:01 2054                           /system/lib64/android.hardware.drm@1.4.so
TEMP-DEBUG maps: 7c33b1b000-7c33b30000 r-xp 00014000 fd:01 2103                           /system/lib64/android.hardware.media.c2@1.2.so
TEMP-DEBUG maps: 7c33b70000-7c33be3000 r-xp 0002f000 fd:01 2410                           /system/lib64/libft2.so
TEMP-DEBUG maps: 7c35659000-7c35678000 r-xp 00017000 fd:01 2037                           /system/lib64/android.hardware.cas@1.0.so
TEMP-DEBUG maps: 7c356c5000-7c3571d000 r-xp 0003f000 fd:01 2431                           /system/lib64/libhidlbase.so
TEMP-DEBUG maps: 7c35772000-7c35773000 r-xp 00001000 fd:01 2212                           /system/lib64/lib-camera-compatibility-info-api.so
TEMP-DEBUG maps: 7c35794000-7c3579e000 r-xp 0000c000 fd:01 2044                           /system/lib64/android.hardware.configstore@1.1.so
TEMP-DEBUG maps: 7c357d3000-7c357dc000 r-xp 00003000 fd:01 2626                           /system/lib64/libtimeinstate.so
TEMP-DEBUG maps: 7c3589a000-7c35926000 r-xp 0007a000 fd:01 2326                           /system/lib64/libc++.so
TEMP-DEBUG maps: 7c35954000-7c3595c000 r-xp 00008000 fd:01 2676                           /system/lib64/packagemanager_aidl-cpp.so
TEMP-DEBUG maps: 7c359b9000-7c359da000 r-xp 00015000 fd:01 2214                           /system/lib64/libEGL.so
TEMP-DEBUG maps: 7c35b56000-7c3618b000 r-xp 00124000 fd:01 2456                           /system/lib64/libjxl.so
TEMP-DEBUG maps: 7c39ec4000-7c39fe5000 r-xp 000c4000 07:a8 37                             /apex/com.android.i18n/lib64/libicuuc.so
TEMP-DEBUG maps: 7c3a114000-7c3a2fc000 r-xp 000f8000 fd:01 2442                           /system/lib64/libinput.so
TEMP-DEBUG maps: 7c3a382000-7c3a384000 r-xp 00001000 fd:01 2680                           /system/lib64/shared-file-region-aidl-cpp.so
TEMP-DEBUG maps: 7c3a3e9000-7c3a3eb000 r-xp 0000c000 fd:01 2196                           /system/lib64/com.android.window.flags.window-aconfig_flags_c_lib.so
TEMP-DEBUG maps: 7c3a66a000-7c3a67d000 r-xp 00011000 fd:01 2306                           /system/lib64/libbinder_ndk.so
TEMP-DEBUG maps: 7c3a693000-7c3a6bc000 r-xp 00010000 fd:01 2547                           /system/lib64/libpng.so
TEMP-DEBUG maps: 7c3a6c3000-7c3a6c4000 r-xp 00001000 fd:01 2148                           /system/lib64/android.hidl.safe_union@1.0.so
TEMP-DEBUG maps: 7c3a732000-7c3a735000 r-xp 00002000 fd:01 2644                           /system/lib64/libusbhost.so
TEMP-DEBUG maps: 7c3a788000-7c3a7d3000 r-xp 00032000 fd:01 2101                           /system/lib64/android.hardware.media.c2@1.0.so
TEMP-DEBUG maps: 7c3a890000-7c3a8b3000 r-xp 00078000 fd:01 2361                           /system/lib64/libcrypto.so
TEMP-DEBUG maps: 7c3a8b3000-7c3a91c000 --xp 0009b000 fd:01 2361                           /system/lib64/libcrypto.so
TEMP-DEBUG maps: 7c3a91c000-7c3a99c000 r-xp 00104000 fd:01 2361                           /system/lib64/libcrypto.so
TEMP-DEBUG maps: 7c3ac5f000-7c3ac61000 r-xp 00003000 fd:01 2289                           /system/lib64/libaudiomanager.so
TEMP-DEBUG maps: 7c3acb3000-7c3acd0000 r-xp 00011000 fd:01 2339                           /system/lib64/libclang_rt.ubsan_standalone-aarch64-android.so
TEMP-DEBUG maps: 7c3af55000-7c3af57000 r-xp 00004000 fd:01 1996                           /system/lib64/android.companion.virtual.virtualdevice_aidl-cpp.so
TEMP-DEBUG maps: 7c3afa0000-7c3afae000 r-xp 00008000 fd:01 2240                           /system/lib64/libaconfig_storage_read_api_cc.so
TEMP-DEBUG maps: 7c3afe0000-7c3afe7000 r-xp 00006000 fd:01 2203                           /system/lib64/effect-aidl-cpp.so
TEMP-DEBUG maps: 7c3ec45000-7c3ec47000 r-xp 00005000 07:a8 31                             /apex/com.android.i18n/lib64/libandroidicu.so
TEMP-DEBUG maps: 7c3ecb7000-7c3ecb9000 r-xp 00001000 fd:01 2353                           /system/lib64/libcodec2_hidl_client@1.2.so
TEMP-DEBUG maps: 7c3ed39000-7c3edeb000 r-xp 00052000 fd:01 2275                           /system/lib64/libaudioclient.so
TEMP-DEBUG maps: 7c40c7a000-7c40cae000 r-xp 00022000 fd:01 2050                           /system/lib64/android.hardware.drm@1.0.so
TEMP-DEBUG maps: 7c40cd7000-7c40d0e000 r-xp 00015000 fd:01 2177                           /system/lib64/audiopolicy-aidl-cpp.so
TEMP-DEBUG maps: 7c40d8f000-7c40d90000 r-xp 00001000 fd:01 2023                           /system/lib64/android.hardware.camera.common@1.0.so
TEMP-DEBUG maps: 7c40dd2000-7c40ddd000 r-xp 0000b000 fd:01 2085                           /system/lib64/android.hardware.graphics.mapper@3.0.so
TEMP-DEBUG maps: 7c43a5d000-7c43a5e000 r-xp 00001000 fd:01 2257                           /system/lib64/libandroid_net.so
TEMP-DEBUG maps: 7c43a98000-7c43aab000 r-xp 00007000 fd:01 2608                           /system/lib64/libstagefright_xmlparser.so
TEMP-DEBUG maps: 7c43b49000-7c43bd5000 r-xp 0007a000 fd:1e 91                             /apex/com.android.art/lib64/libc++.so
TEMP-DEBUG maps: 7c43e42000-7c440de000 r-xp 00220000 fd:01 2539                           /system/lib64/libpdfium.so
TEMP-DEBUG maps: 7c4414f000-7c44151000 r-xp 00003000 fd:01 2432                           /system/lib64/libhidlmemory.so
TEMP-DEBUG maps: 7c441a9000-7c441ab000 r-xp 00004000 fd:01 2213                           /system/lib64/lib-platform-compat-native-api.so
TEMP-DEBUG maps: 7c441f2000-7c441fd000 r-xp 00008000 fd:01 2415                           /system/lib64/libgralloctypes.so
TEMP-DEBUG maps: 7c46267000-7c4628d000 r-xp 0001a000 fd:01 2503                           /system/lib64/libmediandk.so
TEMP-DEBUG maps: 7c462fd000-7c462fe000 r-xp 00001000 fd:01 2077                           /system/lib64/android.hardware.graphics.common@1.2.so
TEMP-DEBUG maps: 7c4631a000-7c4631b000 r-xp 00001000 fd:01 2075                           /system/lib64/android.hardware.graphics.common@1.0.so
TEMP-DEBUG maps: 7c46394000-7c463ec000 r-xp 00031000 fd:01 2496                           /system/lib64/libmediadrm.so
TEMP-DEBUG maps: 7c4645a000-7c46505000 r-xp 0003b000 fd:01 2577                           /system/lib64/libsfplugin_ccodec.so
TEMP-DEBUG maps: 7c46553000-7c46576000 r-xp 00013000 fd:01 2596                           /system/lib64/libstagefright_aidl_bufferpool2.so
TEMP-DEBUG maps: 7c465aa000-7c465bc000 r-xp 00006000 fd:01 2545                           /system/lib64/libpiex.so
TEMP-DEBUG maps: 7c465da000-7c465e1000 r-xp 00005000 fd:01 2600                           /system/lib64/libstagefright_codecbase.so
TEMP-DEBUG maps: 7c48c58000-7c48c76000 r-xp 00014000 fd:01 2655                           /system/lib64/libvulkan.so
TEMP-DEBUG maps: 7c48cc7000-7c48d1d000 r-xp 00036000 fd:01 2329                           /system/lib64/libcamera_client.so
TEMP-DEBUG maps: 7c48d9f000-7c48dbc000 r-xp 0001b000 fd:01 2078                           /system/lib64/android.hardware.graphics.composer3-V4-ndk.so
TEMP-DEBUG maps: 7c48dcf000-7c48dd2000 r-xp 00002000 fd:01 2591                           /system/lib64/libspeexresampler.so
TEMP-DEBUG maps: 7c4a905000-7c4aa72000 r-xp 0009d000 fd:01 2595                           /system/lib64/libstagefright.so
TEMP-DEBUG maps: 7c4aaf8000-7c4ab33000 r-xp 0001a000 fd:01 2276                           /system/lib64/libaudioclient_aidl_conversion.so
TEMP-DEBUG maps: 7c4ab77000-7c4abf7000 r-xp 00030000 fd:01 2639                           /system/lib64/libunwindstack.so
TEMP-DEBUG maps: 7c4d85d000-7c4d869000 r-xp 00009000 fd:01 2665                           /system/lib64/libziparchive.so
TEMP-DEBUG maps: 7c4d897000-7c4d8b7000 r-xp 00009000 fd:01 2390                           /system/lib64/libexpat.so
TEMP-DEBUG maps: 7c4d9e5000-7c4dbb8000 r-xp 000f3000 fd:01 2258                           /system/lib64/libandroid_runtime.so
TEMP-DEBUG maps: 7c4de4f000-7c4de52000 r-xp 00001000 fd:01 2216                           /system/lib64/libETC1.so
TEMP-DEBUG maps: 7c4de9a000-7c4debb000 r-xp 00017000 fd:01 2601                           /system/lib64/libstagefright_foundation.so
TEMP-DEBUG maps: 7c4dedc000-7c4dee5000 r-xp 00004000 fd:01 2321                           /system/lib64/libbpf_minimal.so
TEMP-DEBUG maps: 7c4df2a000-7c4df2b000 r-xp 00001000 fd:01 2520                           /system/lib64/libnativebridge_lazy.so
TEMP-DEBUG maps: 7c4df55000-7c4df5f000 r-xp 0000b000 fd:01 2084                           /system/lib64/android.hardware.graphics.mapper@2.1.so
TEMP-DEBUG maps: 7c4dfb0000-7c4dfb8000 r-xp 00009000 fd:01 2069                           /system/lib64/android.hardware.graphics.allocator@2.0.so
TEMP-DEBUG maps: 7c4dfd6000-7c4dfd7000 r-xp 00002000 fd:01 2301                           /system/lib64/libbattery.so
TEMP-DEBUG maps: 7c4e00e000-7c4e01b000 r-xp 0000e000 fd:01 2226                           /system/lib64/libPlatformProperties.so
TEMP-DEBUG maps: 7c4e0db000-7c4e1ca000 r-xp 00099000 fd:01 2418                           /system/lib64/libgui.so
TEMP-DEBUG maps: 7c4e280000-7c4e354000 r-xp 00073000 fd:01 2555                           /system/lib64/libprotobuf-cpp-lite.so
TEMP-DEBUG maps: 7c4e3dc000-7c4e3e4000 r-xp 0000a000 fd:01 2036                           /system/lib64/android.hardware.cas.native@1.0.so
TEMP-DEBUG maps: 7c5064d000-7c50672000 r-xp 0000c000 fd:01 2489                           /system/lib64/libmedia_codeclist_capabilities.so
TEMP-DEBUG maps: 7c506b7000-7c506ba000 r-xp 00004000 fd:01 2682                           /system/lib64/volumegroupcallback-aidl-cpp.so
TEMP-DEBUG maps: 7c506d9000-7c506f5000 r-xp 00010000 fd:01 2602                           /system/lib64/libstagefright_framecapture_utils.so
TEMP-DEBUG maps: 7c50733000-7c50734000 r-xp 00001000 fd:01 2347                           /system/lib64/libcodec2.so
TEMP-DEBUG maps: 7c50765000-7c50773000 r-xp 00009000 fd:01 2375                           /system/lib64/libdmabufheap.so
TEMP-DEBUG maps: 7c5079b000-7c507b9000 r-xp 0001a000 fd:01 2051                           /system/lib64/android.hardware.drm@1.1.so
TEMP-DEBUG maps: 7c507ce000-7c507dc000 r-xp 00008000 fd:01 2527                           /system/lib64/libnetdutils.so
TEMP-DEBUG maps: 7c5080e000-7c5080f000 r-xp 00002000 fd:01 2553                           /system/lib64/libprocinfo.so
TEMP-DEBUG maps: 7c5084b000-7c50855000 r-xp 00009000 fd:01 2232                           /system/lib64/libSurfaceFlingerProp.so
TEMP-DEBUG maps: 7c5089a000-7c508c6000 r-xp 00014000 fd:01 2269                           /system/lib64/libaudio_aidl_conversion_common_cpp.so
TEMP-DEBUG maps: 7c50939000-7c509b9000 r-xp 00030000 fd:1e 110                            /apex/com.android.art/lib64/libunwindstack.so
TEMP-DEBUG maps: 7c5324f000-7c53253000 r-xp 00003000 fd:01 2603                           /system/lib64/libstagefright_graphicbuffersource_aidl.so
TEMP-DEBUG maps: 7c5332e000-7c533ba000 r-xp 0007a000 fd:01 2326                           /system/lib64/libc++.so
TEMP-DEBUG maps: 7c5605a000-7c5605c000 r-xp 00002000 fd:01 2454                           /system/lib64/libjpegencoder.so
TEMP-DEBUG maps: 7c560b2000-7c560bc000 r-xp 0000a000 fd:01 2083                           /system/lib64/android.hardware.graphics.mapper@2.0.so
TEMP-DEBUG maps: 7c560f2000-7c5612c000 r-xp 00012000 fd:01 2514                           /system/lib64/libmemunreachable.so
TEMP-DEBUG maps: 7c56152000-7c5615e000 r-xp 00009000 fd:01 2366                           /system/lib64/libcutils.so
TEMP-DEBUG maps: 7c56196000-7c56198000 r-xp 00002000 fd:01 2192                           /system/lib64/com.android.media.audio-aconfig-cc.so
TEMP-DEBUG maps: 7c561cd000-7c561d7000 r-xp 00005000 fd:01 2477                           /system/lib64/liblog.so
TEMP-DEBUG maps: 7c5621a000-7c5621f000 r-xp 00004000 fd:01 2543                           /system/lib64/libperfetto_framework_jni.so
TEMP-DEBUG maps: 7c56256000-7c56258000 r-xp 00002000 fd:1e 100                            /apex/com.android.art/lib64/libnativebridge.so
TEMP-DEBUG maps: 7c56298000-7c562e5000 r-xp 00017000 fd:01 2298                           /system/lib64/libaudioutils.so
TEMP-DEBUG maps: 7c5631e000-7c56326000 r-xp 00009000 fd:01 2071                           /system/lib64/android.hardware.graphics.allocator@4.0.so
TEMP-DEBUG maps: 7c5635f000-7c56360000 r-xp 00002000 fd:01 2038                           /system/lib64/android.hardware.common-V2-cpp.so
TEMP-DEBUG maps: 7c563a0000-7c563ab000 r-xp 00005000 fd:01 2310                           /system/lib64/libbinderdebug.so
TEMP-DEBUG maps: 7c563ee000-7c563f7000 r-xp 00008000 fd:01 2416                           /system/lib64/libgraphicsenv.so
TEMP-DEBUG maps: 7c5641b000-7c5641c000 r-xp 00002000 fd:01 2039                           /system/lib64/android.hardware.common-V2-ndk.so
TEMP-DEBUG maps: 7c56674000-7c56de4000 r-xp 00200000 fd:01 2435                           /system/lib64/libhwui.so
TEMP-DEBUG maps: 7c570e8000-7c570f7000 r-xp 0000e000 fd:01 2086                           /system/lib64/android.hardware.graphics.mapper@4.0.so
TEMP-DEBUG maps: 7c5711a000-7c5713a000 r-xp 0000f000 fd:01 2439                           /system/lib64/libincfs.so
TEMP-DEBUG maps: 7c57151000-7c57152000 r-xp 00001000 fd:01 2620                           /system/lib64/libsync.so
TEMP-DEBUG maps: 7c571ae000-7c571af000 r-xp 00001000 fd:01 2049                           /system/lib64/android.hardware.drm.common-V1-ndk.so
TEMP-DEBUG maps: 7c571db000-7c571ef000 r-xp 0000f000 fd:01 2370                           /system/lib64/libdatasource.so
TEMP-DEBUG maps: 7c59a68000-7c59a6b000 r-xp 00006000 fd:01 2204                           /system/lib64/framework-permission-aidl-cpp.so
TEMP-DEBUG maps: 7c59aa7000-7c59ab7000 r-xp 0000f000 fd:01 2495                           /system/lib64/libmedia_quality_include.so
TEMP-DEBUG maps: 7c59aef000-7c59af2000 r-xp 00003000 fd:01 2074                           /system/lib64/android.hardware.graphics.common-V7-ndk.so
TEMP-DEBUG maps: 7c59b1d000-7c59b1e000 r-xp 00001000 fd:01 1998                           /system/lib64/android.database.sqlite-aconfig-cc.so
TEMP-DEBUG maps: 7c59b52000-7c59b54000 r-xp 00002000 fd:01 2606                           /system/lib64/libstagefright_omx_utils.so
TEMP-DEBUG maps: 7c59ba9000-7c59baa000 r-xp 00001000 fd:01 2385                           /system/lib64/libegl_flags.so
TEMP-DEBUG maps: 7c59be4000-7c59bf5000 r-xp 00009000 fd:01 2351                           /system/lib64/libcodec2_hidl_client@1.0.so
TEMP-DEBUG maps: 7c59c0e000-7c59c32000 r-xp 0000e000 fd:01 2300                           /system/lib64/libbase.so
TEMP-DEBUG maps: 7c59c6f000-7c59c7b000 r-xp 00006000 fd:01 2175                           /system/lib64/audioclient-types-aidl-cpp.so
TEMP-DEBUG maps: 7c59cb8000-7c59cb9000 r-xp 00001000 fd:01 2536                           /system/lib64/libpackagelistparser.so
TEMP-DEBUG maps: 7c59ceb000-7c59cf3000 r-xp 00009000 fd:01 2145                           /system/lib64/android.hidl.allocator@1.0.so
TEMP-DEBUG maps: 7c59d16000-7c59d1d000 r-xp 00009000 fd:01 2544                           /system/lib64/libpermission.so
TEMP-DEBUG maps: 7c59d5d000-7c59d70000 r-xp 0000a000 fd:01 2629                           /system/lib64/libtinyxml2.so
TEMP-DEBUG maps: 7c59dc3000-7c59de2000 r-xp 0001f000 fd:01 2100                           /system/lib64/android.hardware.media.c2-V1-ndk.so
TEMP-DEBUG maps: 7c59e54000-7c59f31000 r-xp 0003c000 fd:01 2423                           /system/lib64/libharfbuzz_ng.so
TEMP-DEBUG maps: 7c59f8e000-7c59ff4000 r-xp 00029000 fd:01 2578                           /system/lib64/libsfplugin_ccodec_utils.so
TEMP-DEBUG maps: 7c5a01f000-7c5a033000 r-xp 0000d000 fd:01 2153                           /system/lib64/android.media.audio.common.types-V4-cpp.so
TEMP-DEBUG maps: 7c5a050000-7c5a054000 r-xp 00005000 fd:01 2068                           /system/lib64/android.hardware.graphics.allocator-V2-ndk.so
TEMP-DEBUG maps: 7c5a0b7000-7c5a18f000 r-xp 00035000 fd:01 2592                           /system/lib64/libsqlite.so
TEMP-DEBUG maps: 7c5b26e000-7c5b26f000 r-xp 00001000 fd:01 2331                           /system/lib64/libcameracompatbilityinfo.so
TEMP-DEBUG maps: 7c5b2a5000-7c5b2a9000 r-xp 00003000 fd:01 2371                           /system/lib64/libdebuggerd_client.so
TEMP-DEBUG maps: 7c5b2f0000-7c5b2fd000 r-xp 0000d000 fd:01 2043                           /system/lib64/android.hardware.configstore@1.0.so
TEMP-DEBUG maps: 7c5b310000-7c5b314000 r-xp 00005000 fd:01 2632                           /system/lib64/libtracing_perfetto.so
TEMP-DEBUG maps: 7c5b351000-7c5b360000 r-xp 0000d000 fd:01 2147                           /system/lib64/android.hidl.memory@1.0.so
TEMP-DEBUG maps: 7c5b3a9000-7c5b3ae000 r-xp 00005000 fd:01 2174                           /system/lib64/audio-permission-aidl-cpp.so
TEMP-DEBUG maps: 7c5b3f6000-7c5b3fd000 r-xp 00012000 fd:01 2222                           /system/lib64/libGLESv3.so
TEMP-DEBUG maps: 7c5b42d000-7c5b45b000 r-xp 00028000 fd:01 2052                           /system/lib64/android.hardware.drm@1.2.so
TEMP-DEBUG maps: 7c5b4c8000-7c5b4ef000 r-xp 00017000 fd:01 2598                           /system/lib64/libstagefright_bufferpool@2.0.1.so
TEMP-DEBUG maps: 7c5b56e000-7c5b5de000 r-xp 00049000 fd:01 2355                           /system/lib64/libcodec2_vndk.so
TEMP-DEBUG maps: 7c5c081000-7c5c0df000 r-xp 00039000 fd:01 2487                           /system/lib64/libmedia.so
TEMP-DEBUG maps: 7c5c1c3000-7c5c364000 r-xp 000b6000 fd:01 2376                           /system/lib64/libdng_sdk.so
TEMP-DEBUG maps: 7c5dc30000-7c5dc32000 r-xp 00001000 fd:01 2193                           /system/lib64/com.android.media.audioclient-aconfig-cc.so
TEMP-DEBUG maps: 7c5dc52000-7c5dc53000 r-xp 00001000 07:b0 44                             /apex/com.android.runtime/lib64/bionic/libdl_android.so
TEMP-DEBUG maps: 7c5dcf7000-7c5dd9a000 r-xp 00059000 07:b0 41                             /apex/com.android.runtime/lib64/bionic/libc.so
TEMP-DEBUG maps: 7c5ddca000-7c5ddcc000 r-xp 00001000 fd:01 1992                           /system/lib64/aconfig_mediacodec_flags_c_lib.so
TEMP-DEBUG maps: 7c5de08000-7c5de09000 r-xp 00001000 fd:01 2652                           /system/lib64/libvndksupport.so
TEMP-DEBUG maps: 7c5de43000-7c5de45000 r-xp 00002000 fd:01 2492                           /system/lib64/libmedia_jni_utils.so
TEMP-DEBUG maps: 7c5de82000-7c5de84000 r-xp 00002000 fd:01 2579                           /system/lib64/libshmemcompat.so
TEMP-DEBUG maps: 7c5def3000-7c5def4000 r-xp 00001000 fd:01 2040                           /system/lib64/android.hardware.common.fmq-V1-cpp.so
TEMP-DEBUG maps: 7c5df18000-7c5df1d000 r-xp 00005000 fd:01 2180                           /system/lib64/av-types-aidl-cpp.so
TEMP-DEBUG maps: 7c5df45000-7c5df46000 r-xp 00001000 fd:01 2522                           /system/lib64/libnativeloader_lazy.so
TEMP-DEBUG maps: 7c5df86000-7c5df89000 r-xp 00006000 fd:01 2218                           /system/lib64/libGLESv1_CM.so
TEMP-DEBUG maps: 7c5dfe3000-7c5dfe4000 r-xp 00002000 fd:01 2512                           /system/lib64/libmemtrack.so
TEMP-DEBUG maps: 7c5e008000-7c5e015000 r-xp 00006000 fd:01 2350                           /system/lib64/libcodec2_hal_common.so
TEMP-DEBUG maps: 7c5e0a4000-7c5e121000 r-xp 0004c000 fd:01 2305                           /system/lib64/libbinder.so
TEMP-DEBUG maps: 7c5e185000-7c5e1e8000 r-xp 0002f000 fd:01 2505                           /system/lib64/libmediautils.so
TEMP-DEBUG maps: 7c5e2ad000-7c5e3d0000 r-xp 0009d000 fd:01 2516                           /system/lib64/libminikin.so
TEMP-DEBUG maps: 7c5f668000-7c5f66b000 r-xp 0000c000 07:a8 34                             /apex/com.android.i18n/lib64/libicu.so
TEMP-DEBUG maps: 7c5f698000-7c5f699000 r-xp 00001000 fd:01 2430                           /system/lib64/libhidlallocatorutils.so
TEMP-DEBUG maps: 7c5f6f5000-7c5f6f7000 r-xp 00002000 fd:01 2189                           /system/lib64/camera_platform_flags_c_lib.so
TEMP-DEBUG maps: 7c5f714000-7c5f72b000 r-xp 00013000 fd:01 2073                           /system/lib64/android.hardware.graphics.bufferqueue@2.0.so
TEMP-DEBUG maps: 7c5f755000-7c5f763000 r-xp 00010000 fd:01 2053                           /system/lib64/android.hardware.drm@1.3.so
TEMP-DEBUG maps: 7c5f78a000-7c5f795000 r-xp 00007000 fd:01 2488                           /system/lib64/libmedia_codeclist.so
TEMP-DEBUG maps: 7c5f7ed000-7c5f7f2000 r-xp 00002000 fd:1e 109                            /apex/com.android.art/lib64/libsigchain.so
TEMP-DEBUG maps: 7c5f81c000-7c5f821000 r-xp 00003000 fd:01 2526                           /system/lib64/libnetd_client.so
TEMP-DEBUG maps: 7c5f860000-7c5f879000 r-xp 00015000 fd:01 2099                           /system/lib64/android.hardware.media.bufferpool@2.0.so
TEMP-DEBUG maps: 7c5f885000-7c5f888000 r-xp 00002000 fd:01 2607                           /system/lib64/libstagefright_surface_utils.so
TEMP-DEBUG maps: 7c5f8e9000-7c5f8f9000 r-xp 0000e000 fd:01 2490                           /system/lib64/libmedia_helper.so
TEMP-DEBUG maps: 7c5f920000-7c5f938000 r-xp 00012000 fd:01 2493                           /system/lib64/libmedia_omx.so
TEMP-DEBUG maps: 7c5f949000-7c5f94a000 r-xp 00002000 fd:01 1994                           /system/lib64/aconfig_view_accessibility_flags_c_lib.so
TEMP-DEBUG maps: 7c5f9a2000-7c5f9a4000 r-xp 00001000 fd:01 2580                           /system/lib64/libshmemutil.so
TEMP-DEBUG maps: 7c5f9f2000-7c5f9f4000 r-xp 00001000 fd:01 2156                           /system/lib64/android.media.audiopolicy-aconfig-cc.so
TEMP-DEBUG maps: 7c5fa26000-7c5fa2d000 r-xp 00005000 fd:01 2265                           /system/lib64/libappfuse.so
TEMP-DEBUG maps: 7c5fa47000-7c5fa4a000 r-xp 00004000 fd:01 2190                           /system/lib64/capture_state_listener-aidl-cpp.so
TEMP-DEBUG maps: 7c5faa1000-7c5fbad000 r-xp 00014000 fd:01 2424                           /system/lib64/libharfbuzz_subset.so
TEMP-DEBUG maps: 7c5fbda000-7c5fbe1000 r-xp 00008000 fd:01 2146                           /system/lib64/android.hidl.memory.token@1.0.so
TEMP-DEBUG maps: 7c5fc32000-7c5fc75000 r-xp 00028000 fd:01 2437                           /system/lib64/libimage_io.so
TEMP-DEBUG maps: 7c5fca8000-7c5fd52000 r-xp 00026000 fd:01 2542                           /system/lib64/libperfetto_c.so
TEMP-DEBUG maps: 7c5fd8f000-7c5fdb3000 r-xp 0000e000 fd:01 2300                           /system/lib64/libbase.so
TEMP-DEBUG maps: 7c5fde8000-7c5fdfc000 r-xp 0000b000 fd:01 2348                           /system/lib64/libcodec2_aidl_client.so
TEMP-DEBUG maps: 7c61266000-7c6126b000 r-xp 00005000 fd:01 1997                           /system/lib64/android.companion.virtualdevice.flags-aconfig-cc.so
TEMP-DEBUG maps: 7c612aa000-7c612ab000 r-xp 00002000 fd:01 2149                           /system/lib64/android.hidl.token@1.0-utils.so
TEMP-DEBUG maps: 7c612d8000-7c612f1000 r-xp 00015000 fd:01 2025                           /system/lib64/android.hardware.camera.device@3.2.so
TEMP-DEBUG maps: 7c61433000-7c615df000 r-xp 00102000 07:a8 36                             /apex/com.android.i18n/lib64/libicui18n.so
TEMP-DEBUG maps: 7c634a3000-7c6358a000 r-xp 00041000 fd:01 2261                           /system/lib64/libandroidfw.so
TEMP-DEBUG maps: 7c66658000-7c66662000 r-xp 0000c000 fd:01 2569                           /system/lib64/libsensor.so
TEMP-DEBUG maps: 7c6669f000-7c666df000 r-xp 0001f000 fd:01 2176                           /system/lib64/audioflinger-aidl-cpp.so
TEMP-DEBUG maps: 7c66732000-7c66739000 r-xp 00006000 fd:01 2330                           /system/lib64/libcamera_metadata.so
TEMP-DEBUG maps: 7c6675a000-7c6676d000 r-xp 00008000 fd:01 2568                           /system/lib64/libselinux.so
TEMP-DEBUG maps: 7c667b2000-7c667b4000 r-xp 00002000 fd:01 2678                           /system/lib64/server_configurable_flags.so
TEMP-DEBUG maps: 7c667d3000-7c667f4000 r-xp 00009000 fd:01 2485                           /system/lib64/liblzma.so
TEMP-DEBUG maps: 7c66868000-7c6689f000 r-xp 00029000 fd:01 2538                           /system/lib64/libpcre2.so
TEMP-DEBUG maps: 7c668e3000-7c668ea000 r-xp 00009000 fd:01 2521                           /system/lib64/libnativedisplay.so
TEMP-DEBUG maps: 7c66935000-7c66938000 r-xp 00002000 fd:01 2494                           /system/lib64/libmedia_omx_client.so
TEMP-DEBUG maps: 7c66952000-7c6695e000 r-xp 00006000 fd:01 2501                           /system/lib64/libmediametrics.so
TEMP-DEBUG maps: 7c6698a000-7c66990000 r-xp 00006000 fd:01 2320                           /system/lib64/libbpf_bcc.so
TEMP-DEBUG maps: 7c669e3000-7c669e4000 r-xp 00001000 fd:01 2259                           /system/lib64/libandroid_runtime_lazy.so
TEMP-DEBUG maps: 7c69a63000-7c69a77000 r-xp 00012000 fd:01 2102                           /system/lib64/android.hardware.media.c2@1.1.so
TEMP-DEBUG maps: 7c69a97000-7c69ab1000 r-xp 00015000 fd:01 2072                           /system/lib64/android.hardware.graphics.bufferqueue@1.0.so
TEMP-DEBUG maps: 7c69af0000-7c69af3000 r-xp 00005000 fd:01 2523                           /system/lib64/libnativewindow.so
TEMP-DEBUG maps: 7c69b15000-7c69b1e000 r-xp 00009000 fd:01 2150                           /system/lib64/android.hidl.token@1.0.so
TEMP-DEBUG maps: 7c69b5a000-7c69b6a000 r-xp 0000f000 fd:01 2670                           /system/lib64/media_quality_aidl_interface-cpp.so
TEMP-DEBUG maps: 7c69ba5000-7c69be1000 r-xp 00020000 fd:01 2349                           /system/lib64/libcodec2_client.so
TEMP-DEBUG maps: 7c69c08000-7c69c09000 r-xp 00001000 fd:01 2421                           /system/lib64/libhardware.so
TEMP-DEBUG maps: 7c69c6c000-7c69ca5000 r-xp 0002a000 fd:01 2635                           /system/lib64/libui.so
TEMP-DEBUG maps: 7c69cf2000-7c69cfa000 r-xp 00009000 fd:01 2107                           /system/lib64/android.hardware.memtrack@1.0.so
TEMP-DEBUG maps: 7c69d23000-7c69d61000 r-xp 0001c000 fd:01 2551                           /system/lib64/libprocessgroup.so
TEMP-DEBUG maps: 7c69dba000-7c69dbd000 r-xp 00005000 fd:01 2106                           /system/lib64/android.hardware.memtrack-V1-ndk.so
TEMP-DEBUG maps: 7c69dea000-7c69ded000 r-xp 00003000 fd:01 2422                           /system/lib64/libhardware_legacy.so
TEMP-DEBUG maps: 7c6bc1e000-7c6bc1f000 r-xp 00000000 00:00 0                              [vdso]
TEMP-DEBUG maps: 7c6bc6d000-7c6bddf000 r-xp 0004e000 07:b0 16                             /apex/com.android.runtime/bin/linker64
TEMP-DEBUG exec segments at injection: 249
remote mapped /data/adb/modules/rezygisk/lib/libzygisk.so at 0xe14f7000 (size 0x109000), entry 0xe155d34d
cp request: action=0
Received Zygote32 injected command
status updated: Monitor: ✅, ReZygisk 64-bit: ✅, ReZygisk 32-bit: ✅
client entry call returned 0x1
invoke entry
inject done, continuing process
received SIGCONT, detaching zygote
trace complete, zygote 11327 released
remote mapped /data/adb/modules/rezygisk/lib64/libzygisk.so at 0x100000000 (size 0x184000), entry 0x1000ad324, backing=memfd
process 11329 stopped by SIGCHLD, continue
cp request: action=0
Received Zygote64 injected command
status updated: Monitor: ✅, ReZygisk 64-bit: ✅, ReZygisk 32-bit: ✅
client entry call returned 0x17373f60
invoke entry
inject done, continuing process
received SIGCONT, detaching zygote
trace complete, zygote 11329 released
cp request: action=3
ReZygiskd32 already running
handoff tracer: pid=11470 program=/system/bin/app_process32 tracer=./bin/zygisk-ptrace32 tango=no
exec tracer command: ./bin/zygisk-ptrace32 trace 11470 --restart
tracer 1.0.0 online

=== [zygisk-ptrace trace] pid=11474 epoch=1790029507 stdio redirected ===
cp request: action=6
start tracing 11470 (tracer 11474)
injecting /data/adb/modules/rezygisk/lib/libzygisk.so to zygote 11470
ReZygiskd64 already running
handoff tracer: pid=11480 program=/system/bin/app_process64 tracer=./bin/zygisk-ptrace64 tango=no
exec tracer command: ./bin/zygisk-ptrace64 trace 11480 --restart
tracer 1.0.0 online

=== [zygisk-ptrace trace] pid=11484 epoch=1790029507 stdio redirected ===
cp request: action=6
start tracing 11480 (tracer 11484)
injecting /data/adb/modules/rezygisk/lib64/libzygisk.so to zygote 11480
TEMP-DEBUG maps: 5bb65de000-5bb65e0000 r-xp 00002000 fd:01 223                            /system/bin/app_process64
TEMP-DEBUG maps: 70a07cf000-70a09a2000 r-xp 000f3000 fd:01 2258                           /system/lib64/libandroid_runtime.so
TEMP-DEBUG maps: 70a4919000-70a4971000 r-xp 00031000 fd:01 2496                           /system/lib64/libmediadrm.so
TEMP-DEBUG maps: 70a49a2000-70a49b2000 r-xp 00008000 fd:01 2291                           /system/lib64/libaudiopolicy.so
TEMP-DEBUG maps: 70a49d9000-70a49ec000 r-xp 00011000 fd:01 2306                           /system/lib64/libbinder_ndk.so
TEMP-DEBUG maps: 70a4a18000-70a4a19000 r-xp 00002000 fd:01 2301                           /system/lib64/libbattery.so
TEMP-DEBUG maps: 70a4a82000-70a4aa3000 r-xp 00015000 fd:01 2214                           /system/lib64/libEGL.so
TEMP-DEBUG maps: 70a4af4000-70a4af5000 r-xp 00001000 fd:01 2077                           /system/lib64/android.hardware.graphics.common@1.2.so
TEMP-DEBUG maps: 70a4b0a000-70a4b18000 r-xp 00009000 fd:01 2375                           /system/lib64/libdmabufheap.so
TEMP-DEBUG maps: 70a4b97000-70a4bd0000 r-xp 0002a000 fd:01 2635                           /system/lib64/libui.so
TEMP-DEBUG maps: 70a885b000-70a8874000 r-xp 00015000 fd:01 2099                           /system/lib64/android.hardware.media.bufferpool@2.0.so
TEMP-DEBUG maps: 70a888f000-70a8891000 r-xp 00005000 07:a8 31                             /apex/com.android.i18n/lib64/libandroidicu.so
TEMP-DEBUG maps: 70a88e8000-70a88f1000 r-xp 00008000 fd:01 2499                           /system/lib64/libmediadrmmetrics_lite.so
TEMP-DEBUG maps: 70a8926000-70a89d0000 r-xp 00026000 fd:01 2542                           /system/lib64/libperfetto_c.so
TEMP-DEBUG maps: 70a8a1d000-70a8a28000 r-xp 00007000 fd:01 2488                           /system/lib64/libmedia_codeclist.so
TEMP-DEBUG maps: 70a8a49000-70a8a5c000 r-xp 00008000 fd:01 2568                           /system/lib64/libselinux.so
TEMP-DEBUG maps: 70a8ab6000-70a8ab7000 r-xp 00001000 fd:01 2076                           /system/lib64/android.hardware.graphics.common@1.1.so
TEMP-DEBUG maps: 70a8ad1000-70a8ad6000 r-xp 00003000 fd:01 2178                           /system/lib64/audiopolicy-types-aidl-cpp.so
TEMP-DEBUG maps: 70a8b12000-70a8b15000 r-xp 00002000 fd:01 2607                           /system/lib64/libstagefright_surface_utils.so
TEMP-DEBUG maps: 70a8b47000-70a8b51000 r-xp 00005000 fd:01 2477                           /system/lib64/liblog.so
TEMP-DEBUG maps: 70a8b9f000-70a8bdf000 r-xp 0001f000 fd:01 2176                           /system/lib64/audioflinger-aidl-cpp.so
TEMP-DEBUG maps: 70a8c26000-70a8c37000 r-xp 00009000 fd:01 2351                           /system/lib64/libcodec2_hidl_client@1.0.so
TEMP-DEBUG maps: 70a8c61000-70a8c63000 r-xp 00002000 fd:01 2189                           /system/lib64/camera_platform_flags_c_lib.so
TEMP-DEBUG maps: 70a8ca6000-70a8ca7000 r-xp 00001000 fd:01 2430                           /system/lib64/libhidlallocatorutils.so
TEMP-DEBUG maps: 70a8cdc000-70a8cde000 r-xp 00003000 fd:01 2289                           /system/lib64/libaudiomanager.so
TEMP-DEBUG maps: 70a8d22000-70a8d25000 r-xp 00002000 fd:01 2494                           /system/lib64/libmedia_omx_client.so
TEMP-DEBUG maps: 70a8d4f000-70a8d60000 r-xp 00009000 fd:01 2438                           /system/lib64/libimg_utils.so
TEMP-DEBUG maps: 70a8d8b000-70a8d8d000 r-xp 00001000 fd:01 1992                           /system/lib64/aconfig_mediacodec_flags_c_lib.so
TEMP-DEBUG maps: 70a8dc6000-70a8dcd000 r-xp 00005000 fd:01 2600                           /system/lib64/libstagefright_codecbase.so
TEMP-DEBUG maps: 70a8e34000-70a8eb4000 r-xp 00030000 fd:1e 110                            /apex/com.android.art/lib64/libunwindstack.so
TEMP-DEBUG maps: 70a9103000-70a939f000 r-xp 00220000 fd:01 2539                           /system/lib64/libpdfium.so
TEMP-DEBUG maps: 70a9e27000-70a9e32000 r-xp 00008000 fd:01 2415                           /system/lib64/libgralloctypes.so
TEMP-DEBUG maps: 70a9e58000-70a9e65000 r-xp 0000e000 fd:01 2226                           /system/lib64/libPlatformProperties.so
TEMP-DEBUG maps: 70a9e8b000-70a9e8c000 r-xp 00002000 fd:01 2039                           /system/lib64/android.hardware.common-V2-ndk.so
TEMP-DEBUG maps: 70a9ef0000-70a9efb000 r-xp 00005000 fd:01 2310                           /system/lib64/libbinderdebug.so
TEMP-DEBUG maps: 70a9f3a000-70a9f3c000 r-xp 0000c000 fd:01 2196                           /system/lib64/com.android.window.flags.window-aconfig_flags_c_lib.so
TEMP-DEBUG maps: 70a9f77000-70a9f78000 r-xp 00001000 fd:01 2257                           /system/lib64/libandroid_net.so
TEMP-DEBUG maps: 70a9fac000-70a9fe6000 r-xp 00012000 fd:01 2514                           /system/lib64/libmemunreachable.so
TEMP-DEBUG maps: 70aa024000-70aa027000 r-xp 00004000 fd:01 2671                           /system/lib64/mediametricsservice-aidl-cpp.so
TEMP-DEBUG maps: 70aa075000-70aa077000 r-xp 00002000 fd:01 2606                           /system/lib64/libstagefright_omx_utils.so
TEMP-DEBUG maps: 70aa09a000-70aa0a5000 r-xp 00006000 fd:01 2369                           /system/lib64/libdataloader.so
TEMP-DEBUG maps: 70aa0f2000-70aa124000 r-xp 00012000 fd:01 2282                           /system/lib64/libaudiofoundation.so
TEMP-DEBUG maps: 70aa155000-70aa17e000 r-xp 00010000 fd:01 2547                           /system/lib64/libpng.so
TEMP-DEBUG maps: 70aa19f000-70aa1b5000 r-xp 00014000 fd:01 2048                           /system/lib64/android.hardware.drm-V2-ndk.so
TEMP-DEBUG maps: 70aa1d6000-70aa1eb000 r-xp 00014000 fd:01 2103                           /system/lib64/android.hardware.media.c2@1.2.so
TEMP-DEBUG maps: 70aa238000-70aa25f000 r-xp 00017000 fd:01 2598                           /system/lib64/libstagefright_bufferpool@2.0.1.so
TEMP-DEBUG maps: 70aa2b7000-70aa2bb000 r-xp 00003000 fd:01 2371                           /system/lib64/libdebuggerd_client.so
TEMP-DEBUG maps: 70aa302000-70aa3ad000 r-xp 0003b000 fd:01 2577                           /system/lib64/libsfplugin_ccodec.so
TEMP-DEBUG maps: 70aa3e5000-70aa3ea000 r-xp 00003000 fd:01 2526                           /system/lib64/libnetd_client.so
TEMP-DEBUG maps: 70aa4c4000-70aa5e5000 r-xp 000c4000 07:a8 37                             /apex/com.android.i18n/lib64/libicuuc.so
TEMP-DEBUG maps: 70aca79000-70aca7d000 r-xp 00005000 fd:01 2068                           /system/lib64/android.hardware.graphics.allocator-V2-ndk.so
TEMP-DEBUG maps: 70aca95000-70acab3000 r-xp 00014000 fd:01 2655                           /system/lib64/libvulkan.so
TEMP-DEBUG maps: 70acad8000-70acae6000 r-xp 00010000 fd:01 2053                           /system/lib64/android.hardware.drm@1.3.so
TEMP-DEBUG maps: 70acb45000-70acb73000 r-xp 00028000 fd:01 2052                           /system/lib64/android.hardware.drm@1.2.so
TEMP-DEBUG maps: 70acbb8000-70acbf4000 r-xp 00020000 fd:01 2349                           /system/lib64/libcodec2_client.so
TEMP-DEBUG maps: 70acc39000-70accac000 r-xp 0002f000 fd:01 2410                           /system/lib64/libft2.so
TEMP-DEBUG maps: 70accd7000-70accdf000 r-xp 00009000 fd:01 2069                           /system/lib64/android.hardware.graphics.allocator@2.0.so
TEMP-DEBUG maps: 70acd28000-70acd2a000 r-xp 00001000 fd:01 2352                           /system/lib64/libcodec2_hidl_client@1.1.so
TEMP-DEBUG maps: 70acd60000-70acd61000 r-xp 00001000 fd:01 2652                           /system/lib64/libvndksupport.so
TEMP-DEBUG maps: 70acda0000-70acda9000 r-xp 00009000 fd:01 2150                           /system/lib64/android.hidl.token@1.0.so
TEMP-DEBUG maps: 70acde3000-70acde4000 r-xp 00001000 fd:01 2212                           /system/lib64/lib-camera-compatibility-info-api.so
TEMP-DEBUG maps: 70ace33000-70aceb3000 r-xp 00030000 fd:01 2639                           /system/lib64/libunwindstack.so
TEMP-DEBUG maps: 70acede000-70acf14000 r-xp 0001a000 fd:01 2638                           /system/lib64/libultrahdr.so
TEMP-DEBUG maps: 70acf6b000-70acf6c000 r-xp 00002000 fd:01 1994                           /system/lib64/aconfig_view_accessibility_flags_c_lib.so
TEMP-DEBUG maps: 70acf96000-70acf98000 r-xp 00001000 fd:01 2680                           /system/lib64/shared-file-region-aidl-cpp.so
TEMP-DEBUG maps: 70acfe9000-70acff3000 r-xp 0000c000 fd:01 2044                           /system/lib64/android.hardware.configstore@1.1.so
TEMP-DEBUG maps: 70ad031000-70ad07c000 r-xp 0000e000 fd:01 2452                           /system/lib64/libjpeg.so
TEMP-DEBUG maps: 70ad0a9000-70ad0ab000 r-xp 00004000 fd:01 2213                           /system/lib64/lib-platform-compat-native-api.so
TEMP-DEBUG maps: 70ad0d5000-70ad0d6000 r-xp 00001000 fd:01 2536                           /system/lib64/libpackagelistparser.so
TEMP-DEBUG maps: 70ad107000-70ad108000 r-xp 00001000 fd:01 2040                           /system/lib64/android.hardware.common.fmq-V1-cpp.so
TEMP-DEBUG maps: 70ad172000-70ad1bd000 r-xp 00032000 fd:01 2101                           /system/lib64/android.hardware.media.c2@1.0.so
TEMP-DEBUG maps: 70ad212000-70ad21a000 r-xp 00009000 fd:01 2145                           /system/lib64/android.hidl.allocator@1.0.so
TEMP-DEBUG maps: 70ad248000-70ad255000 r-xp 00008000 fd:01 2599                           /system/lib64/libstagefright_bufferqueue_helper.so
TEMP-DEBUG maps: 70ad2ab000-70ad2ad000 r-xp 00001000 fd:01 2353                           /system/lib64/libcodec2_hidl_client@1.2.so
TEMP-DEBUG maps: 70ad2fa000-70ad2fb000 r-xp 00001000 fd:01 2259                           /system/lib64/libandroid_runtime_lazy.so
TEMP-DEBUG maps: 70ad311000-70ad335000 r-xp 0000e000 fd:01 2300                           /system/lib64/libbase.so
TEMP-DEBUG maps: 70ad34f000-70ad350000 r-xp 00001000 fd:01 2522                           /system/lib64/libnativeloader_lazy.so
TEMP-DEBUG maps: 70ad3b6000-70ad3f1000 r-xp 0001a000 fd:01 2276                           /system/lib64/libaudioclient_aidl_conversion.so
TEMP-DEBUG maps: 70ad489000-70ad515000 r-xp 0007a000 fd:1e 91                             /apex/com.android.art/lib64/libc++.so
TEMP-DEBUG maps: 70ad556000-70ad566000 r-xp 0000f000 fd:01 2495                           /system/lib64/libmedia_quality_include.so
TEMP-DEBUG maps: 70ad598000-70ad5a7000 r-xp 0000e000 fd:01 2086                           /system/lib64/android.hardware.graphics.mapper@4.0.so
TEMP-DEBUG maps: 70ad5c2000-70ad5c4000 r-xp 00002000 fd:01 2453                           /system/lib64/libjpegdecoder.so
TEMP-DEBUG maps: 70ad623000-70ad625000 r-xp 00001000 fd:01 2504                           /system/lib64/libmediandk_utils.so
TEMP-DEBUG maps: 70ad669000-70ad67b000 r-xp 0000e000 fd:01 2645                           /system/lib64/libutils.so
TEMP-DEBUG maps: 70ad6ac000-70ad6b8000 r-xp 00006000 fd:01 2175                           /system/lib64/audioclient-types-aidl-cpp.so
TEMP-DEBUG maps: 70ad6e1000-70ad6e3000 r-xp 00002000 fd:01 2454                           /system/lib64/libjpegencoder.so
TEMP-DEBUG maps: 70ad724000-70ad725000 r-xp 00002000 fd:01 2512                           /system/lib64/libmemtrack.so
TEMP-DEBUG maps: 70ad773000-70ad7b6000 r-xp 00028000 fd:01 2437                           /system/lib64/libimage_io.so
TEMP-DEBUG maps: 70ad7cb000-70ad7d5000 r-xp 0000a000 fd:01 2083                           /system/lib64/android.hardware.graphics.mapper@2.0.so
TEMP-DEBUG maps: 70ad87e000-70ad8a1000 r-xp 00078000 fd:01 2361                           /system/lib64/libcrypto.so
TEMP-DEBUG maps: 70ad8a1000-70ad90a000 --xp 0009b000 fd:01 2361                           /system/lib64/libcrypto.so
TEMP-DEBUG maps: 70ad90a000-70ad98a000 r-xp 00104000 fd:01 2361                           /system/lib64/libcrypto.so
TEMP-DEBUG maps: 70ad9ea000-70ad9fd000 r-xp 0000a000 fd:01 2629                           /system/lib64/libtinyxml2.so
TEMP-DEBUG maps: 70ada19000-70ada3c000 r-xp 00013000 fd:01 2596                           /system/lib64/libstagefright_aidl_bufferpool2.so
TEMP-DEBUG maps: 70ada6a000-70adaa8000 r-xp 0001c000 fd:01 2551                           /system/lib64/libprocessgroup.so
TEMP-DEBUG maps: 70adaf5000-70adb19000 r-xp 00025000 fd:01 2054                           /system/lib64/android.hardware.drm@1.4.so
TEMP-DEBUG maps: 70adb65000-70adb72000 r-xp 00006000 fd:01 2350                           /system/lib64/libcodec2_hal_common.so
TEMP-DEBUG maps: 70adb91000-70adb94000 r-xp 00004000 fd:01 2190                           /system/lib64/capture_state_listener-aidl-cpp.so
TEMP-DEBUG maps: 70adbdc000-70adbfa000 r-xp 0001a000 fd:01 2051                           /system/lib64/android.hardware.drm@1.1.so
TEMP-DEBUG maps: 70adc13000-70adc1b000 r-xp 00009000 fd:01 2071                           /system/lib64/android.hardware.graphics.allocator@4.0.so
TEMP-DEBUG maps: 70adc60000-70adc78000 r-xp 00009000 fd:1e 102                            /apex/com.android.art/lib64/libnativeloader.so
TEMP-DEBUG maps: 70adc96000-70adc9a000 r-xp 00005000 fd:01 2169                           /system/lib64/android.system.suspend-V1-ndk.so
TEMP-DEBUG maps: 70add13000-70addf0000 r-xp 0003c000 fd:01 2423                           /system/lib64/libharfbuzz_ng.so
TEMP-DEBUG maps: 70ade29000-70ade33000 r-xp 0000b000 fd:01 2084                           /system/lib64/android.hardware.graphics.mapper@2.1.so
TEMP-DEBUG maps: 70ade6e000-70ade71000 r-xp 00002000 fd:01 2591                           /system/lib64/libspeexresampler.so
TEMP-DEBUG maps: 70adebf000-70adeeb000 r-xp 00014000 fd:01 2269                           /system/lib64/libaudio_aidl_conversion_common_cpp.so
TEMP-DEBUG maps: 70adf17000-70adf27000 r-xp 0000e000 fd:01 2490                           /system/lib64/libmedia_helper.so
TEMP-DEBUG maps: 70adf4d000-70adf55000 r-xp 00008000 fd:01 2676                           /system/lib64/packagemanager_aidl-cpp.so
TEMP-DEBUG maps: 70adfa6000-70adfb4000 r-xp 00008000 fd:01 2527                           /system/lib64/libnetdutils.so
TEMP-DEBUG maps: 70adfd0000-70adfd9000 r-xp 0000b000 fd:01 2098                           /system/lib64/android.hardware.media.bufferpool2-V2-ndk.so
TEMP-DEBUG maps: 70ae03d000-70ae09b000 r-xp 00039000 fd:01 2487                           /system/lib64/libmedia.so
TEMP-DEBUG maps: 70ae0cf000-70ae0d4000 r-xp 00005000 fd:01 2180                           /system/lib64/av-types-aidl-cpp.so
TEMP-DEBUG maps: 70ae137000-70ae13c000 r-xp 00004000 fd:01 2543                           /system/lib64/libperfetto_framework_jni.so
TEMP-DEBUG maps: 70ae183000-70ae1a7000 r-xp 0001a000 fd:01 2660                           /system/lib64/libwilhelm.so
TEMP-DEBUG maps: 70ae1e0000-70ae1e7000 r-xp 00012000 fd:01 2222                           /system/lib64/libGLESv3.so
TEMP-DEBUG maps: 70ae237000-70ae23a000 r-xp 00006000 fd:01 2204                           /system/lib64/framework-permission-aidl-cpp.so
TEMP-DEBUG maps: 70ae277000-70ae27a000 r-xp 00006000 fd:01 2218                           /system/lib64/libGLESv1_CM.so
TEMP-DEBUG maps: 70ae2b6000-70ae2b7000 r-xp 00001000 fd:01 2042                           /system/lib64/android.hardware.configstore-utils.so
TEMP-DEBUG maps: 70ae2d4000-70ae2d6000 r-xp 00002000 fd:1e 100                            /apex/com.android.art/lib64/libnativebridge.so
TEMP-DEBUG maps: 70ae30d000-70ae31c000 r-xp 0000d000 fd:01 2147                           /system/lib64/android.hidl.memory@1.0.so
TEMP-DEBUG maps: 70ae389000-70ae3a8000 r-xp 0001f000 fd:01 2100                           /system/lib64/android.hardware.media.c2-V1-ndk.so
TEMP-DEBUG maps: 70ae3d2000-70ae3ea000 r-xp 00012000 fd:01 2493                           /system/lib64/libmedia_omx.so
TEMP-DEBUG maps: 70ae464000-70ae4e1000 r-xp 0004c000 fd:01 2305                           /system/lib64/libbinder.so
TEMP-DEBUG maps: 70ae519000-70ae51d000 r-xp 00003000 fd:01 2603                           /system/lib64/libstagefright_graphicbuffersource_aidl.so
TEMP-DEBUG maps: 70ae590000-70ae5f6000 r-xp 00029000 fd:01 2578                           /system/lib64/libsfplugin_ccodec_utils.so
TEMP-DEBUG maps: 70aea7b000-70aeade000 r-xp 0002f000 fd:01 2505                           /system/lib64/libmediautils.so
TEMP-DEBUG maps: 70aeb29000-70aeb38000 r-xp 0001a000 fd:01 2372                           /system/lib64/libdebugstore_cxx.so
TEMP-DEBUG maps: 70aeb63000-70aeb64000 r-xp 00001000 fd:01 2075                           /system/lib64/android.hardware.graphics.common@1.0.so
TEMP-DEBUG maps: 70aeb9e000-70aebbb000 r-xp 0001b000 fd:01 2078                           /system/lib64/android.hardware.graphics.composer3-V4-ndk.so
TEMP-DEBUG maps: 70aebfa000-70aebfb000 r-xp 00001000 fd:01 2385                           /system/lib64/libegl_flags.so
TEMP-DEBUG maps: 70aec2d000-70aec31000 r-xp 00005000 fd:01 2632                           /system/lib64/libtracing_perfetto.so
TEMP-DEBUG maps: 70aecff000-70aee6c000 r-xp 0009d000 fd:01 2595                           /system/lib64/libstagefright.so
TEMP-DEBUG maps: 70aeed3000-70aeed4000 r-xp 00001000 fd:01 2421                           /system/lib64/libhardware.so
TEMP-DEBUG maps: 70aef3b000-70aef3c000 r-xp 00002000 fd:01 1993                           /system/lib64/aconfig_text_flags_c_lib.so
TEMP-DEBUG maps: 70aef80000-70aefd8000 r-xp 0003f000 fd:01 2431                           /system/lib64/libhidlbase.so
TEMP-DEBUG maps: 70b1c56000-70b1c58000 r-xp 00003000 fd:01 2432                           /system/lib64/libhidlmemory.so
TEMP-DEBUG maps: 70b1cde000-70b1d90000 r-xp 00052000 fd:01 2275                           /system/lib64/libaudioclient.so
TEMP-DEBUG maps: 70b2655000-70b2657000 r-xp 00001000 fd:01 2604                           /system/lib64/libstagefright_http_support.so
TEMP-DEBUG maps: 70b2685000-70b2688000 r-xp 00005000 fd:01 2523                           /system/lib64/libnativewindow.so
TEMP-DEBUG maps: 70b26e0000-70b27ec000 r-xp 00014000 fd:01 2424                           /system/lib64/libharfbuzz_subset.so
TEMP-DEBUG maps: 70b2899000-70b2988000 r-xp 00099000 fd:01 2418                           /system/lib64/libgui.so
TEMP-DEBUG maps: 70b5051000-70b5076000 r-xp 0000c000 fd:01 2489                           /system/lib64/libmedia_codeclist_capabilities.so
TEMP-DEBUG maps: 70b50a9000-70b50ac000 r-xp 0000c000 07:a8 34                             /apex/com.android.i18n/lib64/libicu.so
TEMP-DEBUG maps: 70b5106000-70b51de000 r-xp 00035000 fd:01 2592                           /system/lib64/libsqlite.so
TEMP-DEBUG maps: 70b529e000-70b53c1000 r-xp 0009d000 fd:01 2516                           /system/lib64/libminikin.so
TEMP-DEBUG maps: 70b6663000-70b6670000 r-xp 0000d000 fd:01 2043                           /system/lib64/android.hardware.configstore@1.0.so
TEMP-DEBUG maps: 70b66a8000-70b66b2000 r-xp 00009000 fd:01 2232                           /system/lib64/libSurfaceFlingerProp.so
TEMP-DEBUG maps: 70b66e5000-70b66e6000 r-xp 00001000 07:b0 44                             /apex/com.android.runtime/lib64/bionic/libdl_android.so
TEMP-DEBUG maps: 70b671c000-70b6723000 r-xp 00008000 fd:01 2146                           /system/lib64/android.hidl.memory.token@1.0.so
TEMP-DEBUG maps: 70b674e000-70b675a000 r-xp 00009000 fd:01 2681                           /system/lib64/spatializer-aidl-cpp.so
TEMP-DEBUG maps: 70b67ae000-70b67b5000 r-xp 00006000 fd:01 2203                           /system/lib64/effect-aidl-cpp.so
TEMP-DEBUG maps: 70b67c8000-70b67ca000 r-xp 00002000 fd:01 2579                           /system/lib64/libshmemcompat.so
TEMP-DEBUG maps: 70b689d000-70b6971000 r-xp 00073000 fd:01 2555                           /system/lib64/libprotobuf-cpp-lite.so
TEMP-DEBUG maps: 70b699b000-70b69b4000 r-xp 00015000 fd:01 2025                           /system/lib64/android.hardware.camera.device@3.2.so
TEMP-DEBUG maps: 70b69db000-70b69dc000 r-xp 00001000 fd:01 2331                           /system/lib64/libcameracompatbilityinfo.so
TEMP-DEBUG maps: 70b6b2d000-70b7162000 r-xp 00124000 fd:01 2456                           /system/lib64/libjxl.so
TEMP-DEBUG maps: 70ba46f000-70ba471000 r-xp 00004000 fd:01 2677                           /system/lib64/process_info_service_aidl-cpp.so
TEMP-DEBUG maps: 70ba495000-70ba496000 r-xp 00001000 fd:01 2347                           /system/lib64/libcodec2.so
TEMP-DEBUG maps: 70ba4d6000-70ba4dd000 r-xp 00006000 fd:01 2330                           /system/lib64/libcamera_metadata.so
TEMP-DEBUG maps: 70ba523000-70ba535000 r-xp 00006000 fd:01 2545                           /system/lib64/libpiex.so
TEMP-DEBUG maps: 70ba574000-70ba57c000 r-xp 00009000 fd:01 2070                           /system/lib64/android.hardware.graphics.allocator@3.0.so
TEMP-DEBUG maps: 70ba599000-70ba5b9000 r-xp 0000f000 fd:01 2439                           /system/lib64/libincfs.so
TEMP-DEBUG maps: 70ba5ee000-70ba5f7000 r-xp 00003000 fd:01 2626                           /system/lib64/libtimeinstate.so
TEMP-DEBUG maps: 70ba720000-70ba8cc000 r-xp 00102000 07:a8 36                             /apex/com.android.i18n/lib64/libicui18n.so
TEMP-DEBUG maps: 70ba990000-70ba9e6000 r-xp 00036000 fd:01 2329                           /system/lib64/libcamera_client.so
TEMP-DEBUG maps: 70bd872000-70bd873000 r-xp 00001000 07:b0 43                             /apex/com.android.runtime/lib64/bionic/libdl.so
TEMP-DEBUG maps: 70bd8ad000-70bd8b6000 r-xp 00004000 fd:01 2321                           /system/lib64/libbpf_minimal.so
TEMP-DEBUG maps: 70bd8e4000-70bd8f4000 r-xp 00008000 fd:01 2663                           /system/lib64/libz.so
TEMP-DEBUG maps: 70bd915000-70bd939000 r-xp 0000e000 fd:01 2300                           /system/lib64/libbase.so
TEMP-DEBUG maps: 70bd97f000-70bd9b3000 r-xp 00022000 fd:01 2050                           /system/lib64/android.hardware.drm@1.0.so
TEMP-DEBUG maps: 70bd9da000-70bd9f9000 r-xp 00017000 fd:01 2037                           /system/lib64/android.hardware.cas@1.0.so
TEMP-DEBUG maps: 70bda14000-70bda38000 r-xp 00014000 07:b0 45                             /apex/com.android.runtime/lib64/bionic/libm.so
TEMP-DEBUG maps: 70bda65000-70bda79000 r-xp 0000b000 fd:01 2348                           /system/lib64/libcodec2_aidl_client.so
TEMP-DEBUG maps: 70bda9d000-70bdab4000 r-xp 00013000 fd:01 2073                           /system/lib64/android.hardware.graphics.bufferqueue@2.0.so
TEMP-DEBUG maps: 70bdacc000-70bdace000 r-xp 00004000 fd:01 1996                           /system/lib64/android.companion.virtual.virtualdevice_aidl-cpp.so
TEMP-DEBUG maps: 70bdb2e000-70bdb3a000 r-xp 00009000 fd:01 2665                           /system/lib64/libziparchive.so
TEMP-DEBUG maps: 70bdb4e000-70bdb59000 r-xp 00008000 fd:01 2205                           /system/lib64/graphicbuffersource-aidl-ndk.so
TEMP-DEBUG maps: 70bdba8000-70bdbe0000 r-xp 00027000 fd:01 2104                           /system/lib64/android.hardware.media.omx@1.0.so
TEMP-DEBUG maps: 70bdc07000-70bdc0a000 r-xp 00001000 fd:01 2216                           /system/lib64/libETC1.so
TEMP-DEBUG maps: 70bdc50000-70bdc64000 r-xp 0000d000 fd:01 2153                           /system/lib64/android.media.audio.common.types-V4-cpp.so
TEMP-DEBUG maps: 70bdc9c000-70bdcb6000 r-xp 0000a000 fd:01 2509                           /system/lib64/libmeminfo.so
TEMP-DEBUG maps: 70bdcf6000-70bdcf7000 r-xp 00001000 fd:01 2620                           /system/lib64/libsync.so
TEMP-DEBUG maps: 70bdd2e000-70bdd38000 r-xp 0000c000 fd:01 2569                           /system/lib64/libsensor.so
TEMP-DEBUG maps: 70bdd5e000-70bdd61000 r-xp 00004000 fd:01 2682                           /system/lib64/volumegroupcallback-aidl-cpp.so
TEMP-DEBUG maps: 70bddba000-70bddf1000 r-xp 00015000 fd:01 2177                           /system/lib64/audiopolicy-aidl-cpp.so
TEMP-DEBUG maps: 70bde9b000-70bdf27000 r-xp 0007a000 fd:01 2326                           /system/lib64/libc++.so
TEMP-DEBUG maps: 70bdf5a000-70bdf7e000 r-xp 0000e000 fd:1e 90                             /apex/com.android.art/lib64/libbase.so
TEMP-DEBUG maps: 70bdf99000-70bdfad000 r-xp 0000f000 fd:01 2370                           /system/lib64/libdatasource.so
TEMP-DEBUG maps: 70bdff4000-70bdff5000 r-xp 00001000 fd:01 2049                           /system/lib64/android.hardware.drm.common-V1-ndk.so
TEMP-DEBUG maps: 70be02d000-70be02e000 r-xp 00001000 fd:01 2105                           /system/lib64/android.hardware.media@1.0.so
TEMP-DEBUG maps: 70be051000-70be053000 r-xp 00001000 fd:01 2446                           /system/lib64/libion.so
TEMP-DEBUG maps: 70be0a9000-70be0b4000 r-xp 0000b000 fd:01 2085                           /system/lib64/android.hardware.graphics.mapper@3.0.so
TEMP-DEBUG maps: 70be187000-70be328000 r-xp 000b6000 fd:01 2376                           /system/lib64/libdng_sdk.so
TEMP-DEBUG maps: 70be3c8000-70be3c9000 r-xp 00002000 fd:01 2405                           /system/lib64/libfmq.so
TEMP-DEBUG maps: 70bfc69000-70bfc6a000 r-xp 00001000 fd:01 2023                           /system/lib64/android.hardware.camera.common@1.0.so
TEMP-DEBUG maps: 70bfc91000-70bfc97000 r-xp 00006000 fd:01 2320                           /system/lib64/libbpf_bcc.so
TEMP-DEBUG maps: 70bfcd3000-70bfcd6000 r-xp 00002000 fd:01 2644                           /system/lib64/libusbhost.so
TEMP-DEBUG maps: 70bfd11000-70bfd13000 r-xp 00002000 fd:01 2192                           /system/lib64/com.android.media.audio-aconfig-cc.so
TEMP-DEBUG maps: 70bfd50000-70bfd51000 r-xp 00002000 fd:01 2149                           /system/lib64/android.hidl.token@1.0-utils.so
TEMP-DEBUG maps: 70bfdb3000-70bfdbc000 r-xp 00008000 fd:01 2416                           /system/lib64/libgraphicsenv.so
TEMP-DEBUG maps: 70bfddb000-70bfdfc000 r-xp 00017000 fd:01 2601                           /system/lib64/libstagefright_foundation.so
TEMP-DEBUG maps: 70bfe43000-70bff2a000 r-xp 00041000 fd:01 2261                           /system/lib64/libandroidfw.so
TEMP-DEBUG maps: 70bff59000-70bff73000 r-xp 00015000 fd:01 2072                           /system/lib64/android.hardware.graphics.bufferqueue@1.0.so
TEMP-DEBUG maps: 70bff9d000-70bffea000 r-xp 00017000 fd:01 2298                           /system/lib64/libaudioutils.so
TEMP-DEBUG maps: 70c001f000-70c0045000 r-xp 0001a000 fd:01 2503                           /system/lib64/libmediandk.so
TEMP-DEBUG maps: 70c009b000-70c00bd000 r-xp 00014000 fd:01 2525                           /system/lib64/libnblog.so
TEMP-DEBUG maps: 70c00e3000-70c00eb000 r-xp 00009000 fd:01 2107                           /system/lib64/android.hardware.memtrack@1.0.so
TEMP-DEBUG maps: 70c0105000-70c0106000 r-xp 00001000 fd:01 2041                           /system/lib64/android.hardware.common.fmq-V1-ndk.so
TEMP-DEBUG maps: 70c0167000-70c0177000 r-xp 0000f000 fd:01 2670                           /system/lib64/media_quality_aidl_interface-cpp.so
TEMP-DEBUG maps: 70c0191000-70c0193000 r-xp 00002000 fd:01 2492                           /system/lib64/libmedia_jni_utils.so
TEMP-DEBUG maps: 70c01d0000-70c01f1000 r-xp 00009000 fd:1e 99                             /apex/com.android.art/lib64/liblzma.so
TEMP-DEBUG maps: 70c1072000-70c1079000 r-xp 00012000 fd:01 2220                           /system/lib64/libGLESv2.so
TEMP-DEBUG maps: 70c109f000-70c10a6000 r-xp 00009000 fd:01 2544                           /system/lib64/libpermission.so
TEMP-DEBUG maps: 70c10d3000-70c10d8000 r-xp 00005000 fd:01 1997                           /system/lib64/android.companion.virtualdevice.flags-aconfig-cc.so
TEMP-DEBUG maps: 70c1155000-70c11c5000 r-xp 00049000 fd:01 2355                           /system/lib64/libcodec2_vndk.so
TEMP-DEBUG maps: 70c3851000-70c3856000 r-xp 00002000 fd:1e 109                            /apex/com.android.art/lib64/libsigchain.so
TEMP-DEBUG maps: 70c3983000-70c3b6b000 r-xp 000f8000 fd:01 2442                           /system/lib64/libinput.so
TEMP-DEBUG maps: 70c4c57000-70c4c5e000 r-xp 00005000 fd:01 2265                           /system/lib64/libappfuse.so
TEMP-DEBUG maps: 70c4ca3000-70c4ca5000 r-xp 00002000 fd:01 2678                           /system/lib64/server_configurable_flags.so
TEMP-DEBUG maps: 70c4ce8000-70c4cfb000 r-xp 00007000 fd:01 2608                           /system/lib64/libstagefright_xmlparser.so
TEMP-DEBUG maps: 70c4d14000-70c4d30000 r-xp 00010000 fd:01 2602                           /system/lib64/libstagefright_framecapture_utils.so
TEMP-DEBUG maps: 70c4d56000-70c4d59000 r-xp 00003000 fd:01 2422                           /system/lib64/libhardware_legacy.so
TEMP-DEBUG maps: 70c4dab000-70c4db0000 r-xp 00005000 fd:01 2174                           /system/lib64/audio-permission-aidl-cpp.so
TEMP-DEBUG maps: 70c4de2000-70c4de3000 r-xp 00001000 fd:01 2148                           /system/lib64/android.hidl.safe_union@1.0.so
TEMP-DEBUG maps: 70c4e1d000-70c4e1e000 r-xp 00002000 fd:01 2038                           /system/lib64/android.hardware.common-V2-cpp.so
TEMP-DEBUG maps: 70c4e5b000-70c4e6f000 r-xp 00012000 fd:01 2102                           /system/lib64/android.hardware.media.c2@1.1.so
TEMP-DEBUG maps: 70c4e94000-70c4e9c000 r-xp 0000a000 fd:01 2036                           /system/lib64/android.hardware.cas.native@1.0.so
TEMP-DEBUG maps: 70c4f25000-70c4fc8000 r-xp 00059000 07:b0 41                             /apex/com.android.runtime/lib64/bionic/libc.so
TEMP-DEBUG maps: 70c503f000-70c5076000 r-xp 00029000 fd:01 2538                           /system/lib64/libpcre2.so
TEMP-DEBUG maps: 70c5091000-70c5092000 r-xp 00002000 fd:01 2553                           /system/lib64/libprocinfo.so
TEMP-DEBUG maps: 70c50df000-70c50f4000 r-xp 0000f000 fd:01 2264                           /system/lib64/libapexsupport.so
TEMP-DEBUG maps: 70c5105000-70c5106000 r-xp 00001000 fd:01 1998                           /system/lib64/android.database.sqlite-aconfig-cc.so
TEMP-DEBUG maps: 70c5185000-70c51a2000 r-xp 00011000 fd:01 2339                           /system/lib64/libclang_rt.ubsan_standalone-aarch64-android.so
TEMP-DEBUG maps: 70c7869000-70c786b000 r-xp 00001000 fd:01 2156                           /system/lib64/android.media.audiopolicy-aconfig-cc.so
TEMP-DEBUG maps: 70c788c000-70c789a000 r-xp 00008000 fd:01 2240                           /system/lib64/libaconfig_storage_read_api_cc.so
TEMP-DEBUG maps: 70c795c000-70c79e8000 r-xp 0007a000 fd:01 2326                           /system/lib64/libc++.so
TEMP-DEBUG maps: 70c9a46000-70c9a49000 r-xp 00005000 fd:01 2106                           /system/lib64/android.hardware.memtrack-V1-ndk.so
TEMP-DEBUG maps: 70c9a8f000-70c9ab0000 r-xp 00009000 fd:01 2485                           /system/lib64/liblzma.so
TEMP-DEBUG maps: 70c9ce4000-70ca454000 r-xp 00200000 fd:01 2435                           /system/lib64/libhwui.so
TEMP-DEBUG maps: 70ca754000-70ca760000 r-xp 00006000 fd:01 2501                           /system/lib64/libmediametrics.so
TEMP-DEBUG maps: 70ca792000-70ca79e000 r-xp 00009000 fd:01 2366                           /system/lib64/libcutils.so
TEMP-DEBUG maps: 70ca7d9000-70ca7da000 r-xp 00001000 fd:01 2520                           /system/lib64/libnativebridge_lazy.so
TEMP-DEBUG maps: 70cba66000-70cba68000 r-xp 00001000 fd:01 2580                           /system/lib64/libshmemutil.so
TEMP-DEBUG maps: 70cba99000-70cba9c000 r-xp 00003000 fd:01 2074                           /system/lib64/android.hardware.graphics.common-V7-ndk.so
TEMP-DEBUG maps: 70cbacd000-70cbacf000 r-xp 00001000 fd:01 2193                           /system/lib64/com.android.media.audioclient-aconfig-cc.so
TEMP-DEBUG maps: 70cbb0a000-70cbb2a000 r-xp 00009000 fd:01 2390                           /system/lib64/libexpat.so
TEMP-DEBUG maps: 70cbb57000-70cbb5e000 r-xp 00009000 fd:01 2521                           /system/lib64/libnativedisplay.so
TEMP-DEBUG maps: 70cd990000-70cd991000 r-xp 00000000 00:00 0                              [vdso]
TEMP-DEBUG maps: 70cd9df000-70cdb51000 r-xp 0004e000 07:b0 16                             /apex/com.android.runtime/bin/linker64
TEMP-DEBUG exec segments at injection: 249
remote mapped /data/adb/modules/rezygisk/lib64/libzygisk.so at 0x100000000 (size 0x184000), entry 0x1000ad324, backing=memfd
process 11480 stopped by SIGCHLD, continue
cp request: action=0
Received Zygote64 injected command
status updated: Monitor: ✅, ReZygisk 64-bit: ✅, ReZygisk 32-bit: ✅
client entry call returned 0x17373f60
invoke entry
inject done, continuing process
received SIGCONT, detaching zygote
trace complete, zygote 11480 released
remote mapped /data/adb/modules/rezygisk/lib/libzygisk.so at 0xe5077000 (size 0x109000), entry 0xe50dd34d
cp request: action=3
cp request: action=0
Received Zygote32 injected command
status updated: Monitor: ✅, ReZygisk 64-bit: ✅, ReZygisk 32-bit: ✅
client entry call returned 0x1
invoke entry
inject done, continuing process
received SIGCONT, detaching zygote
trace complete, zygote 11470 released
Zygote32 restart too much times, stop injecting
stop tracing init
idle: Stopped, tracked pids: 0
idle: Stopped, tracked pids: 0
idle: Stopped, tracked pids: 0
idle: Stopped, tracked pids: 0
idle: Stopped, tracked pids: 0
idle: Stopped, tracked pids: 0
idle: Stopped, tracked pids: 0
Start tracing init
status updated: Monitor: ✅, ReZygisk 64-bit: ✅, ReZygisk 32-bit: ✅
ReZygiskd32 already running
handoff tracer: pid=16284 program=/system/bin/app_process32 tracer=./bin/zygisk-ptrace32 tango=no
exec tracer command: ./bin/zygisk-ptrace32 trace 16284 --restart
ReZygiskd64 already running
handoff tracer: pid=16286 program=/system/bin/app_process64 tracer=./bin/zygisk-ptrace64 tango=no
tracer 1.0.0 online

=== [zygisk-ptrace trace] pid=16288 epoch=1790029752 stdio redirected ===
start tracing 16284 (tracer 16288)
injecting /data/adb/modules/rezygisk/lib/libzygisk.so to zygote 16284
exec tracer command: ./bin/zygisk-ptrace64 trace 16286 --restart
tracer 1.0.0 online

=== [zygisk-ptrace trace] pid=16297 epoch=1790029752 stdio redirected ===
start tracing 16286 (tracer 16297)
injecting /data/adb/modules/rezygisk/lib64/libzygisk.so to zygote 16286
TEMP-DEBUG maps: 5796d3e000-5796d40000 r-xp 00002000 fd:01 223                            /system/bin/app_process64
TEMP-DEBUG maps: 731f423000-731f433000 r-xp 0000f000 fd:01 2495                           /system/lib64/libmedia_quality_include.so
TEMP-DEBUG maps: 731f4ce000-731f4f1000 r-xp 00078000 fd:01 2361                           /system/lib64/libcrypto.so
TEMP-DEBUG maps: 731f4f1000-731f55a000 --xp 0009b000 fd:01 2361                           /system/lib64/libcrypto.so
TEMP-DEBUG maps: 731f55a000-731f5da000 r-xp 00104000 fd:01 2361                           /system/lib64/libcrypto.so
TEMP-DEBUG maps: 7321a4b000-7321a4d000 r-xp 00001000 fd:01 2680                           /system/lib64/shared-file-region-aidl-cpp.so
TEMP-DEBUG maps: 7321abd000-7321abe000 r-xp 00001000 fd:01 2430                           /system/lib64/libhidlallocatorutils.so
TEMP-DEBUG maps: 7321aef000-7321af2000 r-xp 00001000 fd:01 2216                           /system/lib64/libETC1.so
TEMP-DEBUG maps: 7321b1a000-7321b3e000 r-xp 0000e000 fd:01 2300                           /system/lib64/libbase.so
TEMP-DEBUG maps: 7321b71000-7321bf1000 r-xp 00030000 fd:01 2639                           /system/lib64/libunwindstack.so
TEMP-DEBUG maps: 7321c33000-7321c76000 r-xp 00028000 fd:01 2437                           /system/lib64/libimage_io.so
TEMP-DEBUG maps: 7321c94000-7321c9b000 r-xp 00009000 fd:01 2544                           /system/lib64/libpermission.so
TEMP-DEBUG maps: 7321d00000-7321d37000 r-xp 00029000 fd:01 2538                           /system/lib64/libpcre2.so
TEMP-DEBUG maps: 7321d5a000-7321d5c000 r-xp 00005000 07:a8 31                             /apex/com.android.i18n/lib64/libandroidicu.so
TEMP-DEBUG maps: 7321d9e000-7321da5000 r-xp 00009000 fd:01 2521                           /system/lib64/libnativedisplay.so
TEMP-DEBUG maps: 7321ddb000-7321dfc000 r-xp 00017000 fd:01 2601                           /system/lib64/libstagefright_foundation.so
TEMP-DEBUG maps: 7321e18000-7321e24000 r-xp 00006000 fd:01 2501                           /system/lib64/libmediametrics.so
TEMP-DEBUG maps: 7321f4c000-732211f000 r-xp 000f3000 fd:01 2258                           /system/lib64/libandroid_runtime.so
TEMP-DEBUG maps: 732218e000-732218f000 r-xp 00001000 fd:01 2077                           /system/lib64/android.hardware.graphics.common@1.2.so
TEMP-DEBUG maps: 73221e0000-73221ef000 r-xp 0001a000 fd:01 2372                           /system/lib64/libdebugstore_cxx.so
TEMP-DEBUG maps: 7323abe000-7323b92000 r-xp 00073000 fd:01 2555                           /system/lib64/libprotobuf-cpp-lite.so
TEMP-DEBUG maps: 7323bc7000-7323bce000 r-xp 00005000 fd:01 2265                           /system/lib64/libappfuse.so
TEMP-DEBUG maps: 7323c14000-7323c15000 r-xp 00002000 fd:01 2038                           /system/lib64/android.hardware.common-V2-cpp.so
TEMP-DEBUG maps: 7323c9a000-7323d77000 r-xp 0003c000 fd:01 2423                           /system/lib64/libharfbuzz_ng.so
TEMP-DEBUG maps: 7323d9e000-7323dbe000 r-xp 0000f000 fd:01 2439                           /system/lib64/libincfs.so
TEMP-DEBUG maps: 7323dc5000-7323dc6000 r-xp 00001000 fd:01 2257                           /system/lib64/libandroid_net.so
TEMP-DEBUG maps: 7323e1e000-7323e20000 r-xp 00003000 fd:01 2289                           /system/lib64/libaudiomanager.so
TEMP-DEBUG maps: 7323e6e000-7323e8f000 r-xp 00015000 fd:01 2214                           /system/lib64/libEGL.so
TEMP-DEBUG maps: 7323edc000-7323f16000 r-xp 00012000 fd:01 2514                           /system/lib64/libmemunreachable.so
TEMP-DEBUG maps: 7323f73000-7323f74000 r-xp 00001000 fd:01 2520                           /system/lib64/libnativebridge_lazy.so
TEMP-DEBUG maps: 7323fa1000-7323fac000 r-xp 00008000 fd:01 2205                           /system/lib64/graphicbuffersource-aidl-ndk.so
TEMP-DEBUG maps: 7323fec000-7323fef000 r-xp 00003000 fd:01 2074                           /system/lib64/android.hardware.graphics.common-V7-ndk.so
TEMP-DEBUG maps: 7324026000-732402b000 r-xp 00002000 fd:1e 109                            /apex/com.android.art/lib64/libsigchain.so
TEMP-DEBUG maps: 7324056000-7324057000 r-xp 00001000 fd:01 2522                           /system/lib64/libnativeloader_lazy.so
TEMP-DEBUG maps: 73242ca000-7324566000 r-xp 00220000 fd:01 2539                           /system/lib64/libpdfium.so
TEMP-DEBUG maps: 73245e1000-73245e3000 r-xp 00004000 fd:01 1996                           /system/lib64/android.companion.virtual.virtualdevice_aidl-cpp.so
TEMP-DEBUG maps: 7328001000-7328002000 r-xp 00001000 fd:01 2042                           /system/lib64/android.hardware.configstore-utils.so
TEMP-DEBUG maps: 7328053000-732806a000 r-xp 00013000 fd:01 2073                           /system/lib64/android.hardware.graphics.bufferqueue@2.0.so
TEMP-DEBUG maps: 732809e000-73280ac000 r-xp 00010000 fd:01 2053                           /system/lib64/android.hardware.drm@1.3.so
TEMP-DEBUG maps: 73280d8000-73280fc000 r-xp 00014000 07:b0 45                             /apex/com.android.runtime/lib64/bionic/libm.so
TEMP-DEBUG maps: 732810d000-7328121000 r-xp 0000d000 fd:01 2153                           /system/lib64/android.media.audio.common.types-V4-cpp.so
TEMP-DEBUG maps: 732814b000-7328155000 r-xp 0000a000 fd:01 2083                           /system/lib64/android.hardware.graphics.mapper@2.0.so
TEMP-DEBUG maps: 73281b3000-73281b7000 r-xp 00005000 fd:01 2068                           /system/lib64/android.hardware.graphics.allocator-V2-ndk.so
TEMP-DEBUG maps: 73281d7000-73281f0000 r-xp 00015000 fd:01 2025                           /system/lib64/android.hardware.camera.device@3.2.so
TEMP-DEBUG maps: 7328234000-7328235000 r-xp 00001000 fd:01 2620                           /system/lib64/libsync.so
TEMP-DEBUG maps: 732825d000-7328262000 r-xp 00005000 fd:01 1997                           /system/lib64/android.companion.virtualdevice.flags-aconfig-cc.so
TEMP-DEBUG maps: 732829a000-73283a6000 r-xp 00014000 fd:01 2424                           /system/lib64/libharfbuzz_subset.so
TEMP-DEBUG maps: 73283c6000-73283c8000 r-xp 00002000 fd:01 2192                           /system/lib64/com.android.media.audio-aconfig-cc.so
TEMP-DEBUG maps: 73284c7000-73285e8000 r-xp 000c4000 07:a8 37                             /apex/com.android.i18n/lib64/libicuuc.so
TEMP-DEBUG maps: 7329e47000-7329e49000 r-xp 00002000 fd:01 2453                           /system/lib64/libjpegdecoder.so
TEMP-DEBUG maps: 7329eb6000-7329ee8000 r-xp 00012000 fd:01 2282                           /system/lib64/libaudiofoundation.so
TEMP-DEBUG maps: 7329f1b000-7329f24000 r-xp 00008000 fd:01 2499                           /system/lib64/libmediadrmmetrics_lite.so
TEMP-DEBUG maps: 7329f42000-7329f43000 r-xp 00001000 fd:01 2259                           /system/lib64/libandroid_runtime_lazy.so
TEMP-DEBUG maps: 7329fba000-7329fe0000 r-xp 0001a000 fd:01 2503                           /system/lib64/libmediandk.so
TEMP-DEBUG maps: 732a87d000-732a87e000 r-xp 00002000 fd:01 2149                           /system/lib64/android.hidl.token@1.0-utils.so
TEMP-DEBUG maps: 732a8c1000-732a8de000 r-xp 00011000 fd:01 2339                           /system/lib64/libclang_rt.ubsan_standalone-aarch64-android.so
TEMP-DEBUG maps: 732ab77000-732ab7b000 r-xp 00005000 fd:01 2632                           /system/lib64/libtracing_perfetto.so
TEMP-DEBUG maps: 732abad000-732abbd000 r-xp 0000e000 fd:01 2490                           /system/lib64/libmedia_helper.so
TEMP-DEBUG maps: 732abca000-732abd2000 r-xp 0000a000 fd:01 2036                           /system/lib64/android.hardware.cas.native@1.0.so
TEMP-DEBUG maps: 732c65d000-732c677000 r-xp 00015000 fd:01 2072                           /system/lib64/android.hardware.graphics.bufferqueue@1.0.so
TEMP-DEBUG maps: 732c69a000-732c6e5000 r-xp 0000e000 fd:01 2452                           /system/lib64/libjpeg.so
TEMP-DEBUG maps: 732c739000-732c73a000 r-xp 00002000 fd:01 2405                           /system/lib64/libfmq.so
TEMP-DEBUG maps: 732c81f000-732c9c0000 r-xp 000b6000 fd:01 2376                           /system/lib64/libdng_sdk.so
TEMP-DEBUG maps: 732d45d000-732d468000 r-xp 0000b000 fd:01 2085                           /system/lib64/android.hardware.graphics.mapper@3.0.so
TEMP-DEBUG maps: 732d49e000-732d4b2000 r-xp 00012000 fd:01 2102                           /system/lib64/android.hardware.media.c2@1.1.so
TEMP-DEBUG maps: 732d4d0000-732d4d1000 r-xp 00001000 fd:01 2040                           /system/lib64/android.hardware.common.fmq-V1-cpp.so
TEMP-DEBUG maps: 732d523000-732d525000 r-xp 00001000 fd:01 2446                           /system/lib64/libion.so
TEMP-DEBUG maps: 732d55b000-732d55e000 r-xp 0000c000 07:a8 34                             /apex/com.android.i18n/lib64/libicu.so
TEMP-DEBUG maps: 732d5a1000-732d5a3000 r-xp 00002000 fd:01 2579                           /system/lib64/libshmemcompat.so
TEMP-DEBUG maps: 732d5de000-732d5e5000 r-xp 00012000 fd:01 2220                           /system/lib64/libGLESv2.so
TEMP-DEBUG maps: 732d605000-732d606000 r-xp 00001000 fd:01 2212                           /system/lib64/lib-camera-compatibility-info-api.so
TEMP-DEBUG maps: 732d68b000-732d736000 r-xp 0003b000 fd:01 2577                           /system/lib64/libsfplugin_ccodec.so
TEMP-DEBUG maps: 732d7b1000-732d7b8000 r-xp 00012000 fd:01 2222                           /system/lib64/libGLESv3.so
TEMP-DEBUG maps: 732d7dc000-732d7dd000 r-xp 00001000 fd:01 2075                           /system/lib64/android.hardware.graphics.common@1.0.so
TEMP-DEBUG maps: 732ff4e000-7330136000 r-xp 000f8000 fd:01 2442                           /system/lib64/libinput.so
TEMP-DEBUG maps: 73301c4000-73301c6000 r-xp 00001000 fd:01 2352                           /system/lib64/libcodec2_hidl_client@1.1.so
TEMP-DEBUG maps: 7332e4a000-7332e4d000 r-xp 00003000 fd:01 2422                           /system/lib64/libhardware_legacy.so
TEMP-DEBUG maps: 7332e94000-7332eb5000 r-xp 00009000 fd:1e 99                             /apex/com.android.art/lib64/liblzma.so
TEMP-DEBUG maps: 7332ed9000-7332ee5000 r-xp 00009000 fd:01 2681                           /system/lib64/spatializer-aidl-cpp.so
TEMP-DEBUG maps: 7332f36000-7332fb6000 r-xp 00030000 fd:1e 110                            /apex/com.android.art/lib64/libunwindstack.so
TEMP-DEBUG maps: 7332fe4000-7332ff8000 r-xp 0000b000 fd:01 2348                           /system/lib64/libcodec2_aidl_client.so
TEMP-DEBUG maps: 7333039000-733303b000 r-xp 00001000 fd:01 1992                           /system/lib64/aconfig_mediacodec_flags_c_lib.so
TEMP-DEBUG maps: 733307d000-733307e000 r-xp 00001000 fd:01 2049                           /system/lib64/android.hardware.drm.common-V1-ndk.so
TEMP-DEBUG maps: 73330bc000-73330bd000 r-xp 00001000 fd:01 2652                           /system/lib64/libvndksupport.so
TEMP-DEBUG maps: 733311c000-73331bf000 r-xp 00059000 07:b0 41                             /apex/com.android.runtime/lib64/bionic/libc.so
TEMP-DEBUG maps: 73332a1000-73333c4000 r-xp 0009d000 fd:01 2516                           /system/lib64/libminikin.so
TEMP-DEBUG maps: 7335c5d000-7335c60000 r-xp 00006000 fd:01 2204                           /system/lib64/framework-permission-aidl-cpp.so
TEMP-DEBUG maps: 7335ca0000-7335cba000 r-xp 0000a000 fd:01 2509                           /system/lib64/libmeminfo.so
TEMP-DEBUG maps: 7335cd5000-7335cd7000 r-xp 00001000 fd:01 2604                           /system/lib64/libstagefright_http_support.so
TEMP-DEBUG maps: 7335d3c000-7335daf000 r-xp 0002f000 fd:01 2410                           /system/lib64/libft2.so
TEMP-DEBUG maps: 7335de5000-7335deb000 r-xp 00006000 fd:01 2320                           /system/lib64/libbpf_bcc.so
TEMP-DEBUG maps: 7335e43000-7335ea1000 r-xp 00039000 fd:01 2487                           /system/lib64/libmedia.so
TEMP-DEBUG maps: 7335f03000-7335f5b000 r-xp 0003f000 fd:01 2431                           /system/lib64/libhidlbase.so
TEMP-DEBUG maps: 7335f8d000-7335f9a000 r-xp 00006000 fd:01 2350                           /system/lib64/libcodec2_hal_common.so
TEMP-DEBUG maps: 7335fd3000-7335ff3000 r-xp 00009000 fd:01 2390                           /system/lib64/libexpat.so
TEMP-DEBUG maps: 733604e000-73360f8000 r-xp 00026000 fd:01 2542                           /system/lib64/libperfetto_c.so
TEMP-DEBUG maps: 7336129000-7336169000 r-xp 0001f000 fd:01 2176                           /system/lib64/audioflinger-aidl-cpp.so
TEMP-DEBUG maps: 7336192000-733619a000 r-xp 00009000 fd:01 2107                           /system/lib64/android.hardware.memtrack@1.0.so
TEMP-DEBUG maps: 73361d1000-73361d3000 r-xp 00001000 fd:01 2156                           /system/lib64/android.media.audiopolicy-aconfig-cc.so
TEMP-DEBUG maps: 73362b5000-7336341000 r-xp 0007a000 fd:01 2326                           /system/lib64/libc++.so
TEMP-DEBUG maps: 73363d8000-73363fc000 r-xp 0000e000 fd:1e 90                             /apex/com.android.art/lib64/libbase.so
TEMP-DEBUG maps: 7337675000-73376ad000 r-xp 00027000 fd:01 2104                           /system/lib64/android.hardware.media.omx@1.0.so
TEMP-DEBUG maps: 73376e0000-7337707000 r-xp 00017000 fd:01 2598                           /system/lib64/libstagefright_bufferpool@2.0.1.so
TEMP-DEBUG maps: 733780f000-733797c000 r-xp 0009d000 fd:01 2595                           /system/lib64/libstagefright.so
TEMP-DEBUG maps: 7339252000-7339255000 r-xp 00005000 fd:01 2106                           /system/lib64/android.hardware.memtrack-V1-ndk.so
TEMP-DEBUG maps: 73392ab000-73392b8000 r-xp 00008000 fd:01 2599                           /system/lib64/libstagefright_bufferqueue_helper.so
TEMP-DEBUG maps: 73392ea000-73392ec000 r-xp 00004000 fd:01 2677                           /system/lib64/process_info_service_aidl-cpp.so
TEMP-DEBUG maps: 7339323000-7339327000 r-xp 00005000 fd:01 2169                           /system/lib64/android.system.suspend-V1-ndk.so
TEMP-DEBUG maps: 7339342000-7339345000 r-xp 00002000 fd:01 2591                           /system/lib64/libspeexresampler.so
TEMP-DEBUG maps: 73393a8000-73393b8000 r-xp 00008000 fd:01 2663                           /system/lib64/libz.so
TEMP-DEBUG maps: 73393f3000-73393f4000 r-xp 00001000 fd:01 2148                           /system/lib64/android.hidl.safe_union@1.0.so
TEMP-DEBUG maps: 7339439000-733943a000 r-xp 00001000 fd:01 2385                           /system/lib64/libegl_flags.so
TEMP-DEBUG maps: 7339460000-733946a000 r-xp 0000c000 fd:01 2044                           /system/lib64/android.hardware.configstore@1.1.so
TEMP-DEBUG maps: 7339491000-73394b6000 r-xp 0000c000 fd:01 2489                           /system/lib64/libmedia_codeclist_capabilities.so
TEMP-DEBUG maps: 73394db000-73394f9000 r-xp 0001a000 fd:01 2051                           /system/lib64/android.hardware.drm@1.1.so
TEMP-DEBUG maps: 7339538000-733953a000 r-xp 00002000 fd:01 2454                           /system/lib64/libjpegencoder.so
TEMP-DEBUG maps: 7339557000-7339564000 r-xp 0000e000 fd:01 2226                           /system/lib64/libPlatformProperties.so
TEMP-DEBUG maps: 73395a2000-73395a4000 r-xp 00001000 fd:01 2580                           /system/lib64/libshmemutil.so
TEMP-DEBUG maps: 73395df000-73395e8000 r-xp 00003000 fd:01 2626                           /system/lib64/libtimeinstate.so
TEMP-DEBUG maps: 733965b000-73396d8000 r-xp 0004c000 fd:01 2305                           /system/lib64/libbinder.so
TEMP-DEBUG maps: 7339776000-73397c1000 r-xp 00032000 fd:01 2101                           /system/lib64/android.hardware.media.c2@1.0.so
TEMP-DEBUG maps: 7339a64000-7339a68000 r-xp 00003000 fd:01 2371                           /system/lib64/libdebuggerd_client.so
TEMP-DEBUG maps: 7339ad9000-7339bb1000 r-xp 00035000 fd:01 2592                           /system/lib64/libsqlite.so
TEMP-DEBUG maps: 7339bd4000-7339bec000 r-xp 00012000 fd:01 2493                           /system/lib64/libmedia_omx.so
TEMP-DEBUG maps: 7339c3d000-7339c3f000 r-xp 00002000 fd:01 2492                           /system/lib64/libmedia_jni_utils.so
TEMP-DEBUG maps: 7339c66000-7339c7b000 r-xp 00014000 fd:01 2103                           /system/lib64/android.hardware.media.c2@1.2.so
TEMP-DEBUG maps: 7339c9c000-7339caa000 r-xp 00008000 fd:01 2527                           /system/lib64/libnetdutils.so
TEMP-DEBUG maps: 7339cd4000-7339cf7000 r-xp 00013000 fd:01 2596                           /system/lib64/libstagefright_aidl_bufferpool2.so
TEMP-DEBUG maps: 7339d3f000-7339da5000 r-xp 00029000 fd:01 2578                           /system/lib64/libsfplugin_ccodec_utils.so
TEMP-DEBUG maps: 7339dd9000-7339ddd000 r-xp 00003000 fd:01 2603                           /system/lib64/libstagefright_graphicbuffersource_aidl.so
TEMP-DEBUG maps: 7339e1b000-7339e3a000 r-xp 00017000 fd:01 2037                           /system/lib64/android.hardware.cas@1.0.so
TEMP-DEBUG maps: 7339e57000-7339e5c000 r-xp 00003000 fd:01 2526                           /system/lib64/libnetd_client.so
TEMP-DEBUG maps: 7339eb5000-7339eb6000 r-xp 00001000 fd:01 2536                           /system/lib64/libpackagelistparser.so
TEMP-DEBUG maps: 7339ee9000-7339ef7000 r-xp 00008000 fd:01 2240                           /system/lib64/libaconfig_storage_read_api_cc.so
TEMP-DEBUG maps: 7339f2e000-7339f6a000 r-xp 00020000 fd:01 2349                           /system/lib64/libcodec2_client.so
TEMP-DEBUG maps: 7339fe3000-7339fe4000 r-xp 00001000 fd:01 2076                           /system/lib64/android.hardware.graphics.common@1.1.so
TEMP-DEBUG maps: 733cae4000-733cbd3000 r-xp 00099000 fd:01 2418                           /system/lib64/libgui.so
TEMP-DEBUG maps: 733cc14000-733cc28000 r-xp 0000f000 fd:01 2370                           /system/lib64/libdatasource.so
TEMP-DEBUG maps: 733cc6f000-733cc76000 r-xp 00006000 fd:01 2203                           /system/lib64/effect-aidl-cpp.so
TEMP-DEBUG maps: 733cc86000-733cc8f000 r-xp 00004000 fd:01 2321                           /system/lib64/libbpf_minimal.so
TEMP-DEBUG maps: 733ccff000-733cd55000 r-xp 00036000 fd:01 2329                           /system/lib64/libcamera_client.so
TEMP-DEBUG maps: 733cdad000-733cde6000 r-xp 0002a000 fd:01 2635                           /system/lib64/libui.so
TEMP-DEBUG maps: 733ce92000-733cf1e000 r-xp 0007a000 fd:1e 91                             /apex/com.android.art/lib64/libc++.so
TEMP-DEBUG maps: 733cf92000-733cff5000 r-xp 0002f000 fd:01 2505                           /system/lib64/libmediautils.so
TEMP-DEBUG maps: 733d143000-733d778000 r-xp 00124000 fd:01 2456                           /system/lib64/libjxl.so
TEMP-DEBUG maps: 733f674000-733f677000 r-xp 00004000 fd:01 2682                           /system/lib64/volumegroupcallback-aidl-cpp.so
TEMP-DEBUG maps: 733f704000-733f7b6000 r-xp 00052000 fd:01 2275                           /system/lib64/libaudioclient.so
TEMP-DEBUG maps: 7343059000-7343061000 r-xp 00009000 fd:01 2071                           /system/lib64/android.hardware.graphics.allocator@4.0.so
TEMP-DEBUG maps: 73430db000-7343133000 r-xp 00031000 fd:01 2496                           /system/lib64/libmediadrm.so
TEMP-DEBUG maps: 734319d000-73431aa000 r-xp 0000d000 fd:01 2043                           /system/lib64/android.hardware.configstore@1.0.so
TEMP-DEBUG maps: 73431d2000-73431dc000 r-xp 0000c000 fd:01 2569                           /system/lib64/libsensor.so
TEMP-DEBUG maps: 7346c63000-7346c6d000 r-xp 00005000 fd:01 2477                           /system/lib64/liblog.so
TEMP-DEBUG maps: 7346cd5000-7346d10000 r-xp 0001a000 fd:01 2276                           /system/lib64/libaudioclient_aidl_conversion.so
TEMP-DEBUG maps: 7346d95000-7346db1000 r-xp 00010000 fd:01 2602                           /system/lib64/libstagefright_framecapture_utils.so
TEMP-DEBUG maps: 7346dee000-7346dfe000 r-xp 00008000 fd:01 2291                           /system/lib64/libaudiopolicy.so
TEMP-DEBUG maps: 7349ede000-7349f6a000 r-xp 0007a000 fd:01 2326                           /system/lib64/libc++.so
TEMP-DEBUG maps: 7349fd3000-7349fe6000 r-xp 00011000 fd:01 2306                           /system/lib64/libbinder_ndk.so
TEMP-DEBUG maps: 734aa6f000-734aa76000 r-xp 00006000 fd:01 2330                           /system/lib64/libcamera_metadata.so
TEMP-DEBUG maps: 734aa96000-734aa9e000 r-xp 00008000 fd:01 2676                           /system/lib64/packagemanager_aidl-cpp.so
TEMP-DEBUG maps: 734ab00000-734ab36000 r-xp 0001a000 fd:01 2638                           /system/lib64/libultrahdr.so
TEMP-DEBUG maps: 734ad58000-734b4c8000 r-xp 00200000 fd:01 2435                           /system/lib64/libhwui.so
TEMP-DEBUG maps: 734b7a0000-734b7a9000 r-xp 0000b000 fd:01 2098                           /system/lib64/android.hardware.media.bufferpool2-V2-ndk.so
TEMP-DEBUG maps: 734b7e4000-734b7e6000 r-xp 00002000 fd:01 2678                           /system/lib64/server_configurable_flags.so
TEMP-DEBUG maps: 734c061000-734c148000 r-xp 00041000 fd:01 2261                           /system/lib64/libandroidfw.so
TEMP-DEBUG maps: 734c1a8000-734c1ab000 r-xp 00002000 fd:01 2494                           /system/lib64/libmedia_omx_client.so
TEMP-DEBUG maps: 734c1f9000-734c1fe000 r-xp 00003000 fd:01 2178                           /system/lib64/audiopolicy-types-aidl-cpp.so
TEMP-DEBUG maps: 734c85b000-734c86c000 r-xp 00009000 fd:01 2438                           /system/lib64/libimg_utils.so
TEMP-DEBUG maps: 734c8a1000-734c8a4000 r-xp 00005000 fd:01 2523                           /system/lib64/libnativewindow.so
TEMP-DEBUG maps: 734c8c9000-734c8cb000 r-xp 00002000 fd:01 2606                           /system/lib64/libstagefright_omx_utils.so
TEMP-DEBUG maps: 734c919000-734c924000 r-xp 00007000 fd:01 2488                           /system/lib64/libmedia_codeclist.so
TEMP-DEBUG maps: 734c968000-734c96b000 r-xp 00004000 fd:01 2190                           /system/lib64/capture_state_listener-aidl-cpp.so
TEMP-DEBUG maps: 734c9b0000-734c9b8000 r-xp 00009000 fd:01 2145                           /system/lib64/android.hidl.allocator@1.0.so
TEMP-DEBUG maps: 734c9e9000-734c9f0000 r-xp 00008000 fd:01 2146                           /system/lib64/android.hidl.memory.token@1.0.so
TEMP-DEBUG maps: 734ca22000-734ca56000 r-xp 00022000 fd:01 2050                           /system/lib64/android.hardware.drm@1.0.so
TEMP-DEBUG maps: 734caa6000-734caf3000 r-xp 00017000 fd:01 2298                           /system/lib64/libaudioutils.so
TEMP-DEBUG maps: 734cb17000-734cb3b000 r-xp 0000e000 fd:01 2300                           /system/lib64/libbase.so
TEMP-DEBUG maps: 734cb69000-734cb6c000 r-xp 00002000 fd:01 2607                           /system/lib64/libstagefright_surface_utils.so
TEMP-DEBUG maps: 734cb85000-734cb87000 r-xp 00004000 fd:01 2213                           /system/lib64/lib-platform-compat-native-api.so
TEMP-DEBUG maps: 734cbd9000-734cbee000 r-xp 0000f000 fd:01 2264                           /system/lib64/libapexsupport.so
TEMP-DEBUG maps: 734cc07000-734cc08000 r-xp 00002000 fd:01 1994                           /system/lib64/aconfig_view_accessibility_flags_c_lib.so
TEMP-DEBUG maps: 734cc5b000-734cc5c000 r-xp 00002000 fd:01 2301                           /system/lib64/libbattery.so
TEMP-DEBUG maps: 734cca1000-734ccb4000 r-xp 00008000 fd:01 2568                           /system/lib64/libselinux.so
TEMP-DEBUG maps: 734ccde000-734cce7000 r-xp 00009000 fd:01 2150                           /system/lib64/android.hidl.token@1.0.so
TEMP-DEBUG maps: 734cd14000-734cd1d000 r-xp 00008000 fd:01 2416                           /system/lib64/libgraphicsenv.so
TEMP-DEBUG maps: 734cd4c000-734cd4d000 r-xp 00001000 07:b0 43                             /apex/com.android.runtime/lib64/bionic/libdl.so
TEMP-DEBUG maps: 734cdab000-734cdac000 r-xp 00001000 fd:01 2331                           /system/lib64/libcameracompatbilityinfo.so
TEMP-DEBUG maps: 734cde7000-734cdea000 r-xp 00004000 fd:01 2671                           /system/lib64/mediametricsservice-aidl-cpp.so
TEMP-DEBUG maps: 734ce32000-734ce33000 r-xp 00001000 fd:01 2041                           /system/lib64/android.hardware.common.fmq-V1-ndk.so
TEMP-DEBUG maps: 734ce62000-734ce7a000 r-xp 00009000 fd:1e 102                            /apex/com.android.art/lib64/libnativeloader.so
TEMP-DEBUG maps: 734ce95000-734ceae000 r-xp 00015000 fd:01 2099                           /system/lib64/android.hardware.media.bufferpool@2.0.so
TEMP-DEBUG maps: 734ceef000-734cef2000 r-xp 00002000 fd:01 2644                           /system/lib64/libusbhost.so
TEMP-DEBUG maps: 734cf16000-734cf3f000 r-xp 00010000 fd:01 2547                           /system/lib64/libpng.so
TEMP-DEBUG maps: 734cf61000-734cf62000 r-xp 00001000 fd:01 1998                           /system/lib64/android.database.sqlite-aconfig-cc.so
TEMP-DEBUG maps: 734cfa2000-734cfa7000 r-xp 00004000 fd:01 2543                           /system/lib64/libperfetto_framework_jni.so
TEMP-DEBUG maps: 734cfec000-734cff4000 r-xp 00009000 fd:01 2070                           /system/lib64/android.hardware.graphics.allocator@3.0.so
TEMP-DEBUG maps: 734d01e000-734d02e000 r-xp 0000f000 fd:01 2670                           /system/lib64/media_quality_aidl_interface-cpp.so
TEMP-DEBUG maps: 734d065000-734d077000 r-xp 00006000 fd:01 2545                           /system/lib64/libpiex.so
TEMP-DEBUG maps: 734d0a2000-734d0a3000 r-xp 00002000 fd:01 2512                           /system/lib64/libmemtrack.so
TEMP-DEBUG maps: 734d0db000-734d0e6000 r-xp 00005000 fd:01 2310                           /system/lib64/libbinderdebug.so
TEMP-DEBUG maps: 734d106000-734d112000 r-xp 00006000 fd:01 2175                           /system/lib64/audioclient-types-aidl-cpp.so
TEMP-DEBUG maps: 734d158000-734d17a000 r-xp 00014000 fd:01 2525                           /system/lib64/libnblog.so
TEMP-DEBUG maps: 734d1ad000-734d1b5000 r-xp 00009000 fd:01 2069                           /system/lib64/android.hardware.graphics.allocator@2.0.so
TEMP-DEBUG maps: 734d1ca000-734d1cc000 r-xp 00002000 fd:1e 100                            /apex/com.android.art/lib64/libnativebridge.so
TEMP-DEBUG maps: 734d222000-734d223000 r-xp 00002000 fd:01 1993                           /system/lib64/aconfig_text_flags_c_lib.so
TEMP-DEBUG maps: 734d28a000-734d2ae000 r-xp 0001a000 fd:01 2660                           /system/lib64/libwilhelm.so
TEMP-DEBUG maps: 734d2d5000-734d2e3000 r-xp 00009000 fd:01 2375                           /system/lib64/libdmabufheap.so
TEMP-DEBUG maps: 734d323000-734d361000 r-xp 0001c000 fd:01 2551                           /system/lib64/libprocessgroup.so
TEMP-DEBUG maps: 734d3db000-734d3f9000 r-xp 00014000 fd:01 2655                           /system/lib64/libvulkan.so
TEMP-DEBUG maps: 735026c000-735027b000 r-xp 0000d000 fd:01 2147                           /system/lib64/android.hidl.memory@1.0.so
TEMP-DEBUG maps: 7350292000-7350293000 r-xp 00001000 fd:01 2023                           /system/lib64/android.hardware.camera.common@1.0.so
TEMP-DEBUG maps: 735031a000-735033e000 r-xp 00025000 fd:01 2054                           /system/lib64/android.hardware.drm@1.4.so
TEMP-DEBUG maps: 735039e000-73503bb000 r-xp 0001b000 fd:01 2078                           /system/lib64/android.hardware.graphics.composer3-V4-ndk.so
TEMP-DEBUG maps: 73503f3000-73503f6000 r-xp 00006000 fd:01 2218                           /system/lib64/libGLESv1_CM.so
TEMP-DEBUG maps: 7351b44000-7351cf0000 r-xp 00102000 07:a8 36                             /apex/com.android.i18n/lib64/libicui18n.so
TEMP-DEBUG maps: 7351d53000-7351d74000 r-xp 00009000 fd:01 2485                           /system/lib64/liblzma.so
TEMP-DEBUG maps: 7351da0000-7351da1000 r-xp 00001000 fd:01 2347                           /system/lib64/libcodec2.so
TEMP-DEBUG maps: 7351dc5000-7351dc7000 r-xp 00003000 fd:01 2432                           /system/lib64/libhidlmemory.so
TEMP-DEBUG maps: 735244a000-735244b000 r-xp 00001000 07:b0 44                             /apex/com.android.runtime/lib64/bionic/libdl_android.so
TEMP-DEBUG maps: 7352491000-7352492000 r-xp 00002000 fd:01 2553                           /system/lib64/libprocinfo.so
TEMP-DEBUG maps: 73524fa000-7352519000 r-xp 0001f000 fd:01 2100                           /system/lib64/android.hardware.media.c2-V1-ndk.so
TEMP-DEBUG maps: 735255f000-7352572000 r-xp 00007000 fd:01 2608                           /system/lib64/libstagefright_xmlparser.so
TEMP-DEBUG maps: 7352590000-735259c000 r-xp 00009000 fd:01 2665                           /system/lib64/libziparchive.so
TEMP-DEBUG maps: 73525ce000-73525d9000 r-xp 00006000 fd:01 2369                           /system/lib64/libdataloader.so
TEMP-DEBUG maps: 7352615000-7352627000 r-xp 0000e000 fd:01 2645                           /system/lib64/libutils.so
TEMP-DEBUG maps: 7352642000-7352643000 r-xp 00001000 fd:01 2105                           /system/lib64/android.hardware.media@1.0.so
TEMP-DEBUG maps: 7352694000-73526a5000 r-xp 00009000 fd:01 2351                           /system/lib64/libcodec2_hidl_client@1.0.so
TEMP-DEBUG maps: 73526e8000-73526ea000 r-xp 0000c000 fd:01 2196                           /system/lib64/com.android.window.flags.window-aconfig_flags_c_lib.so
TEMP-DEBUG maps: 735274a000-73527ba000 r-xp 00049000 fd:01 2355                           /system/lib64/libcodec2_vndk.so
TEMP-DEBUG maps: 73527cb000-73527d0000 r-xp 00005000 fd:01 2174                           /system/lib64/audio-permission-aidl-cpp.so
TEMP-DEBUG maps: 735282f000-7352831000 r-xp 00002000 fd:01 2189                           /system/lib64/camera_platform_flags_c_lib.so
TEMP-DEBUG maps: 735285d000-735285f000 r-xp 00001000 fd:01 2353                           /system/lib64/libcodec2_hidl_client@1.2.so
TEMP-DEBUG maps: 735288b000-735288d000 r-xp 00001000 fd:01 2504                           /system/lib64/libmediandk_utils.so
TEMP-DEBUG maps: 73528e8000-7352916000 r-xp 00028000 fd:01 2052                           /system/lib64/android.hardware.drm@1.2.so
TEMP-DEBUG maps: 7352957000-735295c000 r-xp 00005000 fd:01 2180                           /system/lib64/av-types-aidl-cpp.so
TEMP-DEBUG maps: 7352997000-7352999000 r-xp 00001000 fd:01 2193                           /system/lib64/com.android.media.audioclient-aconfig-cc.so
TEMP-DEBUG maps: 73529e4000-73529ee000 r-xp 0000b000 fd:01 2084                           /system/lib64/android.hardware.graphics.mapper@2.1.so
TEMP-DEBUG maps: 7352a15000-7352a4c000 r-xp 00015000 fd:01 2177                           /system/lib64/audiopolicy-aidl-cpp.so
TEMP-DEBUG maps: 7352a97000-7352aad000 r-xp 00014000 fd:01 2048                           /system/lib64/android.hardware.drm-V2-ndk.so
TEMP-DEBUG maps: 7352adc000-7352ae6000 r-xp 00009000 fd:01 2232                           /system/lib64/libSurfaceFlingerProp.so
TEMP-DEBUG maps: 7352b1c000-7352b48000 r-xp 00014000 fd:01 2269                           /system/lib64/libaudio_aidl_conversion_common_cpp.so
TEMP-DEBUG maps: 7352b92000-7352b9e000 r-xp 00009000 fd:01 2366                           /system/lib64/libcutils.so
TEMP-DEBUG maps: 7352bf6000-7352bf7000 r-xp 00002000 fd:01 2039                           /system/lib64/android.hardware.common-V2-ndk.so
TEMP-DEBUG maps: 7352c29000-7352c34000 r-xp 00008000 fd:01 2415                           /system/lib64/libgralloctypes.so
TEMP-DEBUG maps: 7352c6f000-7352c70000 r-xp 00001000 fd:01 2421                           /system/lib64/libhardware.so
TEMP-DEBUG maps: 7352c9c000-7352ca3000 r-xp 00005000 fd:01 2600                           /system/lib64/libstagefright_codecbase.so
TEMP-DEBUG maps: 7352ccf000-7352cde000 r-xp 0000e000 fd:01 2086                           /system/lib64/android.hardware.graphics.mapper@4.0.so
TEMP-DEBUG maps: 7352d1e000-7352d31000 r-xp 0000a000 fd:01 2629                           /system/lib64/libtinyxml2.so
TEMP-DEBUG maps: 7354b43000-7354b44000 r-xp 00000000 00:00 0                              [vdso]
TEMP-DEBUG maps: 7354b92000-7354d04000 r-xp 0004e000 07:b0 16                             /apex/com.android.runtime/bin/linker64
TEMP-DEBUG exec segments at injection: 249
remote mapped /data/adb/modules/rezygisk/lib/libzygisk.so at 0xe4937000 (size 0x109000), entry 0xe499d34d
cp request: action=0
Received Zygote32 injected command
status updated: Monitor: ✅, ReZygisk 64-bit: ✅, ReZygisk 32-bit: ✅
client entry call returned 0x1
invoke entry
inject done, continuing process
received SIGCONT, detaching zygote
trace complete, zygote 16284 released
remote mapped /data/adb/modules/rezygisk/lib64/libzygisk.so at 0x100000000 (size 0x184000), entry 0x1000ad324, backing=memfd
process 16286 stopped by SIGCHLD, continue
cp request: action=0
Received Zygote64 injected command
status updated: Monitor: ✅, ReZygisk 64-bit: ✅, ReZygisk 32-bit: ✅
client entry call returned 0x17373f60
invoke entry
inject done, continuing process
received SIGCONT, detaching zygote
trace complete, zygote 16286 released
cp request: action=3
ReZygiskd32 already running
handoff tracer: pid=16439 program=/system/bin/app_process32 tracer=./bin/zygisk-ptrace32 tango=no
exec tracer command: ./bin/zygisk-ptrace32 trace 16439 --restart
tracer 1.0.0 online

=== [zygisk-ptrace trace] pid=16441 epoch=1790029757 stdio redirected ===
start tracing 16439 (tracer 16441)
injecting /data/adb/modules/rezygisk/lib/libzygisk.so to zygote 16439
ReZygiskd64 already running
handoff tracer: pid=16446 program=/system/bin/app_process64 tracer=./bin/zygisk-ptrace64 tango=no
exec tracer command: ./bin/zygisk-ptrace64 trace 16446 --restart
tracer 1.0.0 online

=== [zygisk-ptrace trace] pid=16451 epoch=1790029757 stdio redirected ===
start tracing 16446 (tracer 16451)
injecting /data/adb/modules/rezygisk/lib64/libzygisk.so to zygote 16446
TEMP-DEBUG maps: 5a3024a000-5a3024c000 r-xp 00002000 fd:01 223                            /system/bin/app_process64
TEMP-DEBUG maps: 759e33e000-759e3ca000 r-xp 0007a000 fd:01 2326                           /system/lib64/libc++.so
TEMP-DEBUG maps: 759e522000-759e6ce000 r-xp 00102000 07:a8 36                             /apex/com.android.i18n/lib64/libicui18n.so
TEMP-DEBUG maps: 759e74e000-759e751000 r-xp 00004000 fd:01 2190                           /system/lib64/capture_state_listener-aidl-cpp.so
TEMP-DEBUG maps: 759e78f000-759e7a3000 r-xp 0000f000 fd:01 2370                           /system/lib64/libdatasource.so
TEMP-DEBUG maps: 759e7d8000-759e7ee000 r-xp 00014000 fd:01 2048                           /system/lib64/android.hardware.drm-V2-ndk.so
TEMP-DEBUG maps: 759ec42000-759ec45000 r-xp 00001000 fd:01 2216                           /system/lib64/libETC1.so
TEMP-DEBUG maps: 759ecb0000-759ecb7000 r-xp 00005000 fd:01 2600                           /system/lib64/libstagefright_codecbase.so
TEMP-DEBUG maps: 759ecd0000-759ecf4000 r-xp 0000e000 fd:01 2300                           /system/lib64/libbase.so
TEMP-DEBUG maps: 759ed15000-759ed20000 r-xp 00008000 fd:01 2415                           /system/lib64/libgralloctypes.so
TEMP-DEBUG maps: 759ed68000-759ed78000 r-xp 0000f000 fd:01 2495                           /system/lib64/libmedia_quality_include.so
TEMP-DEBUG maps: 759edbc000-759edbe000 r-xp 00002000 fd:1e 100                            /apex/com.android.art/lib64/libnativebridge.so
TEMP-DEBUG maps: 759ede5000-759edec000 r-xp 00009000 fd:01 2521                           /system/lib64/libnativedisplay.so
TEMP-DEBUG maps: 759ee24000-759ee33000 r-xp 0000e000 fd:01 2086                           /system/lib64/android.hardware.graphics.mapper@4.0.so
TEMP-DEBUG maps: 759ee5b000-759ee6d000 r-xp 0000e000 fd:01 2645                           /system/lib64/libutils.so
TEMP-DEBUG maps: 759eebe000-759ef96000 r-xp 00035000 fd:01 2592                           /system/lib64/libsqlite.so
TEMP-DEBUG maps: 75a125f000-75a126b000 r-xp 00006000 fd:01 2175                           /system/lib64/audioclient-types-aidl-cpp.so
TEMP-DEBUG maps: 75a129c000-75a12a6000 r-xp 0000b000 fd:01 2084                           /system/lib64/android.hardware.graphics.mapper@2.1.so
TEMP-DEBUG maps: 75a12ec000-75a12f7000 r-xp 0000b000 fd:01 2085                           /system/lib64/android.hardware.graphics.mapper@3.0.so
TEMP-DEBUG maps: 75a1312000-75a1332000 r-xp 00009000 fd:01 2390                           /system/lib64/libexpat.so
TEMP-DEBUG maps: 75a1406000-75a1573000 r-xp 0009d000 fd:01 2595                           /system/lib64/libstagefright.so
TEMP-DEBUG maps: 75a3651000-75a365a000 r-xp 00009000 fd:01 2150                           /system/lib64/android.hidl.token@1.0.so
TEMP-DEBUG maps: 75a368e000-75a36af000 r-xp 00009000 fd:1e 99                             /apex/com.android.art/lib64/liblzma.so
TEMP-DEBUG maps: 75a36d9000-75a36e4000 r-xp 00005000 fd:01 2310                           /system/lib64/libbinderdebug.so
TEMP-DEBUG maps: 75a3711000-75a3732000 r-xp 00009000 fd:01 2485                           /system/lib64/liblzma.so
TEMP-DEBUG maps: 75a3749000-75a375a000 r-xp 00009000 fd:01 2351                           /system/lib64/libcodec2_hidl_client@1.0.so
TEMP-DEBUG maps: 75a3783000-75a3785000 r-xp 00001000 fd:01 2446                           /system/lib64/libion.so
TEMP-DEBUG maps: 75a37d8000-75a37f1000 r-xp 00015000 fd:01 2099                           /system/lib64/android.hardware.media.bufferpool@2.0.so
TEMP-DEBUG maps: 75a3896000-75a38b9000 r-xp 00078000 fd:01 2361                           /system/lib64/libcrypto.so
TEMP-DEBUG maps: 75a38b9000-75a3922000 --xp 0009b000 fd:01 2361                           /system/lib64/libcrypto.so
TEMP-DEBUG maps: 75a3922000-75a39a2000 r-xp 00104000 fd:01 2361                           /system/lib64/libcrypto.so
TEMP-DEBUG maps: 75a4e5a000-75a4e5d000 r-xp 00002000 fd:01 2591                           /system/lib64/libspeexresampler.so
TEMP-DEBUG maps: 75a4e88000-75a4e9b000 r-xp 00007000 fd:01 2608                           /system/lib64/libstagefright_xmlparser.so
TEMP-DEBUG maps: 75a4ed9000-75a4eea000 r-xp 00009000 fd:01 2438                           /system/lib64/libimg_utils.so
TEMP-DEBUG maps: 75a4f23000-75a4f25000 r-xp 00001000 fd:01 2580                           /system/lib64/libshmemutil.so
TEMP-DEBUG maps: 75a4f4b000-75a4f4c000 r-xp 00002000 fd:01 2301                           /system/lib64/libbattery.so
TEMP-DEBUG maps: 75a4fa5000-75a4fa8000 r-xp 00003000 fd:01 2074                           /system/lib64/android.hardware.graphics.common-V7-ndk.so
TEMP-DEBUG maps: 75a4fdd000-75a4fec000 r-xp 0001a000 fd:01 2372                           /system/lib64/libdebugstore_cxx.so
TEMP-DEBUG maps: 75a50c8000-75a51e9000 r-xp 000c4000 07:a8 37                             /apex/com.android.i18n/lib64/libicuuc.so
TEMP-DEBUG maps: 75a784f000-75a7854000 r-xp 00004000 fd:01 2543                           /system/lib64/libperfetto_framework_jni.so
TEMP-DEBUG maps: 75a78a8000-75a78b2000 r-xp 0000c000 fd:01 2044                           /system/lib64/android.hardware.configstore@1.1.so
TEMP-DEBUG maps: 75a78e7000-75a78ea000 r-xp 00003000 fd:01 2422                           /system/lib64/libhardware_legacy.so
TEMP-DEBUG maps: 75a7917000-75a7924000 r-xp 0000e000 fd:01 2226                           /system/lib64/libPlatformProperties.so
TEMP-DEBUG maps: 75a7986000-75a79f9000 r-xp 0002f000 fd:01 2410                           /system/lib64/libft2.so
TEMP-DEBUG maps: 75a7a20000-75a7a34000 r-xp 00012000 fd:01 2102                           /system/lib64/android.hardware.media.c2@1.1.so
TEMP-DEBUG maps: 75a7a78000-75a7a7a000 r-xp 00002000 fd:01 2453                           /system/lib64/libjpegdecoder.so
TEMP-DEBUG maps: 75a7a9d000-75a7aa7000 r-xp 0000c000 fd:01 2569                           /system/lib64/libsensor.so
TEMP-DEBUG maps: 75a7afa000-75a7afc000 r-xp 00001000 fd:01 2352                           /system/lib64/libcodec2_hidl_client@1.1.so
TEMP-DEBUG maps: 75a7b13000-75a7b15000 r-xp 00002000 fd:01 2678                           /system/lib64/server_configurable_flags.so
TEMP-DEBUG maps: 75a7b5b000-75a7b62000 r-xp 00012000 fd:01 2222                           /system/lib64/libGLESv3.so
TEMP-DEBUG maps: 75a7bb1000-75a7bb2000 r-xp 00002000 fd:01 1993                           /system/lib64/aconfig_text_flags_c_lib.so
TEMP-DEBUG maps: 75a7be0000-75a7be3000 r-xp 0000c000 07:a8 34                             /apex/com.android.i18n/lib64/libicu.so
TEMP-DEBUG maps: 75a7c42000-75a7c66000 r-xp 00025000 fd:01 2054                           /system/lib64/android.hardware.drm@1.4.so
TEMP-DEBUG maps: 75a7c93000-75a7c95000 r-xp 00001000 fd:01 2604                           /system/lib64/libstagefright_http_support.so
TEMP-DEBUG maps: 75a7cdb000-75a7cdd000 r-xp 00003000 fd:01 2432                           /system/lib64/libhidlmemory.so
TEMP-DEBUG maps: 75a7d14000-75a7d16000 r-xp 00005000 07:a8 31                             /apex/com.android.i18n/lib64/libandroidicu.so
TEMP-DEBUG maps: 75a7d58000-75a7d5b000 r-xp 00002000 fd:01 2644                           /system/lib64/libusbhost.so
TEMP-DEBUG maps: 75a7d8b000-75a7d8c000 r-xp 00001000 fd:01 2042                           /system/lib64/android.hardware.configstore-utils.so
TEMP-DEBUG maps: 75a7ded000-75a7dee000 r-xp 00001000 fd:01 2212                           /system/lib64/lib-camera-compatibility-info-api.so
TEMP-DEBUG maps: 75a7e24000-75a7e31000 r-xp 00006000 fd:01 2350                           /system/lib64/libcodec2_hal_common.so
TEMP-DEBUG maps: 75a7e5d000-75a7e5e000 r-xp 00001000 fd:01 2148                           /system/lib64/android.hidl.safe_union@1.0.so
TEMP-DEBUG maps: 75a7eb7000-75a7f02000 r-xp 00032000 fd:01 2101                           /system/lib64/android.hardware.media.c2@1.0.so
TEMP-DEBUG maps: 75a7f5c000-75a7f7a000 r-xp 0001a000 fd:01 2051                           /system/lib64/android.hardware.drm@1.1.so
TEMP-DEBUG maps: 75a7faa000-75a7fb3000 r-xp 00004000 fd:01 2321                           /system/lib64/libbpf_minimal.so
TEMP-DEBUG maps: 75a7fe5000-75a7fe6000 r-xp 00002000 fd:01 2149                           /system/lib64/android.hidl.token@1.0-utils.so
TEMP-DEBUG maps: 75a802d000-75a8093000 r-xp 00029000 fd:01 2578                           /system/lib64/libsfplugin_ccodec_utils.so
TEMP-DEBUG maps: 75a80d7000-75a80e1000 r-xp 00009000 fd:01 2232                           /system/lib64/libSurfaceFlingerProp.so
TEMP-DEBUG maps: 75a811c000-75a811d000 r-xp 00001000 fd:01 2075                           /system/lib64/android.hardware.graphics.common@1.0.so
TEMP-DEBUG maps: 75a8176000-75a81ae000 r-xp 00027000 fd:01 2104                           /system/lib64/android.hardware.media.omx@1.0.so
TEMP-DEBUG maps: 75a81cd000-75a81ce000 r-xp 00001000 07:b0 43                             /apex/com.android.runtime/lib64/bionic/libdl.so
TEMP-DEBUG maps: 75a9ee1000-75a9fd0000 r-xp 00099000 fd:01 2418                           /system/lib64/libgui.so
TEMP-DEBUG maps: 75ac8b8000-75ac98c000 r-xp 00073000 fd:01 2555                           /system/lib64/libprotobuf-cpp-lite.so
TEMP-DEBUG maps: 75acc60000-75acc62000 r-xp 00004000 fd:01 2213                           /system/lib64/lib-platform-compat-native-api.so
TEMP-DEBUG maps: 75acd72000-75acf13000 r-xp 000b6000 fd:01 2376                           /system/lib64/libdng_sdk.so
TEMP-DEBUG maps: 75acf93000-75acf9c000 r-xp 0000b000 fd:01 2098                           /system/lib64/android.hardware.media.bufferpool2-V2-ndk.so
TEMP-DEBUG maps: 75acfe9000-75acff5000 r-xp 00009000 fd:01 2665                           /system/lib64/libziparchive.so
TEMP-DEBUG maps: 75ae024000-75ae062000 r-xp 0001c000 fd:01 2551                           /system/lib64/libprocessgroup.so
TEMP-DEBUG maps: 75ae0a5000-75ae0e0000 r-xp 0001a000 fd:01 2276                           /system/lib64/libaudioclient_aidl_conversion.so
TEMP-DEBUG maps: 75ae115000-75ae13e000 r-xp 00010000 fd:01 2547                           /system/lib64/libpng.so
TEMP-DEBUG maps: 75ae160000-75ae162000 r-xp 00002000 fd:01 2192                           /system/lib64/com.android.media.audio-aconfig-cc.so
TEMP-DEBUG maps: 75ae1b6000-75ae1ec000 r-xp 0001a000 fd:01 2638                           /system/lib64/libultrahdr.so
TEMP-DEBUG maps: 75ae219000-75ae23d000 r-xp 0000e000 fd:1e 90                             /apex/com.android.art/lib64/libbase.so
TEMP-DEBUG maps: 75ae276000-75ae2f6000 r-xp 00030000 fd:01 2639                           /system/lib64/libunwindstack.so
TEMP-DEBUG maps: 75ae31b000-75ae31c000 r-xp 00001000 fd:01 2430                           /system/lib64/libhidlallocatorutils.so
TEMP-DEBUG maps: 75ae366000-75ae367000 r-xp 00001000 fd:01 2023                           /system/lib64/android.hardware.camera.common@1.0.so
TEMP-DEBUG maps: 75ae3b7000-75ae3b8000 r-xp 00002000 fd:01 2553                           /system/lib64/libprocinfo.so
TEMP-DEBUG maps: 75ae3d2000-75ae3da000 r-xp 00009000 fd:01 2107                           /system/lib64/android.hardware.memtrack@1.0.so
TEMP-DEBUG maps: 75ae41a000-75ae427000 r-xp 00008000 fd:01 2599                           /system/lib64/libstagefright_bufferqueue_helper.so
TEMP-DEBUG maps: 75ae45d000-75ae470000 r-xp 00011000 fd:01 2306                           /system/lib64/libbinder_ndk.so
TEMP-DEBUG maps: 75ae491000-75ae499000 r-xp 00008000 fd:01 2676                           /system/lib64/packagemanager_aidl-cpp.so
TEMP-DEBUG maps: 75ae53b000-75ae5ed000 r-xp 00052000 fd:01 2275                           /system/lib64/libaudioclient.so
TEMP-DEBUG maps: 75ae626000-75ae628000 r-xp 00001000 fd:01 2193                           /system/lib64/com.android.media.audioclient-aconfig-cc.so
TEMP-DEBUG maps: 75ae669000-75ae6a9000 r-xp 0001f000 fd:01 2176                           /system/lib64/audioflinger-aidl-cpp.so
TEMP-DEBUG maps: 75ae6dd000-75ae6df000 r-xp 00001000 fd:01 1992                           /system/lib64/aconfig_mediacodec_flags_c_lib.so
TEMP-DEBUG maps: 75ae74c000-75ae769000 r-xp 00011000 fd:01 2339                           /system/lib64/libclang_rt.ubsan_standalone-aarch64-android.so
TEMP-DEBUG maps: 75afe6e000-75afe9c000 r-xp 00028000 fd:01 2052                           /system/lib64/android.hardware.drm@1.2.so
TEMP-DEBUG maps: 75afef7000-75afefc000 r-xp 00005000 fd:01 2174                           /system/lib64/audio-permission-aidl-cpp.so
TEMP-DEBUG maps: 75aff33000-75aff34000 r-xp 00002000 fd:01 2405                           /system/lib64/libfmq.so
TEMP-DEBUG maps: 75aff50000-75aff54000 r-xp 00005000 fd:01 2169                           /system/lib64/android.system.suspend-V1-ndk.so
TEMP-DEBUG maps: 75affa3000-75affb1000 r-xp 00009000 fd:01 2375                           /system/lib64/libdmabufheap.so
TEMP-DEBUG maps: 75affe7000-75affee000 r-xp 00006000 fd:01 2330                           /system/lib64/libcamera_metadata.so
TEMP-DEBUG maps: 75b002a000-75b0038000 r-xp 00008000 fd:01 2527                           /system/lib64/libnetdutils.so
TEMP-DEBUG maps: 75b005b000-75b0072000 r-xp 00013000 fd:01 2073                           /system/lib64/android.hardware.graphics.bufferqueue@2.0.so
TEMP-DEBUG maps: 75b00a4000-75b00d0000 r-xp 00014000 fd:01 2269                           /system/lib64/libaudio_aidl_conversion_common_cpp.so
TEMP-DEBUG maps: 75b0115000-75b0116000 r-xp 00001000 fd:01 2347                           /system/lib64/libcodec2.so
TEMP-DEBUG maps: 75b015a000-75b016d000 r-xp 0000a000 fd:01 2629                           /system/lib64/libtinyxml2.so
TEMP-DEBUG maps: 75b019b000-75b01a6000 r-xp 00007000 fd:01 2488                           /system/lib64/libmedia_codeclist.so
TEMP-DEBUG maps: 75b01f0000-75b01f1000 r-xp 00001000 fd:01 2620                           /system/lib64/libsync.so
TEMP-DEBUG maps: 75b020f000-75b0234000 r-xp 0000c000 fd:01 2489                           /system/lib64/libmedia_codeclist_capabilities.so
TEMP-DEBUG maps: 75b026d000-75b026f000 r-xp 00002000 fd:01 2492                           /system/lib64/libmedia_jni_utils.so
TEMP-DEBUG maps: 75b02a5000-75b02a8000 r-xp 00004000 fd:01 2682                           /system/lib64/volumegroupcallback-aidl-cpp.so
TEMP-DEBUG maps: 75b02fa000-75b035d000 r-xp 0002f000 fd:01 2505                           /system/lib64/libmediautils.so
TEMP-DEBUG maps: 75b03ce000-75b03f2000 r-xp 0001a000 fd:01 2660                           /system/lib64/libwilhelm.so
TEMP-DEBUG maps: 75b04a0000-75b05c3000 r-xp 0009d000 fd:01 2516                           /system/lib64/libminikin.so
TEMP-DEBUG maps: 75b0624000-75b062b000 r-xp 00012000 fd:01 2220                           /system/lib64/libGLESv2.so
TEMP-DEBUG maps: 75b0656000-75b067a000 r-xp 00014000 07:b0 45                             /apex/com.android.runtime/lib64/bionic/libm.so
TEMP-DEBUG maps: 75b06c9000-75b071f000 r-xp 00036000 fd:01 2329                           /system/lib64/libcamera_client.so
TEMP-DEBUG maps: 75b075b000-75b077a000 r-xp 00017000 fd:01 2037                           /system/lib64/android.hardware.cas@1.0.so
TEMP-DEBUG maps: 75b0790000-75b0795000 r-xp 00005000 fd:01 2180                           /system/lib64/av-types-aidl-cpp.so
TEMP-DEBUG maps: 75b07de000-75b07ea000 r-xp 00009000 fd:01 2366                           /system/lib64/libcutils.so
TEMP-DEBUG maps: 75b0805000-75b0807000 r-xp 00001000 fd:01 2156                           /system/lib64/android.media.audiopolicy-aconfig-cc.so
TEMP-DEBUG maps: 75b0869000-75b086f000 r-xp 00006000 fd:01 2320                           /system/lib64/libbpf_bcc.so
TEMP-DEBUG maps: 75b08a9000-75b08b6000 r-xp 0000d000 fd:01 2043                           /system/lib64/android.hardware.configstore@1.0.so
TEMP-DEBUG maps: 75b0927000-75b097f000 r-xp 0003f000 fd:01 2431                           /system/lib64/libhidlbase.so
TEMP-DEBUG maps: 75b365f000-75b3662000 r-xp 00004000 fd:01 2671                           /system/lib64/mediametricsservice-aidl-cpp.so
TEMP-DEBUG maps: 75b3692000-75b36cc000 r-xp 00012000 fd:01 2514                           /system/lib64/libmemunreachable.so
TEMP-DEBUG maps: 75b371c000-75b3720000 r-xp 00003000 fd:01 2371                           /system/lib64/libdebuggerd_client.so
TEMP-DEBUG maps: 75b377a000-75b377c000 r-xp 00002000 fd:01 2579                           /system/lib64/libshmemcompat.so
TEMP-DEBUG maps: 75b37bc000-75b37f5000 r-xp 0002a000 fd:01 2635                           /system/lib64/libui.so
TEMP-DEBUG maps: 75b381c000-75b382b000 r-xp 0000d000 fd:01 2147                           /system/lib64/android.hidl.memory@1.0.so
TEMP-DEBUG maps: 75b3877000-75b38ae000 r-xp 00029000 fd:01 2538                           /system/lib64/libpcre2.so
TEMP-DEBUG maps: 75b38d7000-75b38f3000 r-xp 00010000 fd:01 2602                           /system/lib64/libstagefright_framecapture_utils.so
TEMP-DEBUG maps: 75b390f000-75b3910000 r-xp 00001000 fd:01 2076                           /system/lib64/android.hardware.graphics.common@1.1.so
TEMP-DEBUG maps: 75b3964000-75b397c000 r-xp 00009000 fd:1e 102                            /apex/com.android.art/lib64/libnativeloader.so
TEMP-DEBUG maps: 75b39aa000-75b39bd000 r-xp 00008000 fd:01 2568                           /system/lib64/libselinux.so
TEMP-DEBUG maps: 75b39e4000-75b39f8000 r-xp 0000b000 fd:01 2348                           /system/lib64/libcodec2_aidl_client.so
TEMP-DEBUG maps: 75b3a08000-75b3a0c000 r-xp 00005000 fd:01 2068                           /system/lib64/android.hardware.graphics.allocator-V2-ndk.so
TEMP-DEBUG maps: 75b3a59000-75b3a90000 r-xp 00015000 fd:01 2177                           /system/lib64/audiopolicy-aidl-cpp.so
TEMP-DEBUG maps: 75b3aef000-75b3afa000 r-xp 00008000 fd:01 2205                           /system/lib64/graphicbuffersource-aidl-ndk.so
TEMP-DEBUG maps: 75b3b24000-75b3b2f000 r-xp 00006000 fd:01 2369                           /system/lib64/libdataloader.so
TEMP-DEBUG maps: 75b3b41000-75b3b42000 r-xp 00001000 fd:01 2522                           /system/lib64/libnativeloader_lazy.so
TEMP-DEBUG maps: 75b3b95000-75b3bb7000 r-xp 00014000 fd:01 2525                           /system/lib64/libnblog.so
TEMP-DEBUG maps: 75b3bd9000-75b3beb000 r-xp 00006000 fd:01 2545                           /system/lib64/libpiex.so
TEMP-DEBUG maps: 75b3c0b000-75b3c15000 r-xp 0000a000 fd:01 2083                           /system/lib64/android.hardware.graphics.mapper@2.0.so
TEMP-DEBUG maps: 75b3c65000-75b3c6a000 r-xp 00003000 fd:01 2178                           /system/lib64/audiopolicy-types-aidl-cpp.so
TEMP-DEBUG maps: 75b3ca8000-75b3ccf000 r-xp 00017000 fd:01 2598                           /system/lib64/libstagefright_bufferpool@2.0.1.so
TEMP-DEBUG maps: 75b3d58000-75b3dd5000 r-xp 0004c000 fd:01 2305                           /system/lib64/libbinder.so
TEMP-DEBUG maps: 75b3e3e000-75b3e9c000 r-xp 00039000 fd:01 2487                           /system/lib64/libmedia.so
TEMP-DEBUG maps: 75b3f0a000-75b3f13000 r-xp 00008000 fd:01 2499                           /system/lib64/libmediadrmmetrics_lite.so
TEMP-DEBUG maps: 75b3f5e000-75b3f67000 r-xp 00008000 fd:01 2416                           /system/lib64/libgraphicsenv.so
TEMP-DEBUG maps: 75b3f9a000-75b3f9f000 r-xp 00005000 fd:01 1997                           /system/lib64/android.companion.virtualdevice.flags-aconfig-cc.so
TEMP-DEBUG maps: 75b3fc8000-75b3fd1000 r-xp 00003000 fd:01 2626                           /system/lib64/libtimeinstate.so
TEMP-DEBUG maps: 75b4270000-75b4278000 r-xp 00009000 fd:01 2071                           /system/lib64/android.hardware.graphics.allocator@4.0.so
TEMP-DEBUG maps: 75b429a000-75b42be000 r-xp 0000e000 fd:01 2300                           /system/lib64/libbase.so
TEMP-DEBUG maps: 75b42fb000-75b43a6000 r-xp 0003b000 fd:01 2577                           /system/lib64/libsfplugin_ccodec.so
TEMP-DEBUG maps: 75b43e2000-75b43e5000 r-xp 00005000 fd:01 2523                           /system/lib64/libnativewindow.so
TEMP-DEBUG maps: 75b442b000-75b442c000 r-xp 00001000 fd:01 2536                           /system/lib64/libpackagelistparser.so
TEMP-DEBUG maps: 75b4462000-75b4477000 r-xp 0000f000 fd:01 2264                           /system/lib64/libapexsupport.so
TEMP-DEBUG maps: 75b44a8000-75b44aa000 r-xp 00001000 fd:01 2680                           /system/lib64/shared-file-region-aidl-cpp.so
TEMP-DEBUG maps: 75b44f5000-75b44f6000 r-xp 00001000 fd:01 1998                           /system/lib64/android.database.sqlite-aconfig-cc.so
TEMP-DEBUG maps: 75b454e000-75b45f8000 r-xp 00026000 fd:01 2542                           /system/lib64/libperfetto_c.so
TEMP-DEBUG maps: 75b462a000-75b4634000 r-xp 00005000 fd:01 2477                           /system/lib64/liblog.so
TEMP-DEBUG maps: 75b4667000-75b466b000 r-xp 00005000 fd:01 2632                           /system/lib64/libtracing_perfetto.so
TEMP-DEBUG maps: 75b469f000-75b46af000 r-xp 0000e000 fd:01 2490                           /system/lib64/libmedia_helper.so
TEMP-DEBUG maps: 75b4711000-75b47f8000 r-xp 00041000 fd:01 2261                           /system/lib64/libandroidfw.so
TEMP-DEBUG maps: 75b4814000-75b4822000 r-xp 00008000 fd:01 2240                           /system/lib64/libaconfig_storage_read_api_cc.so
TEMP-DEBUG maps: 75b4888000-75b4965000 r-xp 0003c000 fd:01 2423                           /system/lib64/libharfbuzz_ng.so
TEMP-DEBUG maps: 75b49af000-75b49fc000 r-xp 00017000 fd:01 2298                           /system/lib64/libaudioutils.so
TEMP-DEBUG maps: 75b4b40000-75b5175000 r-xp 00124000 fd:01 2456                           /system/lib64/libjxl.so
TEMP-DEBUG maps: 75b5ea1000-75b5ef9000 r-xp 00031000 fd:01 2496                           /system/lib64/libmediadrm.so
TEMP-DEBUG maps: 75b5f58000-75b5f72000 r-xp 0000a000 fd:01 2509                           /system/lib64/libmeminfo.so
TEMP-DEBUG maps: 75b5fc0000-75b5fe6000 r-xp 0001a000 fd:01 2503                           /system/lib64/libmediandk.so
TEMP-DEBUG maps: 75b8e4e000-75b8e50000 r-xp 00001000 fd:01 2353                           /system/lib64/libcodec2_hidl_client@1.2.so
TEMP-DEBUG maps: 75b8e93000-75b8e95000 r-xp 00002000 fd:01 2606                           /system/lib64/libstagefright_omx_utils.so
TEMP-DEBUG maps: 75b8ece000-75b8ed0000 r-xp 00002000 fd:01 2454                           /system/lib64/libjpegencoder.so
TEMP-DEBUG maps: 75b8f1f000-75b8f20000 r-xp 00002000 fd:01 1994                           /system/lib64/aconfig_view_accessibility_flags_c_lib.so
TEMP-DEBUG maps: 75b8f5b000-75b8f73000 r-xp 00012000 fd:01 2493                           /system/lib64/libmedia_omx.so
TEMP-DEBUG maps: 75b8fa9000-75b8fc8000 r-xp 0001f000 fd:01 2100                           /system/lib64/android.hardware.media.c2-V1-ndk.so
TEMP-DEBUG maps: 75b901f000-75b9020000 r-xp 00001000 07:b0 44                             /apex/com.android.runtime/lib64/bionic/libdl_android.so
TEMP-DEBUG maps: 75b9054000-75b9060000 r-xp 00006000 fd:01 2501                           /system/lib64/libmediametrics.so
TEMP-DEBUG maps: 75b92c5000-75b9561000 r-xp 00220000 fd:01 2539                           /system/lib64/libpdfium.so
TEMP-DEBUG maps: 75b95e3000-75b95f3000 r-xp 0000f000 fd:01 2670                           /system/lib64/media_quality_aidl_interface-cpp.so
TEMP-DEBUG maps: 75bb871000-75bb8a5000 r-xp 00022000 fd:01 2050                           /system/lib64/android.hardware.drm@1.0.so
TEMP-DEBUG maps: 75bb9b7000-75bbb8a000 r-xp 000f3000 fd:01 2258                           /system/lib64/libandroid_runtime.so
TEMP-DEBUG maps: 75bc967000-75bcb4f000 r-xp 000f8000 fd:01 2442                           /system/lib64/libinput.so
TEMP-DEBUG maps: 75bf04d000-75bf054000 r-xp 00008000 fd:01 2146                           /system/lib64/android.hidl.memory.token@1.0.so
TEMP-DEBUG maps: 75bf098000-75bf0bb000 r-xp 00013000 fd:01 2596                           /system/lib64/libstagefright_aidl_bufferpool2.so
TEMP-DEBUG maps: 75bf0c8000-75bf0cb000 r-xp 00002000 fd:01 2607                           /system/lib64/libstagefright_surface_utils.so
TEMP-DEBUG maps: 75bf12e000-75bf131000 r-xp 00006000 fd:01 2218                           /system/lib64/libGLESv1_CM.so
TEMP-DEBUG maps: 75bf158000-75bf178000 r-xp 0000f000 fd:01 2439                           /system/lib64/libincfs.so
TEMP-DEBUG maps: 75bf196000-75bf1c8000 r-xp 00012000 fd:01 2282                           /system/lib64/libaudiofoundation.so
TEMP-DEBUG maps: 75bf259000-75bf2fc000 r-xp 00059000 07:b0 41                             /apex/com.android.runtime/lib64/bionic/libc.so
TEMP-DEBUG maps: 75bf383000-75bf384000 r-xp 00002000 fd:01 2512                           /system/lib64/libmemtrack.so
TEMP-DEBUG maps: 75bf3e3000-75bf3ea000 r-xp 00005000 fd:01 2265                           /system/lib64/libappfuse.so
TEMP-DEBUG maps: 75c1645000-75c1646000 r-xp 00001000 fd:01 2385                           /system/lib64/libegl_flags.so
TEMP-DEBUG maps: 75c16b0000-75c16fb000 r-xp 0000e000 fd:01 2452                           /system/lib64/libjpeg.so
TEMP-DEBUG maps: 75c1712000-75c1726000 r-xp 0000d000 fd:01 2153                           /system/lib64/android.media.audio.common.types-V4-cpp.so
TEMP-DEBUG maps: 75c1758000-75c1759000 r-xp 00001000 fd:01 2041                           /system/lib64/android.hardware.common.fmq-V1-ndk.so
TEMP-DEBUG maps: 75c17a5000-75c17ba000 r-xp 00014000 fd:01 2103                           /system/lib64/android.hardware.media.c2@1.2.so
TEMP-DEBUG maps: 75c17d2000-75c17d4000 r-xp 0000c000 fd:01 2196                           /system/lib64/com.android.window.flags.window-aconfig_flags_c_lib.so
TEMP-DEBUG maps: 75c181a000-75c1926000 r-xp 00014000 fd:01 2424                           /system/lib64/libharfbuzz_subset.so
TEMP-DEBUG maps: 75c1948000-75c1949000 r-xp 00001000 fd:01 2331                           /system/lib64/libcameracompatbilityinfo.so
TEMP-DEBUG maps: 75c199d000-75c19b6000 r-xp 00015000 fd:01 2025                           /system/lib64/android.hardware.camera.device@3.2.so
TEMP-DEBUG maps: 75c19df000-75c19e0000 r-xp 00001000 fd:01 2520                           /system/lib64/libnativebridge_lazy.so
TEMP-DEBUG maps: 75c1a49000-75c1ab9000 r-xp 00049000 fd:01 2355                           /system/lib64/libcodec2_vndk.so
TEMP-DEBUG maps: 75c1aec000-75c1af4000 r-xp 00009000 fd:01 2145                           /system/lib64/android.hidl.allocator@1.0.so
TEMP-DEBUG maps: 75c1d22000-75c2492000 r-xp 00200000 fd:01 2435                           /system/lib64/libhwui.so
TEMP-DEBUG maps: 75c27a0000-75c27bd000 r-xp 0001b000 fd:01 2078                           /system/lib64/android.hardware.graphics.composer3-V4-ndk.so
TEMP-DEBUG maps: 75c27e2000-75c27ea000 r-xp 0000a000 fd:01 2036                           /system/lib64/android.hardware.cas.native@1.0.so
TEMP-DEBUG maps: 75c5059000-75c507a000 r-xp 00017000 fd:01 2601                           /system/lib64/libstagefright_foundation.so
TEMP-DEBUG maps: 75c50aa000-75c50af000 r-xp 00002000 fd:1e 109                            /apex/com.android.art/lib64/libsigchain.so
TEMP-DEBUG maps: 75c50c6000-75c50c7000 r-xp 00001000 fd:01 2040                           /system/lib64/android.hardware.common.fmq-V1-cpp.so
TEMP-DEBUG maps: 75c5124000-75c5125000 r-xp 00002000 fd:01 2038                           /system/lib64/android.hardware.common-V2-cpp.so
TEMP-DEBUG maps: 75c5142000-75c5144000 r-xp 00002000 fd:01 2189                           /system/lib64/camera_platform_flags_c_lib.so
TEMP-DEBUG maps: 75c51ac000-75c51bc000 r-xp 00008000 fd:01 2663                           /system/lib64/libz.so
TEMP-DEBUG maps: 75c51e6000-75c51ee000 r-xp 00009000 fd:01 2069                           /system/lib64/android.hardware.graphics.allocator@2.0.so
TEMP-DEBUG maps: 75c5210000-75c5213000 r-xp 00002000 fd:01 2494                           /system/lib64/libmedia_omx_client.so
TEMP-DEBUG maps: 75c5267000-75c526e000 r-xp 00009000 fd:01 2544                           /system/lib64/libpermission.so
TEMP-DEBUG maps: 75c52af000-75c52b0000 r-xp 00001000 fd:01 2049                           /system/lib64/android.hardware.drm.common-V1-ndk.so
TEMP-DEBUG maps: 75c52e6000-75c5322000 r-xp 00020000 fd:01 2349                           /system/lib64/libcodec2_client.so
TEMP-DEBUG maps: 75c5349000-75c534a000 r-xp 00001000 fd:01 2259                           /system/lib64/libandroid_runtime_lazy.so
TEMP-DEBUG maps: 75c539b000-75c53ab000 r-xp 00008000 fd:01 2291                           /system/lib64/libaudiopolicy.so
TEMP-DEBUG maps: 75c53d1000-75c53df000 r-xp 00010000 fd:01 2053                           /system/lib64/android.hardware.drm@1.3.so
TEMP-DEBUG maps: 75c541b000-75c5439000 r-xp 00014000 fd:01 2655                           /system/lib64/libvulkan.so
TEMP-DEBUG maps: 75c544c000-75c5453000 r-xp 00006000 fd:01 2203                           /system/lib64/effect-aidl-cpp.so
TEMP-DEBUG maps: 75c5492000-75c549e000 r-xp 00009000 fd:01 2681                           /system/lib64/spatializer-aidl-cpp.so
TEMP-DEBUG maps: 75c54f8000-75c54fb000 r-xp 00005000 fd:01 2106                           /system/lib64/android.hardware.memtrack-V1-ndk.so
TEMP-DEBUG maps: 75c5531000-75c5539000 r-xp 00009000 fd:01 2070                           /system/lib64/android.hardware.graphics.allocator@3.0.so
TEMP-DEBUG maps: 75c5554000-75c5559000 r-xp 00003000 fd:01 2526                           /system/lib64/libnetd_client.so
TEMP-DEBUG maps: 75c55bd000-75c55de000 r-xp 00015000 fd:01 2214                           /system/lib64/libEGL.so
TEMP-DEBUG maps: 75c8054000-75c8055000 r-xp 00001000 fd:01 2652                           /system/lib64/libvndksupport.so
TEMP-DEBUG maps: 75c8113000-75c819f000 r-xp 0007a000 fd:1e 91                             /apex/com.android.art/lib64/libc++.so
TEMP-DEBUG maps: 75c81fd000-75c81fe000 r-xp 00001000 fd:01 2421                           /system/lib64/libhardware.so
TEMP-DEBUG maps: 75c820d000-75c820e000 r-xp 00001000 fd:01 2077                           /system/lib64/android.hardware.graphics.common@1.2.so
TEMP-DEBUG maps: 75c825a000-75c825c000 r-xp 00004000 fd:01 2677                           /system/lib64/process_info_service_aidl-cpp.so
TEMP-DEBUG maps: 75c82aa000-75c82ab000 r-xp 00002000 fd:01 2039                           /system/lib64/android.hardware.common-V2-ndk.so
TEMP-DEBUG maps: 75c82da000-75c82db000 r-xp 00001000 fd:01 2257                           /system/lib64/libandroid_net.so
TEMP-DEBUG maps: 75c8325000-75c8327000 r-xp 00004000 fd:01 1996                           /system/lib64/android.companion.virtual.virtualdevice_aidl-cpp.so
TEMP-DEBUG maps: 75c8347000-75c8348000 r-xp 00001000 fd:01 2105                           /system/lib64/android.hardware.media@1.0.so
TEMP-DEBUG maps: 75c8388000-75c838b000 r-xp 00006000 fd:01 2204                           /system/lib64/framework-permission-aidl-cpp.so
TEMP-DEBUG maps: 75c83d6000-75c83d8000 r-xp 00001000 fd:01 2504                           /system/lib64/libmediandk_utils.so
TEMP-DEBUG maps: 75c842d000-75c8470000 r-xp 00028000 fd:01 2437                           /system/lib64/libimage_io.so
TEMP-DEBUG maps: 75c8504000-75c8590000 r-xp 0007a000 fd:01 2326                           /system/lib64/libc++.so
TEMP-DEBUG maps: 75ca06a000-75ca06c000 r-xp 00003000 fd:01 2289                           /system/lib64/libaudiomanager.so
TEMP-DEBUG maps: 75ca085000-75ca089000 r-xp 00003000 fd:01 2603                           /system/lib64/libstagefright_graphicbuffersource_aidl.so
TEMP-DEBUG maps: 75ca0d5000-75ca0ef000 r-xp 00015000 fd:01 2072                           /system/lib64/android.hardware.graphics.bufferqueue@1.0.so
TEMP-DEBUG maps: 75ca130000-75ca1b0000 r-xp 00030000 fd:1e 110                            /apex/com.android.art/lib64/libunwindstack.so
TEMP-DEBUG maps: 75cbfe0000-75cbfe1000 r-xp 00000000 00:00 0                              [vdso]
TEMP-DEBUG maps: 75cc02f000-75cc1a1000 r-xp 0004e000 07:b0 16                             /apex/com.android.runtime/bin/linker64
TEMP-DEBUG exec segments at injection: 249
remote mapped /data/adb/modules/rezygisk/lib/libzygisk.so at 0xebf77000 (size 0x109000), entry 0xebfdd34d
cp request: action=0
Received Zygote32 injected command
status updated: Monitor: ✅, ReZygisk 64-bit: ✅, ReZygisk 32-bit: ✅
client entry call returned 0x1
invoke entry
inject done, continuing process
received SIGCONT, detaching zygote
trace complete, zygote 16439 released
remote mapped /data/adb/modules/rezygisk/lib64/libzygisk.so at 0x100000000 (size 0x184000), entry 0x1000ad324, backing=memfd
process 16446 stopped by SIGCHLD, continue
cp request: action=0
Received Zygote64 injected command
status updated: Monitor: ✅, ReZygisk 64-bit: ✅, ReZygisk 32-bit: ✅
client entry call returned 0x17373f60
invoke entry
inject done, continuing process
received SIGCONT, detaching zygote
trace complete, zygote 16446 released
cp request: action=3
ReZygiskd32 already running
handoff tracer: pid=16583 program=/system/bin/app_process32 tracer=./bin/zygisk-ptrace32 tango=no
exec tracer command: ./bin/zygisk-ptrace32 trace 16583 --restart
tracer 1.0.0 online

=== [zygisk-ptrace trace] pid=16585 epoch=1790029762 stdio redirected ===
cp request: action=6
start tracing 16583 (tracer 16585)
injecting /data/adb/modules/rezygisk/lib/libzygisk.so to zygote 16583
ReZygiskd64 already running
handoff tracer: pid=16590 program=/system/bin/app_process64 tracer=./bin/zygisk-ptrace64 tango=no
exec tracer command: ./bin/zygisk-ptrace64 trace 16590 --restart
tracer 1.0.0 online

=== [zygisk-ptrace trace] pid=16594 epoch=1790029762 stdio redirected ===
cp request: action=6
start tracing 16590 (tracer 16594)
injecting /data/adb/modules/rezygisk/lib64/libzygisk.so to zygote 16590
TEMP-DEBUG maps: 6203f1e000-6203f20000 r-xp 00002000 fd:01 223                            /system/bin/app_process64
TEMP-DEBUG maps: 6fc16d8000-6fc1782000 r-xp 00026000 fd:01 2542                           /system/lib64/libperfetto_c.so
TEMP-DEBUG maps: 6fc1a88000-6fc1aa9000 r-xp 00015000 fd:01 2214                           /system/lib64/libEGL.so
TEMP-DEBUG maps: 6fc1b03000-6fc1b20000 r-xp 00011000 fd:01 2339                           /system/lib64/libclang_rt.ubsan_standalone-aarch64-android.so
TEMP-DEBUG maps: 6fc1dc9000-6fc1dcb000 r-xp 00002000 fd:01 2492                           /system/lib64/libmedia_jni_utils.so
TEMP-DEBUG maps: 6fc2875000-6fc2876000 r-xp 00002000 fd:01 2038                           /system/lib64/android.hardware.common-V2-cpp.so
TEMP-DEBUG maps: 6fc2897000-6fc289e000 r-xp 00012000 fd:01 2220                           /system/lib64/libGLESv2.so
TEMP-DEBUG maps: 6fc28d8000-6fc28ec000 r-xp 00012000 fd:01 2102                           /system/lib64/android.hardware.media.c2@1.1.so
TEMP-DEBUG maps: 6fc2929000-6fc292f000 r-xp 00006000 fd:01 2320                           /system/lib64/libbpf_bcc.so
TEMP-DEBUG maps: 6fc296a000-6fc296d000 r-xp 00006000 fd:01 2204                           /system/lib64/framework-permission-aidl-cpp.so
TEMP-DEBUG maps: 6fc299b000-6fc29a9000 r-xp 00010000 fd:01 2053                           /system/lib64/android.hardware.drm@1.3.so
TEMP-DEBUG maps: 6fc29e6000-6fc29f0000 r-xp 00005000 fd:01 2477                           /system/lib64/liblog.so
TEMP-DEBUG maps: 6fc2a2c000-6fc2a35000 r-xp 00004000 fd:01 2321                           /system/lib64/libbpf_minimal.so
TEMP-DEBUG maps: 6fc2ad4000-6fc2af7000 r-xp 00078000 fd:01 2361                           /system/lib64/libcrypto.so
TEMP-DEBUG maps: 6fc2af7000-6fc2b60000 --xp 0009b000 fd:01 2361                           /system/lib64/libcrypto.so
TEMP-DEBUG maps: 6fc2b60000-6fc2be0000 r-xp 00104000 fd:01 2361                           /system/lib64/libcrypto.so
TEMP-DEBUG maps: 6fc3859000-6fc3861000 r-xp 00008000 fd:01 2676                           /system/lib64/packagemanager_aidl-cpp.so
TEMP-DEBUG maps: 6fc38ba000-6fc38be000 r-xp 00003000 fd:01 2371                           /system/lib64/libdebuggerd_client.so
TEMP-DEBUG maps: 6fc38ca000-6fc38cf000 r-xp 00005000 fd:01 2174                           /system/lib64/audio-permission-aidl-cpp.so
TEMP-DEBUG maps: 6fc3918000-6fc3936000 r-xp 00014000 fd:01 2655                           /system/lib64/libvulkan.so
TEMP-DEBUG maps: 6fc3953000-6fc3955000 r-xp 00004000 fd:01 2677                           /system/lib64/process_info_service_aidl-cpp.so
TEMP-DEBUG maps: 6fc3b8f000-6fc42ff000 r-xp 00200000 fd:01 2435                           /system/lib64/libhwui.so
TEMP-DEBUG maps: 6fc4e80000-6fc4eb4000 r-xp 00022000 fd:01 2050                           /system/lib64/android.hardware.drm@1.0.so
TEMP-DEBUG maps: 6fc4f3b000-6fc4f3d000 r-xp 00002000 fd:01 2189                           /system/lib64/camera_platform_flags_c_lib.so
TEMP-DEBUG maps: 6fc4f58000-6fc4f5b000 r-xp 00004000 fd:01 2190                           /system/lib64/capture_state_listener-aidl-cpp.so
TEMP-DEBUG maps: 6fc4fb9000-6fc4fd8000 r-xp 0001f000 fd:01 2100                           /system/lib64/android.hardware.media.c2-V1-ndk.so
TEMP-DEBUG maps: 6fc8ce1000-6fc8dd0000 r-xp 00099000 fd:01 2418                           /system/lib64/libgui.so
TEMP-DEBUG maps: 6fc8ec5000-6fc8fe6000 r-xp 000c4000 07:a8 37                             /apex/com.android.i18n/lib64/libicuuc.so
TEMP-DEBUG maps: 6fcc86f000-6fcc871000 r-xp 00001000 fd:01 2604                           /system/lib64/libstagefright_http_support.so
TEMP-DEBUG maps: 6fcc8a1000-6fcc8b7000 r-xp 00014000 fd:01 2048                           /system/lib64/android.hardware.drm-V2-ndk.so
TEMP-DEBUG maps: 6fcc8dd000-6fcc8ec000 r-xp 0001a000 fd:01 2372                           /system/lib64/libdebugstore_cxx.so
TEMP-DEBUG maps: 6fcc911000-6fcc932000 r-xp 00009000 fd:01 2485                           /system/lib64/liblzma.so
TEMP-DEBUG maps: 6fcc96b000-6fcc974000 r-xp 00009000 fd:01 2150                           /system/lib64/android.hidl.token@1.0.so
TEMP-DEBUG maps: 6fcc995000-6fcc9c1000 r-xp 00014000 fd:01 2269                           /system/lib64/libaudio_aidl_conversion_common_cpp.so
TEMP-DEBUG maps: 6fcca1c000-6fcca2f000 r-xp 00008000 fd:01 2568                           /system/lib64/libselinux.so
TEMP-DEBUG maps: 6fcca6f000-6fcca78000 r-xp 00008000 fd:01 2499                           /system/lib64/libmediadrmmetrics_lite.so
TEMP-DEBUG maps: 6fccac0000-6fccb0b000 r-xp 00032000 fd:01 2101                           /system/lib64/android.hardware.media.c2@1.0.so
TEMP-DEBUG maps: 6fccb98000-6fccba4000 r-xp 00009000 fd:01 2366                           /system/lib64/libcutils.so
TEMP-DEBUG maps: 6fccbd3000-6fccbdb000 r-xp 0000a000 fd:01 2036                           /system/lib64/android.hardware.cas.native@1.0.so
TEMP-DEBUG maps: 6fce46d000-6fce474000 r-xp 00012000 fd:01 2222                           /system/lib64/libGLESv3.so
TEMP-DEBUG maps: 6fce4a7000-6fce4ba000 r-xp 00007000 fd:01 2608                           /system/lib64/libstagefright_xmlparser.so
TEMP-DEBUG maps: 6fce4d2000-6fce4d3000 r-xp 00001000 fd:01 1998                           /system/lib64/android.database.sqlite-aconfig-cc.so
TEMP-DEBUG maps: 6fce52b000-6fce52c000 r-xp 00001000 fd:01 2040                           /system/lib64/android.hardware.common.fmq-V1-cpp.so
TEMP-DEBUG maps: 6fce595000-6fce5cd000 r-xp 00027000 fd:01 2104                           /system/lib64/android.hardware.media.omx@1.0.so
TEMP-DEBUG maps: 6fd0ccb000-6fd0d57000 r-xp 0007a000 fd:01 2326                           /system/lib64/libc++.so
TEMP-DEBUG maps: 6fd0dba000-6fd0dbb000 r-xp 00001000 fd:01 2331                           /system/lib64/libcameracompatbilityinfo.so
TEMP-DEBUG maps: 6fd0df2000-6fd0df4000 r-xp 00001000 fd:01 2353                           /system/lib64/libcodec2_hidl_client@1.2.so
TEMP-DEBUG maps: 6fd2c54000-6fd2c57000 r-xp 00004000 fd:01 2682                           /system/lib64/volumegroupcallback-aidl-cpp.so
TEMP-DEBUG maps: 6fd2c8d000-6fd2c95000 r-xp 00009000 fd:01 2069                           /system/lib64/android.hardware.graphics.allocator@2.0.so
TEMP-DEBUG maps: 6fd2ce2000-6fd2cf7000 r-xp 0000f000 fd:01 2264                           /system/lib64/libapexsupport.so
TEMP-DEBUG maps: 6fd2d2d000-6fd2d5b000 r-xp 00028000 fd:01 2052                           /system/lib64/android.hardware.drm@1.2.so
TEMP-DEBUG maps: 6fd2db5000-6fd2db8000 r-xp 0000c000 07:a8 34                             /apex/com.android.i18n/lib64/libicu.so
TEMP-DEBUG maps: 6fd2de0000-6fd2df8000 r-xp 00009000 fd:1e 102                            /apex/com.android.art/lib64/libnativeloader.so
TEMP-DEBUG maps: 6fd2e47000-6fd2eba000 r-xp 0002f000 fd:01 2410                           /system/lib64/libft2.so
TEMP-DEBUG maps: 6fd2ef0000-6fd2ef3000 r-xp 00003000 fd:01 2074                           /system/lib64/android.hardware.graphics.common-V7-ndk.so
TEMP-DEBUG maps: 6fd2f0c000-6fd2f0f000 r-xp 00003000 fd:01 2422                           /system/lib64/libhardware_legacy.so
TEMP-DEBUG maps: 6fd2f7f000-6fd2fdd000 r-xp 00039000 fd:01 2487                           /system/lib64/libmedia.so
TEMP-DEBUG maps: 6fd3033000-6fd3099000 r-xp 00029000 fd:01 2578                           /system/lib64/libsfplugin_ccodec_utils.so
TEMP-DEBUG maps: 6fd30d2000-6fd30f2000 r-xp 0000f000 fd:01 2439                           /system/lib64/libincfs.so
TEMP-DEBUG maps: 6fd3110000-6fd3111000 r-xp 00001000 07:b0 43                             /apex/com.android.runtime/lib64/bionic/libdl.so
TEMP-DEBUG maps: 6fd315b000-6fd316f000 r-xp 0000d000 fd:01 2153                           /system/lib64/android.media.audio.common.types-V4-cpp.so
TEMP-DEBUG maps: 6fd31a0000-6fd31de000 r-xp 0001c000 fd:01 2551                           /system/lib64/libprocessgroup.so
TEMP-DEBUG maps: 6fd334e000-6fd3983000 r-xp 00124000 fd:01 2456                           /system/lib64/libjxl.so
TEMP-DEBUG maps: 6fd542d000-6fd542e000 r-xp 00001000 fd:01 2430                           /system/lib64/libhidlallocatorutils.so
TEMP-DEBUG maps: 6fd5469000-6fd54ac000 r-xp 00028000 fd:01 2437                           /system/lib64/libimage_io.so
TEMP-DEBUG maps: 6fd5546000-6fd55d2000 r-xp 0007a000 fd:01 2326                           /system/lib64/libc++.so
TEMP-DEBUG maps: 6fd5634000-6fd5697000 r-xp 0002f000 fd:01 2505                           /system/lib64/libmediautils.so
TEMP-DEBUG maps: 6fd570b000-6fd57e3000 r-xp 00035000 fd:01 2592                           /system/lib64/libsqlite.so
TEMP-DEBUG maps: 6fd9658000-6fd965a000 r-xp 00004000 fd:01 2213                           /system/lib64/lib-platform-compat-native-api.so
TEMP-DEBUG maps: 6fd9696000-6fd9697000 r-xp 00001000 fd:01 2075                           /system/lib64/android.hardware.graphics.common@1.0.so
TEMP-DEBUG maps: 6fd96da000-6fd96f1000 r-xp 00013000 fd:01 2073                           /system/lib64/android.hardware.graphics.bufferqueue@2.0.so
TEMP-DEBUG maps: 6fd9703000-6fd9706000 r-xp 00002000 fd:01 2644                           /system/lib64/libusbhost.so
TEMP-DEBUG maps: 6fd978a000-6fd97fa000 r-xp 00049000 fd:01 2355                           /system/lib64/libcodec2_vndk.so
TEMP-DEBUG maps: 6fd9937000-6fd9b1f000 r-xp 000f8000 fd:01 2442                           /system/lib64/libinput.so
TEMP-DEBUG maps: 6fd9bd2000-6fd9be1000 r-xp 0000e000 fd:01 2086                           /system/lib64/android.hardware.graphics.mapper@4.0.so
TEMP-DEBUG maps: 6fdc85b000-6fdc8db000 r-xp 00030000 fd:01 2639                           /system/lib64/libunwindstack.so
TEMP-DEBUG maps: 6fdc944000-6fdc946000 r-xp 00001000 fd:01 2680                           /system/lib64/shared-file-region-aidl-cpp.so
TEMP-DEBUG maps: 6fdc9aa000-6fdc9b8000 r-xp 00009000 fd:01 2375                           /system/lib64/libdmabufheap.so
TEMP-DEBUG maps: 6fdc9d5000-6fdc9f8000 r-xp 00013000 fd:01 2596                           /system/lib64/libstagefright_aidl_bufferpool2.so
TEMP-DEBUG maps: 6fdf660000-6fdf679000 r-xp 00015000 fd:01 2099                           /system/lib64/android.hardware.media.bufferpool@2.0.so
TEMP-DEBUG maps: 6fdf726000-6fdf7b2000 r-xp 0007a000 fd:1e 91                             /apex/com.android.art/lib64/libc++.so
TEMP-DEBUG maps: 6fe1658000-6fe167c000 r-xp 0000e000 fd:01 2300                           /system/lib64/libbase.so
TEMP-DEBUG maps: 6fe1696000-6fe16ae000 r-xp 00012000 fd:01 2493                           /system/lib64/libmedia_omx.so
TEMP-DEBUG maps: 6fe16ed000-6fe16fa000 r-xp 00006000 fd:01 2350                           /system/lib64/libcodec2_hal_common.so
TEMP-DEBUG maps: 6fe1725000-6fe1726000 r-xp 00001000 fd:01 2620                           /system/lib64/libsync.so
TEMP-DEBUG maps: 6fe1752000-6fe1756000 r-xp 00005000 fd:01 2169                           /system/lib64/android.system.suspend-V1-ndk.so
TEMP-DEBUG maps: 6fe178f000-6fe17a1000 r-xp 0000e000 fd:01 2645                           /system/lib64/libutils.so
TEMP-DEBUG maps: 6fe17db000-6fe17e3000 r-xp 00009000 fd:01 2071                           /system/lib64/android.hardware.graphics.allocator@4.0.so
TEMP-DEBUG maps: 6fe1840000-6fe1864000 r-xp 0001a000 fd:01 2660                           /system/lib64/libwilhelm.so
TEMP-DEBUG maps: 6fe18c3000-6fe196e000 r-xp 0003b000 fd:01 2577                           /system/lib64/libsfplugin_ccodec.so
TEMP-DEBUG maps: 6fe19b3000-6fe19b4000 r-xp 00001000 fd:01 2347                           /system/lib64/libcodec2.so
TEMP-DEBUG maps: 6fe19ec000-6fe19f6000 r-xp 00009000 fd:01 2232                           /system/lib64/libSurfaceFlingerProp.so
TEMP-DEBUG maps: 6fe1a0b000-6fe1a0d000 r-xp 00002000 fd:01 2454                           /system/lib64/libjpegencoder.so
TEMP-DEBUG maps: 6fe1aa0000-6fe1b1d000 r-xp 0004c000 fd:01 2305                           /system/lib64/libbinder.so
TEMP-DEBUG maps: 6fe1b90000-6fe1b91000 r-xp 00001000 fd:01 2105                           /system/lib64/android.hardware.media@1.0.so
TEMP-DEBUG maps: 6fe1bd4000-6fe1bd5000 r-xp 00002000 fd:01 2301                           /system/lib64/libbattery.so
TEMP-DEBUG maps: 6fe265c000-6fe265f000 r-xp 00002000 fd:01 2494                           /system/lib64/libmedia_omx_client.so
TEMP-DEBUG maps: 6fe26a3000-6fe26a6000 r-xp 00005000 fd:01 2523                           /system/lib64/libnativewindow.so
TEMP-DEBUG maps: 6fe273c000-6fe27df000 r-xp 00059000 07:b0 41                             /apex/com.android.runtime/lib64/bionic/libc.so
TEMP-DEBUG maps: 6fe280b000-6fe280c000 r-xp 00002000 fd:01 2039                           /system/lib64/android.hardware.common-V2-ndk.so
TEMP-DEBUG maps: 6fe2868000-6fe286c000 r-xp 00003000 fd:01 2603                           /system/lib64/libstagefright_graphicbuffersource_aidl.so
TEMP-DEBUG maps: 6fe28a7000-6fe28e7000 r-xp 0001f000 fd:01 2176                           /system/lib64/audioflinger-aidl-cpp.so
TEMP-DEBUG maps: 6fe292a000-6fe293c000 r-xp 00006000 fd:01 2545                           /system/lib64/libpiex.so
TEMP-DEBUG maps: 6fe296a000-6fe29a3000 r-xp 0002a000 fd:01 2635                           /system/lib64/libui.so
TEMP-DEBUG maps: 6fe29df000-6fe29f2000 r-xp 00011000 fd:01 2306                           /system/lib64/libbinder_ndk.so
TEMP-DEBUG maps: 6fe2a35000-6fe2a6f000 r-xp 00012000 fd:01 2514                           /system/lib64/libmemunreachable.so
TEMP-DEBUG maps: 6fe2cb4000-6fe2f50000 r-xp 00220000 fd:01 2539                           /system/lib64/libpdfium.so
TEMP-DEBUG maps: 6fe2fde000-6fe2ffb000 r-xp 0001b000 fd:01 2078                           /system/lib64/android.hardware.graphics.composer3-V4-ndk.so
TEMP-DEBUG maps: 6fe484c000-6fe484f000 r-xp 00005000 fd:01 2106                           /system/lib64/android.hardware.memtrack-V1-ndk.so
TEMP-DEBUG maps: 6fe48ac000-6fe48b7000 r-xp 0000b000 fd:01 2085                           /system/lib64/android.hardware.graphics.mapper@3.0.so
TEMP-DEBUG maps: 6fe48d9000-6fe48e1000 r-xp 00009000 fd:01 2107                           /system/lib64/android.hardware.memtrack@1.0.so
TEMP-DEBUG maps: 6fe4910000-6fe4915000 r-xp 00002000 fd:1e 109                            /apex/com.android.art/lib64/libsigchain.so
TEMP-DEBUG maps: 6fe4946000-6fe4947000 r-xp 00001000 fd:01 2385                           /system/lib64/libegl_flags.so
TEMP-DEBUG maps: 6fe499e000-6fe49a1000 r-xp 00002000 fd:01 2607                           /system/lib64/libstagefright_surface_utils.so
TEMP-DEBUG maps: 6fe49dd000-6fe49df000 r-xp 00002000 fd:01 2192                           /system/lib64/com.android.media.audio-aconfig-cc.so
TEMP-DEBUG maps: 6fe4a9f000-6fe4b73000 r-xp 00073000 fd:01 2555                           /system/lib64/libprotobuf-cpp-lite.so
TEMP-DEBUG maps: 6fe4be3000-6fe4bef000 r-xp 00009000 fd:01 2665                           /system/lib64/libziparchive.so
TEMP-DEBUG maps: 6fe5269000-6fe5270000 r-xp 00009000 fd:01 2521                           /system/lib64/libnativedisplay.so
TEMP-DEBUG maps: 6fe5298000-6fe529f000 r-xp 00008000 fd:01 2146                           /system/lib64/android.hidl.memory.token@1.0.so
TEMP-DEBUG maps: 6fe52d4000-6fe52d6000 r-xp 00001000 fd:01 2193                           /system/lib64/com.android.media.audioclient-aconfig-cc.so
TEMP-DEBUG maps: 6fe530a000-6fe530b000 r-xp 00001000 fd:01 2259                           /system/lib64/libandroid_runtime_lazy.so
TEMP-DEBUG maps: 6fe5365000-6fe536c000 r-xp 00005000 fd:01 2265                           /system/lib64/libappfuse.so
TEMP-DEBUG maps: 6fe53b1000-6fe53b8000 r-xp 00006000 fd:01 2330                           /system/lib64/libcamera_metadata.so
TEMP-DEBUG maps: 6fe53dc000-6fe53e4000 r-xp 00009000 fd:01 2070                           /system/lib64/android.hardware.graphics.allocator@3.0.so
TEMP-DEBUG maps: 6fe5433000-6fe543a000 r-xp 00006000 fd:01 2203                           /system/lib64/effect-aidl-cpp.so
TEMP-DEBUG maps: 6fe5456000-6fe547b000 r-xp 0000c000 fd:01 2489                           /system/lib64/libmedia_codeclist_capabilities.so
TEMP-DEBUG maps: 6fe54a0000-6fe54aa000 r-xp 0000c000 fd:01 2569                           /system/lib64/libsensor.so
TEMP-DEBUG maps: 6fe54f7000-6fe5577000 r-xp 00030000 fd:1e 110                            /apex/com.android.art/lib64/libunwindstack.so
TEMP-DEBUG maps: 6fe55b3000-6fe55b5000 r-xp 0000c000 fd:01 2196                           /system/lib64/com.android.window.flags.window-aconfig_flags_c_lib.so
TEMP-DEBUG maps: 6fe55c2000-6fe55c3000 r-xp 00002000 fd:01 2553                           /system/lib64/libprocinfo.so
TEMP-DEBUG maps: 6fe560f000-6fe561f000 r-xp 0000f000 fd:01 2670                           /system/lib64/media_quality_aidl_interface-cpp.so
TEMP-DEBUG maps: 6fe5688000-6fe56e0000 r-xp 0003f000 fd:01 2431                           /system/lib64/libhidlbase.so
TEMP-DEBUG maps: 6fe572a000-6fe5735000 r-xp 00006000 fd:01 2369                           /system/lib64/libdataloader.so
TEMP-DEBUG maps: 6fe5770000-6fe5771000 r-xp 00001000 fd:01 2148                           /system/lib64/android.hidl.safe_union@1.0.so
TEMP-DEBUG maps: 6fe5795000-6fe57be000 r-xp 00010000 fd:01 2547                           /system/lib64/libpng.so
TEMP-DEBUG maps: 6fe57da000-6fe57f9000 r-xp 00017000 fd:01 2037                           /system/lib64/android.hardware.cas@1.0.so
TEMP-DEBUG maps: 6fe5807000-6fe5809000 r-xp 00003000 fd:01 2432                           /system/lib64/libhidlmemory.so
TEMP-DEBUG maps: 6fe5881000-6fe58d7000 r-xp 00036000 fd:01 2329                           /system/lib64/libcamera_client.so
TEMP-DEBUG maps: 6fe5915000-6fe5917000 r-xp 00001000 fd:01 2504                           /system/lib64/libmediandk_utils.so
TEMP-DEBUG maps: 6fe5961000-6fe5993000 r-xp 00012000 fd:01 2282                           /system/lib64/libaudiofoundation.so
TEMP-DEBUG maps: 6fe59ee000-6fe59fa000 r-xp 00009000 fd:01 2681                           /system/lib64/spatializer-aidl-cpp.so
TEMP-DEBUG maps: 6fe5aae000-6fe5bd1000 r-xp 0009d000 fd:01 2516                           /system/lib64/libminikin.so
TEMP-DEBUG maps: 6fe5cb3000-6fe5e20000 r-xp 0009d000 fd:01 2595                           /system/lib64/libstagefright.so
TEMP-DEBUG maps: 6fe5e87000-6fe5e88000 r-xp 00001000 fd:01 2257                           /system/lib64/libandroid_net.so
TEMP-DEBUG maps: 6fe5f05000-6fe5fec000 r-xp 00041000 fd:01 2261                           /system/lib64/libandroidfw.so
TEMP-DEBUG maps: 6fe6c5f000-6fe6c61000 r-xp 00002000 fd:1e 100                            /apex/com.android.art/lib64/libnativebridge.so
TEMP-DEBUG maps: 6fe6c83000-6fe6c85000 r-xp 00002000 fd:01 2579                           /system/lib64/libshmemcompat.so
TEMP-DEBUG maps: 6fe6cda000-6fe6cdb000 r-xp 00002000 fd:01 2405                           /system/lib64/libfmq.so
TEMP-DEBUG maps: 6fe6d10000-6fe6d2c000 r-xp 00010000 fd:01 2602                           /system/lib64/libstagefright_framecapture_utils.so
TEMP-DEBUG maps: 6fe6d43000-6fe6d44000 r-xp 00002000 fd:01 1994                           /system/lib64/aconfig_view_accessibility_flags_c_lib.so
TEMP-DEBUG maps: 6fe6da5000-6fe6daf000 r-xp 0000a000 fd:01 2083                           /system/lib64/android.hardware.graphics.mapper@2.0.so
TEMP-DEBUG maps: 6fe6dd7000-6fe6df1000 r-xp 00015000 fd:01 2072                           /system/lib64/android.hardware.graphics.bufferqueue@1.0.so
TEMP-DEBUG maps: 6fe6ee4000-6fe7085000 r-xp 000b6000 fd:01 2376                           /system/lib64/libdng_sdk.so
TEMP-DEBUG maps: 6fe7136000-6fe7138000 r-xp 00003000 fd:01 2289                           /system/lib64/libaudiomanager.so
TEMP-DEBUG maps: 6fe714c000-6fe7153000 r-xp 00005000 fd:01 2600                           /system/lib64/libstagefright_codecbase.so
TEMP-DEBUG maps: 6fe71a9000-6fe71cd000 r-xp 00025000 fd:01 2054                           /system/lib64/android.hardware.drm@1.4.so
TEMP-DEBUG maps: 6feac07000-6feac09000 r-xp 00001000 fd:01 2156                           /system/lib64/android.media.audiopolicy-aconfig-cc.so
TEMP-DEBUG maps: 6feac4a000-6feac4f000 r-xp 00004000 fd:01 2543                           /system/lib64/libperfetto_framework_jni.so
TEMP-DEBUG maps: 6feac81000-6feac84000 r-xp 00001000 fd:01 2216                           /system/lib64/libETC1.so
TEMP-DEBUG maps: 6feace3000-6feacf0000 r-xp 0000d000 fd:01 2043                           /system/lib64/android.hardware.configstore@1.0.so
TEMP-DEBUG maps: 6fead1c000-6fead1f000 r-xp 00002000 fd:01 2591                           /system/lib64/libspeexresampler.so
TEMP-DEBUG maps: 6fead48000-6fead49000 r-xp 00002000 fd:01 1993                           /system/lib64/aconfig_text_flags_c_lib.so
TEMP-DEBUG maps: 6feadab000-6feadb0000 r-xp 00005000 fd:01 1997                           /system/lib64/android.companion.virtualdevice.flags-aconfig-cc.so
TEMP-DEBUG maps: 6feadde000-6feade7000 r-xp 00008000 fd:01 2416                           /system/lib64/libgraphicsenv.so
TEMP-DEBUG maps: 6feae34000-6feae3c000 r-xp 00009000 fd:01 2145                           /system/lib64/android.hidl.allocator@1.0.so
TEMP-DEBUG maps: 6feae54000-6feae58000 r-xp 00005000 fd:01 2632                           /system/lib64/libtracing_perfetto.so
TEMP-DEBUG maps: 6feae98000-6feae99000 r-xp 00001000 fd:01 2041                           /system/lib64/android.hardware.common.fmq-V1-ndk.so
TEMP-DEBUG maps: 6feaf0f000-6feafec000 r-xp 0003c000 fd:01 2423                           /system/lib64/libharfbuzz_ng.so
TEMP-DEBUG maps: 6feb017000-6feb019000 r-xp 00001000 fd:01 2580                           /system/lib64/libshmemutil.so
TEMP-DEBUG maps: 6feb06a000-6feb176000 r-xp 00014000 fd:01 2424                           /system/lib64/libharfbuzz_subset.so
TEMP-DEBUG maps: 6feb19d000-6feb1d4000 r-xp 00015000 fd:01 2177                           /system/lib64/audiopolicy-aidl-cpp.so
TEMP-DEBUG maps: 6feb20c000-6feb215000 r-xp 00003000 fd:01 2626                           /system/lib64/libtimeinstate.so
TEMP-DEBUG maps: 6feb263000-6feb2b0000 r-xp 00017000 fd:01 2298                           /system/lib64/libaudioutils.so
TEMP-DEBUG maps: 6feb2ec000-6feb322000 r-xp 0001a000 fd:01 2638                           /system/lib64/libultrahdr.so
TEMP-DEBUG maps: 6feb354000-6feb376000 r-xp 00014000 fd:01 2525                           /system/lib64/libnblog.so
TEMP-DEBUG maps: 6feb3b9000-6feb3bb000 r-xp 00004000 fd:01 1996                           /system/lib64/android.companion.virtual.virtualdevice_aidl-cpp.so
TEMP-DEBUG maps: 6feb3d9000-6feb3ee000 r-xp 00014000 fd:01 2103                           /system/lib64/android.hardware.media.c2@1.2.so
TEMP-DEBUG maps: 6feb52b000-6feb6fe000 r-xp 000f3000 fd:01 2258                           /system/lib64/libandroid_runtime.so
TEMP-DEBUG maps: 6feb7a3000-6feb7b0000 r-xp 0000e000 fd:01 2226                           /system/lib64/libPlatformProperties.so
TEMP-DEBUG maps: 6feb7d2000-6feb7e6000 r-xp 0000f000 fd:01 2370                           /system/lib64/libdatasource.so
TEMP-DEBUG maps: 6feec6f000-6feec76000 r-xp 00009000 fd:01 2544                           /system/lib64/libpermission.so
TEMP-DEBUG maps: 6feecad000-6feecbd000 r-xp 00008000 fd:01 2663                           /system/lib64/libz.so
TEMP-DEBUG maps: 6feecf9000-6feecfa000 r-xp 00001000 fd:01 2077                           /system/lib64/android.hardware.graphics.common@1.2.so
TEMP-DEBUG maps: 6feed11000-6feed16000 r-xp 00005000 fd:01 2180                           /system/lib64/av-types-aidl-cpp.so
TEMP-DEBUG maps: 6feed74000-6feed75000 r-xp 00001000 fd:01 2042                           /system/lib64/android.hardware.configstore-utils.so
TEMP-DEBUG maps: 6feed9f000-6feedae000 r-xp 0000d000 fd:01 2147                           /system/lib64/android.hidl.memory@1.0.so
TEMP-DEBUG maps: 6feede9000-6feedeb000 r-xp 00001000 fd:01 2446                           /system/lib64/libion.so
TEMP-DEBUG maps: 6feee18000-6feee1d000 r-xp 00003000 fd:01 2178                           /system/lib64/audiopolicy-types-aidl-cpp.so
TEMP-DEBUG maps: 6feee66000-6feee68000 r-xp 00001000 fd:01 1992                           /system/lib64/aconfig_mediacodec_flags_c_lib.so
TEMP-DEBUG maps: 6feeeaa000-6feeeb5000 r-xp 00005000 fd:01 2310                           /system/lib64/libbinderdebug.so
TEMP-DEBUG maps: 6feeeea000-6feeeeb000 r-xp 00001000 fd:01 2652                           /system/lib64/libvndksupport.so
TEMP-DEBUG maps: 6feef2e000-6feef2f000 r-xp 00001000 fd:01 2049                           /system/lib64/android.hardware.drm.common-V1-ndk.so
TEMP-DEBUG maps: 6feef4e000-6feef5c000 r-xp 00008000 fd:01 2527                           /system/lib64/libnetdutils.so
TEMP-DEBUG maps: 6feef9a000-6feefa3000 r-xp 0000b000 fd:01 2098                           /system/lib64/android.hardware.media.bufferpool2-V2-ndk.so
TEMP-DEBUG maps: 6feefe3000-6feefed000 r-xp 0000b000 fd:01 2084                           /system/lib64/android.hardware.graphics.mapper@2.1.so
TEMP-DEBUG maps: 6fef029000-6fef02a000 r-xp 00002000 fd:01 2512                           /system/lib64/libmemtrack.so
TEMP-DEBUG maps: 6fef05c000-6fef07d000 r-xp 00017000 fd:01 2601                           /system/lib64/libstagefright_foundation.so
TEMP-DEBUG maps: 6fef0b6000-6fef0b9000 r-xp 00006000 fd:01 2218                           /system/lib64/libGLESv1_CM.so
TEMP-DEBUG maps: 6fef0ce000-6fef0ee000 r-xp 00009000 fd:01 2390                           /system/lib64/libexpat.so
TEMP-DEBUG maps: 6fef117000-6fef122000 r-xp 00008000 fd:01 2415                           /system/lib64/libgralloctypes.so
TEMP-DEBUG maps: 6fef15d000-6fef1a8000 r-xp 0000e000 fd:01 2452                           /system/lib64/libjpeg.so
TEMP-DEBUG maps: 6fef1e6000-6fef1f6000 r-xp 0000e000 fd:01 2490                           /system/lib64/libmedia_helper.so
TEMP-DEBUG maps: 6fef201000-6fef202000 r-xp 00001000 fd:01 2023                           /system/lib64/android.hardware.camera.common@1.0.so
TEMP-DEBUG maps: 6fef245000-6fef248000 r-xp 00004000 fd:01 2671                           /system/lib64/mediametricsservice-aidl-cpp.so
TEMP-DEBUG maps: 6fef29c000-6fef2ba000 r-xp 0001a000 fd:01 2051                           /system/lib64/android.hardware.drm@1.1.so
TEMP-DEBUG maps: 6fef307000-6fef32d000 r-xp 0001a000 fd:01 2503                           /system/lib64/libmediandk.so
TEMP-DEBUG maps: 6fef388000-6fef3af000 r-xp 00017000 fd:01 2598                           /system/lib64/libstagefright_bufferpool@2.0.1.so
TEMP-DEBUG maps: 6ff0c5a000-6ff0c7e000 r-xp 0000e000 fd:01 2300                           /system/lib64/libbase.so
TEMP-DEBUG maps: 6ff0ca0000-6ff0cb3000 r-xp 0000a000 fd:01 2629                           /system/lib64/libtinyxml2.so
TEMP-DEBUG maps: 6ff0cd9000-6ff0cfd000 r-xp 00014000 07:b0 45                             /apex/com.android.runtime/lib64/bionic/libm.so
TEMP-DEBUG maps: 6ff0d38000-6ff0d39000 r-xp 00001000 fd:01 2520                           /system/lib64/libnativebridge_lazy.so
TEMP-DEBUG maps: 6ff0d6f000-6ff0d70000 r-xp 00002000 fd:01 2149                           /system/lib64/android.hidl.token@1.0-utils.so
TEMP-DEBUG maps: 6ff0d98000-6ff0da6000 r-xp 00008000 fd:01 2240                           /system/lib64/libaconfig_storage_read_api_cc.so
TEMP-DEBUG maps: 6ff0dc4000-6ff0dc5000 r-xp 00001000 fd:01 2076                           /system/lib64/android.hardware.graphics.common@1.1.so
TEMP-DEBUG maps: 6ff0e28000-6ff0e2d000 r-xp 00003000 fd:01 2526                           /system/lib64/libnetd_client.so
TEMP-DEBUG maps: 6ff0e49000-6ff0e4b000 r-xp 00005000 07:a8 31                             /apex/com.android.i18n/lib64/libandroidicu.so
TEMP-DEBUG maps: 6ff0e97000-6ff0ea8000 r-xp 00009000 fd:01 2351                           /system/lib64/libcodec2_hidl_client@1.0.so
TEMP-DEBUG maps: 6ff0eee000-6ff0eef000 r-xp 00001000 07:b0 44                             /apex/com.android.runtime/lib64/bionic/libdl_android.so
TEMP-DEBUG maps: 6ff0f2d000-6ff0f2f000 r-xp 00002000 fd:01 2606                           /system/lib64/libstagefright_omx_utils.so
TEMP-DEBUG maps: 6ff0f7d000-6ff0fd5000 r-xp 00031000 fd:01 2496                           /system/lib64/libmediadrm.so
TEMP-DEBUG maps: 6ff100a000-6ff101b000 r-xp 00009000 fd:01 2438                           /system/lib64/libimg_utils.so
TEMP-DEBUG maps: 6ff1052000-6ff1076000 r-xp 0000e000 fd:1e 90                             /apex/com.android.art/lib64/libbase.so
TEMP-DEBUG maps: 6ff1088000-6ff1095000 r-xp 00008000 fd:01 2599                           /system/lib64/libstagefright_bufferqueue_helper.so
TEMP-DEBUG maps: 6ff10d4000-6ff10ee000 r-xp 0000a000 fd:01 2509                           /system/lib64/libmeminfo.so
TEMP-DEBUG maps: 6ff1134000-6ff116b000 r-xp 00029000 fd:01 2538                           /system/lib64/libpcre2.so
TEMP-DEBUG maps: 6ff1199000-6ff119d000 r-xp 00005000 fd:01 2068                           /system/lib64/android.hardware.graphics.allocator-V2-ndk.so
TEMP-DEBUG maps: 6ff11ea000-6ff11f5000 r-xp 00008000 fd:01 2205                           /system/lib64/graphicbuffersource-aidl-ndk.so
TEMP-DEBUG maps: 6ff1233000-6ff123f000 r-xp 00006000 fd:01 2175                           /system/lib64/audioclient-types-aidl-cpp.so
TEMP-DEBUG maps: 6ff12b8000-6ff136a000 r-xp 00052000 fd:01 2275                           /system/lib64/libaudioclient.so
TEMP-DEBUG maps: 6ff13cd000-6ff13ee000 r-xp 00009000 fd:1e 99                             /apex/com.android.art/lib64/liblzma.so
TEMP-DEBUG maps: 6ff2e5b000-6ff2e6b000 r-xp 00008000 fd:01 2291                           /system/lib64/libaudiopolicy.so
TEMP-DEBUG maps: 6ff2e97000-6ff2eab000 r-xp 0000b000 fd:01 2348                           /system/lib64/libcodec2_aidl_client.so
TEMP-DEBUG maps: 6ff3000000-6ff31ac000 r-xp 00102000 07:a8 36                             /apex/com.android.i18n/lib64/libicui18n.so
TEMP-DEBUG maps: 6ff4078000-6ff4079000 r-xp 00001000 fd:01 2536                           /system/lib64/libpackagelistparser.so
TEMP-DEBUG maps: 6ff4088000-6ff4089000 r-xp 00001000 fd:01 2522                           /system/lib64/libnativeloader_lazy.so
TEMP-DEBUG maps: 6ff40d8000-6ff40e8000 r-xp 0000f000 fd:01 2495                           /system/lib64/libmedia_quality_include.so
TEMP-DEBUG maps: 6ff4113000-6ff4115000 r-xp 00002000 fd:01 2678                           /system/lib64/server_configurable_flags.so
TEMP-DEBUG maps: 6ff4147000-6ff4149000 r-xp 00002000 fd:01 2453                           /system/lib64/libjpegdecoder.so
TEMP-DEBUG maps: 6ff4197000-6ff41a2000 r-xp 00007000 fd:01 2488                           /system/lib64/libmedia_codeclist.so
TEMP-DEBUG maps: 6ff41d7000-6ff41f0000 r-xp 00015000 fd:01 2025                           /system/lib64/android.hardware.camera.device@3.2.so
TEMP-DEBUG maps: 6ff4225000-6ff4227000 r-xp 00001000 fd:01 2352                           /system/lib64/libcodec2_hidl_client@1.1.so
TEMP-DEBUG maps: 6ff4263000-6ff429e000 r-xp 0001a000 fd:01 2276                           /system/lib64/libaudioclient_aidl_conversion.so
TEMP-DEBUG maps: 6ff42c7000-6ff42d3000 r-xp 00006000 fd:01 2501                           /system/lib64/libmediametrics.so
TEMP-DEBUG maps: 6ff4314000-6ff431e000 r-xp 0000c000 fd:01 2044                           /system/lib64/android.hardware.configstore@1.1.so
TEMP-DEBUG maps: 6ff4366000-6ff4367000 r-xp 00001000 fd:01 2212                           /system/lib64/lib-camera-compatibility-info-api.so
TEMP-DEBUG maps: 6ff43a1000-6ff43dd000 r-xp 00020000 fd:01 2349                           /system/lib64/libcodec2_client.so
TEMP-DEBUG maps: 6ff443d000-6ff443e000 r-xp 00001000 fd:01 2421                           /system/lib64/libhardware.so
TEMP-DEBUG maps: 6ff6237000-6ff6238000 r-xp 00000000 00:00 0                              [vdso]
TEMP-DEBUG maps: 6ff6286000-6ff63f8000 r-xp 0004e000 07:b0 16                             /apex/com.android.runtime/bin/linker64
TEMP-DEBUG exec segments at injection: 249
remote mapped /data/adb/modules/rezygisk/lib/libzygisk.so at 0xe6f37000 (size 0x109000), entry 0xe6f9d34d
cp request: action=0
Received Zygote32 injected command
status updated: Monitor: ✅, ReZygisk 64-bit: ✅, ReZygisk 32-bit: ✅
client entry call returned 0x1
invoke entry
inject done, continuing process
received SIGCONT, detaching zygote
trace complete, zygote 16583 released
remote mapped /data/adb/modules/rezygisk/lib64/libzygisk.so at 0x100000000 (size 0x184000), entry 0x1000ad324, backing=memfd
process 16590 stopped by SIGCHLD, continue
cp request: action=0
Received Zygote64 injected command
status updated: Monitor: ✅, ReZygisk 64-bit: ✅, ReZygisk 32-bit: ✅
client entry call returned 0x17373f60
invoke entry
inject done, continuing process
received SIGCONT, detaching zygote
trace complete, zygote 16590 released
cp request: action=3
ReZygiskd32 already running
handoff tracer: pid=16726 program=/system/bin/app_process32 tracer=./bin/zygisk-ptrace32 tango=no
exec tracer command: ./bin/zygisk-ptrace32 trace 16726 --restart
tracer 1.0.0 online

=== [zygisk-ptrace trace] pid=16732 epoch=1790029767 stdio redirected ===
cp request: action=6
start tracing 16726 (tracer 16732)
injecting /data/adb/modules/rezygisk/lib/libzygisk.so to zygote 16726
ReZygiskd64 already running
handoff tracer: pid=16735 program=/system/bin/app_process64 tracer=./bin/zygisk-ptrace64 tango=no
exec tracer command: ./bin/zygisk-ptrace64 trace 16735 --restart
tracer 1.0.0 online

=== [zygisk-ptrace trace] pid=16738 epoch=1790029767 stdio redirected ===
cp request: action=6
start tracing 16735 (tracer 16738)
injecting /data/adb/modules/rezygisk/lib64/libzygisk.so to zygote 16735
TEMP-DEBUG maps: 557dda4000-557dda6000 r-xp 00002000 fd:01 223                            /system/bin/app_process64
TEMP-DEBUG maps: 7f4491a000-7f4491c000 r-xp 00004000 fd:01 2677                           /system/lib64/process_info_service_aidl-cpp.so
TEMP-DEBUG maps: 7f44950000-7f44955000 r-xp 00002000 fd:1e 109                            /apex/com.android.art/lib64/libsigchain.so
TEMP-DEBUG maps: 7f4499d000-7f449a2000 r-xp 00004000 fd:01 2543                           /system/lib64/libperfetto_framework_jni.so
TEMP-DEBUG maps: 7f449e8000-7f449fb000 r-xp 00007000 fd:01 2608                           /system/lib64/libstagefright_xmlparser.so
TEMP-DEBUG maps: 7f44a1a000-7f44a3b000 r-xp 00017000 fd:01 2601                           /system/lib64/libstagefright_foundation.so
TEMP-DEBUG maps: 7f44a51000-7f44a5b000 r-xp 0000c000 fd:01 2044                           /system/lib64/android.hardware.configstore@1.1.so
TEMP-DEBUG maps: 7f44b36000-7f44bc2000 r-xp 0007a000 fd:01 2326                           /system/lib64/libc++.so
TEMP-DEBUG maps: 7f46863000-7f46870000 r-xp 0000d000 fd:01 2043                           /system/lib64/android.hardware.configstore@1.0.so
TEMP-DEBUG maps: 7f468b1000-7f468b2000 r-xp 00001000 fd:01 2212                           /system/lib64/lib-camera-compatibility-info-api.so
TEMP-DEBUG maps: 7f468d0000-7f468ec000 r-xp 00010000 fd:01 2602                           /system/lib64/libstagefright_framecapture_utils.so
TEMP-DEBUG maps: 7f46913000-7f46914000 r-xp 00001000 fd:01 2077                           /system/lib64/android.hardware.graphics.common@1.2.so
TEMP-DEBUG maps: 7f46971000-7f46972000 r-xp 00001000 fd:01 2075                           /system/lib64/android.hardware.graphics.common@1.0.so
TEMP-DEBUG maps: 7f46994000-7f469a6000 r-xp 00006000 fd:01 2545                           /system/lib64/libpiex.so
TEMP-DEBUG maps: 7f469c6000-7f469c8000 r-xp 00001000 fd:01 2352                           /system/lib64/libcodec2_hidl_client@1.1.so
TEMP-DEBUG maps: 7f46a12000-7f46a14000 r-xp 00001000 fd:01 2193                           /system/lib64/com.android.media.audioclient-aconfig-cc.so
TEMP-DEBUG maps: 7f46a8d000-7f46ae5000 r-xp 00031000 fd:01 2496                           /system/lib64/libmediadrm.so
TEMP-DEBUG maps: 7f46b1b000-7f46b2b000 r-xp 0000f000 fd:01 2495                           /system/lib64/libmedia_quality_include.so
TEMP-DEBUG maps: 7f46b79000-7f46b7a000 r-xp 00001000 fd:01 2023                           /system/lib64/android.hardware.camera.common@1.0.so
TEMP-DEBUG maps: 7f46b8a000-7f46b8c000 r-xp 00002000 fd:01 2189                           /system/lib64/camera_platform_flags_c_lib.so
TEMP-DEBUG maps: 7f46bdf000-7f46bf5000 r-xp 00014000 fd:01 2048                           /system/lib64/android.hardware.drm-V2-ndk.so
TEMP-DEBUG maps: 7f4a861000-7f4a864000 r-xp 00005000 fd:01 2523                           /system/lib64/libnativewindow.so
TEMP-DEBUG maps: 7f4a8f6000-7f4a9a8000 r-xp 00052000 fd:01 2275                           /system/lib64/libaudioclient.so
TEMP-DEBUG maps: 7f4da66000-7f4da6e000 r-xp 0000a000 fd:01 2036                           /system/lib64/android.hardware.cas.native@1.0.so
TEMP-DEBUG maps: 7f4daa8000-7f4dab9000 r-xp 00009000 fd:01 2351                           /system/lib64/libcodec2_hidl_client@1.0.so
TEMP-DEBUG maps: 7f4dad2000-7f4dadf000 r-xp 0000e000 fd:01 2226                           /system/lib64/libPlatformProperties.so
TEMP-DEBUG maps: 7f4db11000-7f4db32000 r-xp 00009000 fd:01 2485                           /system/lib64/liblzma.so
TEMP-DEBUG maps: 7f4db60000-7f4db68000 r-xp 00009000 fd:01 2107                           /system/lib64/android.hardware.memtrack@1.0.so
TEMP-DEBUG maps: 7f4db92000-7f4db9a000 r-xp 00009000 fd:01 2070                           /system/lib64/android.hardware.graphics.allocator@3.0.so
TEMP-DEBUG maps: 7f4dbc5000-7f4dbc6000 r-xp 00002000 fd:01 2038                           /system/lib64/android.hardware.common-V2-cpp.so
TEMP-DEBUG maps: 7f4dc08000-7f4dc13000 r-xp 00008000 fd:01 2205                           /system/lib64/graphicbuffersource-aidl-ndk.so
TEMP-DEBUG maps: 7f4dc65000-7f4dc6f000 r-xp 0000a000 fd:01 2083                           /system/lib64/android.hardware.graphics.mapper@2.0.so
TEMP-DEBUG maps: 7f4dcc9000-7f4dda1000 r-xp 00035000 fd:01 2592                           /system/lib64/libsqlite.so
TEMP-DEBUG maps: 7f4ddf6000-7f4ddf9000 r-xp 00001000 fd:01 2216                           /system/lib64/libETC1.so
TEMP-DEBUG maps: 7f4df4a000-7f4e57f000 r-xp 00124000 fd:01 2456                           /system/lib64/libjxl.so
TEMP-DEBUG maps: 7f50cff000-7f50ed2000 r-xp 000f3000 fd:01 2258                           /system/lib64/libandroid_runtime.so
TEMP-DEBUG maps: 7f50f45000-7f50f46000 r-xp 00001000 fd:01 2105                           /system/lib64/android.hardware.media@1.0.so
TEMP-DEBUG maps: 7f50fab000-7f50fb6000 r-xp 00008000 fd:01 2415                           /system/lib64/libgralloctypes.so
TEMP-DEBUG maps: 7f50fd5000-7f50fd7000 r-xp 00002000 fd:01 2453                           /system/lib64/libjpegdecoder.so
TEMP-DEBUG maps: 7f52c19000-7f52c45000 r-xp 00014000 fd:01 2269                           /system/lib64/libaudio_aidl_conversion_common_cpp.so
TEMP-DEBUG maps: 7f52cb2000-7f52cbb000 r-xp 00004000 fd:01 2321                           /system/lib64/libbpf_minimal.so
TEMP-DEBUG maps: 7f52cdb000-7f52cf8000 r-xp 0001b000 fd:01 2078                           /system/lib64/android.hardware.graphics.composer3-V4-ndk.so
TEMP-DEBUG maps: 7f52d18000-7f52d3c000 r-xp 0000e000 fd:1e 90                             /apex/com.android.art/lib64/libbase.so
TEMP-DEBUG maps: 7f52d81000-7f52dd9000 r-xp 0003f000 fd:01 2431                           /system/lib64/libhidlbase.so
TEMP-DEBUG maps: 7f52e15000-7f52e2a000 r-xp 00014000 fd:01 2103                           /system/lib64/android.hardware.media.c2@1.2.so
TEMP-DEBUG maps: 7f52e67000-7f52e7b000 r-xp 0000f000 fd:01 2370                           /system/lib64/libdatasource.so
TEMP-DEBUG maps: 7f52ea9000-7f52eb0000 r-xp 00012000 fd:01 2222                           /system/lib64/libGLESv3.so
TEMP-DEBUG maps: 7f52eee000-7f52ef0000 r-xp 00002000 fd:01 2454                           /system/lib64/libjpegencoder.so
TEMP-DEBUG maps: 7f52f15000-7f52f1c000 r-xp 00005000 fd:01 2265                           /system/lib64/libappfuse.so
TEMP-DEBUG maps: 7f52f8f000-7f52fe5000 r-xp 00036000 fd:01 2329                           /system/lib64/libcamera_client.so
TEMP-DEBUG maps: 7f53030000-7f53038000 r-xp 00008000 fd:01 2676                           /system/lib64/packagemanager_aidl-cpp.so
TEMP-DEBUG maps: 7f53045000-7f53048000 r-xp 00004000 fd:01 2671                           /system/lib64/mediametricsservice-aidl-cpp.so
TEMP-DEBUG maps: 7f53092000-7f5309f000 r-xp 00008000 fd:01 2599                           /system/lib64/libstagefright_bufferqueue_helper.so
TEMP-DEBUG maps: 7f530cd000-7f530cf000 r-xp 00002000 fd:01 2678                           /system/lib64/server_configurable_flags.so
TEMP-DEBUG maps: 7f5321d000-7f533c9000 r-xp 00102000 07:a8 36                             /apex/com.android.i18n/lib64/libicui18n.so
TEMP-DEBUG maps: 7f56670000-7f56671000 r-xp 00001000 fd:01 2041                           /system/lib64/android.hardware.common.fmq-V1-ndk.so
TEMP-DEBUG maps: 7f566bd000-7f566bf000 r-xp 00005000 07:a8 31                             /apex/com.android.i18n/lib64/libandroidicu.so
TEMP-DEBUG maps: 7f56721000-7f5679e000 r-xp 0004c000 fd:01 2305                           /system/lib64/libbinder.so
TEMP-DEBUG maps: 7f567ef000-7f567f0000 r-xp 00002000 fd:01 2405                           /system/lib64/libfmq.so
TEMP-DEBUG maps: 7f568c8000-7f569e9000 r-xp 000c4000 07:a8 37                             /apex/com.android.i18n/lib64/libicuuc.so
TEMP-DEBUG maps: 7f5924d000-7f5924f000 r-xp 00001000 fd:01 2446                           /system/lib64/libion.so
TEMP-DEBUG maps: 7f592a7000-7f592a9000 r-xp 00001000 fd:01 2504                           /system/lib64/libmediandk_utils.so
TEMP-DEBUG maps: 7f592fd000-7f59333000 r-xp 0001a000 fd:01 2638                           /system/lib64/libultrahdr.so
TEMP-DEBUG maps: 7f593e8000-7f59555000 r-xp 0009d000 fd:01 2595                           /system/lib64/libstagefright.so
TEMP-DEBUG maps: 7f595de000-7f595ee000 r-xp 0000f000 fd:01 2670                           /system/lib64/media_quality_aidl_interface-cpp.so
TEMP-DEBUG maps: 7f5b4a7000-7f5b50a000 r-xp 0002f000 fd:01 2505                           /system/lib64/libmediautils.so
TEMP-DEBUG maps: 7f5b59b000-7f5b5bb000 r-xp 0000f000 fd:01 2439                           /system/lib64/libincfs.so
TEMP-DEBUG maps: 7f5b5e4000-7f5b5f3000 r-xp 0001a000 fd:01 2372                           /system/lib64/libdebugstore_cxx.so
TEMP-DEBUG maps: 7f5de4e000-7f5de5a000 r-xp 00009000 fd:01 2665                           /system/lib64/libziparchive.so
TEMP-DEBUG maps: 7f5dec2000-7f5dedf000 r-xp 00011000 fd:01 2339                           /system/lib64/libclang_rt.ubsan_standalone-aarch64-android.so
TEMP-DEBUG maps: 7f5e18f000-7f5e1b0000 r-xp 00009000 fd:1e 99                             /apex/com.android.art/lib64/liblzma.so
TEMP-DEBUG maps: 7f5e1ec000-7f5e1f7000 r-xp 00006000 fd:01 2369                           /system/lib64/libdataloader.so
TEMP-DEBUG maps: 7f5e4a9000-7f5e5cc000 r-xp 0009d000 fd:01 2516                           /system/lib64/libminikin.so
TEMP-DEBUG maps: 7f62262000-7f62263000 r-xp 00001000 fd:01 2522                           /system/lib64/libnativeloader_lazy.so
TEMP-DEBUG maps: 7f62293000-7f6229e000 r-xp 00005000 fd:01 2310                           /system/lib64/libbinderdebug.so
TEMP-DEBUG maps: 7f622e3000-7f622f6000 r-xp 00008000 fd:01 2568                           /system/lib64/libselinux.so
TEMP-DEBUG maps: 7f6231d000-7f62329000 r-xp 00006000 fd:01 2501                           /system/lib64/libmediametrics.so
TEMP-DEBUG maps: 7f6237a000-7f6237c000 r-xp 00002000 fd:01 2606                           /system/lib64/libstagefright_omx_utils.so
TEMP-DEBUG maps: 7f623a0000-7f623b9000 r-xp 00015000 fd:01 2025                           /system/lib64/android.hardware.camera.device@3.2.so
TEMP-DEBUG maps: 7f623ef000-7f623f1000 r-xp 00003000 fd:01 2289                           /system/lib64/libaudiomanager.so
TEMP-DEBUG maps: 7f62600000-7f62d70000 r-xp 00200000 fd:01 2435                           /system/lib64/libhwui.so
TEMP-DEBUG maps: 7f6305b000-7f63074000 r-xp 00015000 fd:01 2099                           /system/lib64/android.hardware.media.bufferpool@2.0.so
TEMP-DEBUG maps: 7f63116000-7f631ea000 r-xp 00073000 fd:01 2555                           /system/lib64/libprotobuf-cpp-lite.so
TEMP-DEBUG maps: 7f6384f000-7f63873000 r-xp 0000e000 fd:01 2300                           /system/lib64/libbase.so
TEMP-DEBUG maps: 7f6389a000-7f638be000 r-xp 0000e000 fd:01 2300                           /system/lib64/libbase.so
TEMP-DEBUG maps: 7f638f1000-7f638f2000 r-xp 00002000 fd:01 2301                           /system/lib64/libbattery.so
TEMP-DEBUG maps: 7f63936000-7f6393b000 r-xp 00003000 fd:01 2178                           /system/lib64/audiopolicy-types-aidl-cpp.so
TEMP-DEBUG maps: 7f63969000-7f63979000 r-xp 00008000 fd:01 2663                           /system/lib64/libz.so
TEMP-DEBUG maps: 7f639a1000-7f639a8000 r-xp 00005000 fd:01 2600                           /system/lib64/libstagefright_codecbase.so
TEMP-DEBUG maps: 7f639e3000-7f639eb000 r-xp 00009000 fd:01 2071                           /system/lib64/android.hardware.graphics.allocator@4.0.so
TEMP-DEBUG maps: 7f63a0f000-7f63a2f000 r-xp 00009000 fd:01 2390                           /system/lib64/libexpat.so
TEMP-DEBUG maps: 7f63a4a000-7f63a57000 r-xp 00006000 fd:01 2350                           /system/lib64/libcodec2_hal_common.so
TEMP-DEBUG maps: 7f63a95000-7f63a9c000 r-xp 00012000 fd:01 2220                           /system/lib64/libGLESv2.so
TEMP-DEBUG maps: 7f63ae5000-7f63ae7000 r-xp 00004000 fd:01 1996                           /system/lib64/android.companion.virtual.virtualdevice_aidl-cpp.so
TEMP-DEBUG maps: 7f63b0b000-7f63b0c000 r-xp 00001000 fd:01 2620                           /system/lib64/libsync.so
TEMP-DEBUG maps: 7f63b6b000-7f63ba7000 r-xp 00020000 fd:01 2349                           /system/lib64/libcodec2_client.so
TEMP-DEBUG maps: 7f63bda000-7f63bdc000 r-xp 0000c000 fd:01 2196                           /system/lib64/com.android.window.flags.window-aconfig_flags_c_lib.so
TEMP-DEBUG maps: 7f63c39000-7f63c7c000 r-xp 00028000 fd:01 2437                           /system/lib64/libimage_io.so
TEMP-DEBUG maps: 7f63c98000-7f63c99000 r-xp 00001000 fd:01 2430                           /system/lib64/libhidlallocatorutils.so
TEMP-DEBUG maps: 7f63ce2000-7f63cf0000 r-xp 00008000 fd:01 2527                           /system/lib64/libnetdutils.so
TEMP-DEBUG maps: 7f63d16000-7f63d18000 r-xp 00002000 fd:1e 100                            /apex/com.android.art/lib64/libnativebridge.so
TEMP-DEBUG maps: 7f63d55000-7f63d6c000 r-xp 00013000 fd:01 2073                           /system/lib64/android.hardware.graphics.bufferqueue@2.0.so
TEMP-DEBUG maps: 7f63db2000-7f63dd6000 r-xp 00025000 fd:01 2054                           /system/lib64/android.hardware.drm@1.4.so
TEMP-DEBUG maps: 7f63e14000-7f63e38000 r-xp 00014000 07:b0 45                             /apex/com.android.runtime/lib64/bionic/libm.so
TEMP-DEBUG maps: 7f63e4f000-7f63e56000 r-xp 00006000 fd:01 2330                           /system/lib64/libcamera_metadata.so
TEMP-DEBUG maps: 7f63eaa000-7f63f54000 r-xp 00026000 fd:01 2542                           /system/lib64/libperfetto_c.so
TEMP-DEBUG maps: 7f63f95000-7f63f9f000 r-xp 0000c000 fd:01 2569                           /system/lib64/libsensor.so
TEMP-DEBUG maps: 7f63ff8000-7f63ffb000 r-xp 00006000 fd:01 2204                           /system/lib64/framework-permission-aidl-cpp.so
TEMP-DEBUG maps: 7f6404b000-7f640b1000 r-xp 00029000 fd:01 2578                           /system/lib64/libsfplugin_ccodec_utils.so
TEMP-DEBUG maps: 7f640f6000-7f6411a000 r-xp 0001a000 fd:01 2660                           /system/lib64/libwilhelm.so
TEMP-DEBUG maps: 7f6416d000-7f641a1000 r-xp 00022000 fd:01 2050                           /system/lib64/android.hardware.drm@1.0.so
TEMP-DEBUG maps: 7f641ea000-7f641eb000 r-xp 00001000 fd:01 2536                           /system/lib64/libpackagelistparser.so
TEMP-DEBUG maps: 7f6422f000-7f6424e000 r-xp 0001f000 fd:01 2100                           /system/lib64/android.hardware.media.c2-V1-ndk.so
TEMP-DEBUG maps: 7f642b1000-7f642ec000 r-xp 0001a000 fd:01 2276                           /system/lib64/libaudioclient_aidl_conversion.so
TEMP-DEBUG maps: 7f64324000-7f64326000 r-xp 00001000 fd:01 2604                           /system/lib64/libstagefright_http_support.so
TEMP-DEBUG maps: 7f64389000-7f643f9000 r-xp 00049000 fd:01 2355                           /system/lib64/libcodec2_vndk.so
TEMP-DEBUG maps: 7f64413000-7f6441f000 r-xp 00009000 fd:01 2366                           /system/lib64/libcutils.so
TEMP-DEBUG maps: 7f64462000-7f64465000 r-xp 0000c000 07:a8 34                             /apex/com.android.i18n/lib64/libicu.so
TEMP-DEBUG maps: 7f644a7000-7f644a8000 r-xp 00001000 fd:01 2049                           /system/lib64/android.hardware.drm.common-V1-ndk.so
TEMP-DEBUG maps: 7f644d5000-7f644e3000 r-xp 00010000 fd:01 2053                           /system/lib64/android.hardware.drm@1.3.so
TEMP-DEBUG maps: 7f6452f000-7f64538000 r-xp 00003000 fd:01 2626                           /system/lib64/libtimeinstate.so
TEMP-DEBUG maps: 7f64574000-7f6457d000 r-xp 0000b000 fd:01 2098                           /system/lib64/android.hardware.media.bufferpool2-V2-ndk.so
TEMP-DEBUG maps: 7f6458e000-7f6458f000 r-xp 00001000 fd:01 2652                           /system/lib64/libvndksupport.so
TEMP-DEBUG maps: 7f645d6000-7f645d7000 r-xp 00002000 fd:01 2149                           /system/lib64/android.hidl.token@1.0-utils.so
TEMP-DEBUG maps: 7f64604000-7f64607000 r-xp 00003000 fd:01 2422                           /system/lib64/libhardware_legacy.so
TEMP-DEBUG maps: 7f646dd000-7f647cc000 r-xp 00099000 fd:01 2418                           /system/lib64/libgui.so
TEMP-DEBUG maps: 7f64828000-7f64838000 r-xp 00008000 fd:01 2291                           /system/lib64/libaudiopolicy.so
TEMP-DEBUG maps: 7f6485d000-7f64877000 r-xp 0000a000 fd:01 2509                           /system/lib64/libmeminfo.so
TEMP-DEBUG maps: 7f648a2000-7f648a3000 r-xp 00001000 fd:01 1998                           /system/lib64/android.database.sqlite-aconfig-cc.so
TEMP-DEBUG maps: 7f648e7000-7f64921000 r-xp 00012000 fd:01 2514                           /system/lib64/libmemunreachable.so
TEMP-DEBUG maps: 7f64959000-7f64965000 r-xp 00009000 fd:01 2681                           /system/lib64/spatializer-aidl-cpp.so
TEMP-DEBUG maps: 7f649bc000-7f649bd000 r-xp 00001000 fd:01 2257                           /system/lib64/libandroid_net.so
TEMP-DEBUG maps: 7f649d5000-7f649e8000 r-xp 0000a000 fd:01 2629                           /system/lib64/libtinyxml2.so
TEMP-DEBUG maps: 7f64a34000-7f64a36000 r-xp 00001000 fd:01 2156                           /system/lib64/android.media.audiopolicy-aconfig-cc.so
TEMP-DEBUG maps: 7f64a7a000-7f64ac5000 r-xp 00032000 fd:01 2101                           /system/lib64/android.hardware.media.c2@1.0.so
TEMP-DEBUG maps: 7f64b32000-7f64bb2000 r-xp 00030000 fd:1e 110                            /apex/com.android.art/lib64/libunwindstack.so
TEMP-DEBUG maps: 7f64be3000-7f64bf7000 r-xp 00012000 fd:01 2102                           /system/lib64/android.hardware.media.c2@1.1.so
TEMP-DEBUG maps: 7f66463000-7f66468000 r-xp 00005000 fd:01 2174                           /system/lib64/audio-permission-aidl-cpp.so
TEMP-DEBUG maps: 7f66494000-7f6649b000 r-xp 00006000 fd:01 2203                           /system/lib64/effect-aidl-cpp.so
TEMP-DEBUG maps: 7f66557000-7f665e3000 r-xp 0007a000 fd:01 2326                           /system/lib64/libc++.so
TEMP-DEBUG maps: 7f67450000-7f67461000 r-xp 00009000 fd:01 2438                           /system/lib64/libimg_utils.so
TEMP-DEBUG maps: 7f674b3000-7f674b6000 r-xp 00002000 fd:01 2607                           /system/lib64/libstagefright_surface_utils.so
TEMP-DEBUG maps: 7f674e2000-7f67508000 r-xp 0001a000 fd:01 2503                           /system/lib64/libmediandk.so
TEMP-DEBUG maps: 7f67557000-7f67558000 r-xp 00001000 fd:01 2076                           /system/lib64/android.hardware.graphics.common@1.1.so
TEMP-DEBUG maps: 7f67596000-7f675aa000 r-xp 0000b000 fd:01 2348                           /system/lib64/libcodec2_aidl_client.so
TEMP-DEBUG maps: 7f675fb000-7f675ff000 r-xp 00003000 fd:01 2603                           /system/lib64/libstagefright_graphicbuffersource_aidl.so
TEMP-DEBUG maps: 7f67e62000-7f67e66000 r-xp 00003000 fd:01 2371                           /system/lib64/libdebuggerd_client.so
TEMP-DEBUG maps: 7f67e97000-7f67eac000 r-xp 0000f000 fd:01 2264                           /system/lib64/libapexsupport.so
TEMP-DEBUG maps: 7f67ed4000-7f67edc000 r-xp 00009000 fd:01 2069                           /system/lib64/android.hardware.graphics.allocator@2.0.so
TEMP-DEBUG maps: 7f67f18000-7f67f20000 r-xp 00009000 fd:01 2145                           /system/lib64/android.hidl.allocator@1.0.so
TEMP-DEBUG maps: 7f67f5b000-7f67f5c000 r-xp 00002000 fd:01 1994                           /system/lib64/aconfig_view_accessibility_flags_c_lib.so
TEMP-DEBUG maps: 7f67fab000-7f67fac000 r-xp 00001000 fd:01 2347                           /system/lib64/libcodec2.so
TEMP-DEBUG maps: 7f67fc5000-7f67fc6000 r-xp 00001000 fd:01 2148                           /system/lib64/android.hidl.safe_union@1.0.so
TEMP-DEBUG maps: 7f68033000-7f68035000 r-xp 00004000 fd:01 2213                           /system/lib64/lib-platform-compat-native-api.so
TEMP-DEBUG maps: 7f68068000-7f680b5000 r-xp 00017000 fd:01 2298                           /system/lib64/libaudioutils.so
TEMP-DEBUG maps: 7f680dc000-7f680e0000 r-xp 00005000 fd:01 2068                           /system/lib64/android.hardware.graphics.allocator-V2-ndk.so
TEMP-DEBUG maps: 7f6811b000-7f6812d000 r-xp 0000e000 fd:01 2645                           /system/lib64/libutils.so
TEMP-DEBUG maps: 7f6816a000-7f6816f000 r-xp 00003000 fd:01 2526                           /system/lib64/libnetd_client.so
TEMP-DEBUG maps: 7f6819f000-7f681a0000 r-xp 00001000 fd:01 2040                           /system/lib64/android.hardware.common.fmq-V1-cpp.so
TEMP-DEBUG maps: 7f681c7000-7f681ca000 r-xp 00004000 fd:01 2190                           /system/lib64/capture_state_listener-aidl-cpp.so
TEMP-DEBUG maps: 7f68247000-7f68279000 r-xp 00012000 fd:01 2282                           /system/lib64/libaudiofoundation.so
TEMP-DEBUG maps: 7f682c8000-7f682e9000 r-xp 00015000 fd:01 2214                           /system/lib64/libEGL.so
TEMP-DEBUG maps: 7f6832f000-7f68332000 r-xp 00002000 fd:01 2591                           /system/lib64/libspeexresampler.so
TEMP-DEBUG maps: 7f68355000-7f68363000 r-xp 00008000 fd:01 2240                           /system/lib64/libaconfig_storage_read_api_cc.so
TEMP-DEBUG maps: 7f68399000-7f683b8000 r-xp 00017000 fd:01 2037                           /system/lib64/android.hardware.cas@1.0.so
TEMP-DEBUG maps: 7f683e4000-7f683e5000 r-xp 00001000 fd:01 2042                           /system/lib64/android.hardware.configstore-utils.so
TEMP-DEBUG maps: 7f68408000-7f6840c000 r-xp 00005000 fd:01 2169                           /system/lib64/android.system.suspend-V1-ndk.so
TEMP-DEBUG maps: 7f68474000-7f68475000 r-xp 00001000 07:b0 44                             /apex/com.android.runtime/lib64/bionic/libdl_android.so
TEMP-DEBUG maps: 7f684b6000-7f684ba000 r-xp 00005000 fd:01 2632                           /system/lib64/libtracing_perfetto.so
TEMP-DEBUG maps: 7f684d7000-7f685e3000 r-xp 00014000 fd:01 2424                           /system/lib64/libharfbuzz_subset.so
TEMP-DEBUG maps: 7f6ac58000-7f6ac5a000 r-xp 00002000 fd:01 2192                           /system/lib64/com.android.media.audio-aconfig-cc.so
TEMP-DEBUG maps: 7f6acbd000-7f6ad68000 r-xp 0003b000 fd:01 2577                           /system/lib64/libsfplugin_ccodec.so
TEMP-DEBUG maps: 7f6adab000-7f6adac000 r-xp 00002000 fd:01 2039                           /system/lib64/android.hardware.common-V2-ndk.so
TEMP-DEBUG maps: 7f6add7000-7f6adda000 r-xp 00002000 fd:01 2494                           /system/lib64/libmedia_omx_client.so
TEMP-DEBUG maps: 7f6ae35000-7f6ae3e000 r-xp 00008000 fd:01 2499                           /system/lib64/libmediadrmmetrics_lite.so
TEMP-DEBUG maps: 7f6ae6a000-7f6aea3000 r-xp 0002a000 fd:01 2635                           /system/lib64/libui.so
TEMP-DEBUG maps: 7f6aee8000-7f6aeee000 r-xp 00006000 fd:01 2320                           /system/lib64/libbpf_bcc.so
TEMP-DEBUG maps: 7f6af14000-7f6af3d000 r-xp 00010000 fd:01 2547                           /system/lib64/libpng.so
TEMP-DEBUG maps: 7f6af87000-7f6affa000 r-xp 0002f000 fd:01 2410                           /system/lib64/libft2.so
TEMP-DEBUG maps: 7f6b0b5000-7f6b0d8000 r-xp 00078000 fd:01 2361                           /system/lib64/libcrypto.so
TEMP-DEBUG maps: 7f6b0d8000-7f6b141000 --xp 0009b000 fd:01 2361                           /system/lib64/libcrypto.so
TEMP-DEBUG maps: 7f6b141000-7f6b1c1000 r-xp 00104000 fd:01 2361                           /system/lib64/libcrypto.so
TEMP-DEBUG maps: 7f6c070000-7f6c079000 r-xp 00008000 fd:01 2416                           /system/lib64/libgraphicsenv.so
TEMP-DEBUG maps: 7f6c0c8000-7f6c1a5000 r-xp 0003c000 fd:01 2423                           /system/lib64/libharfbuzz_ng.so
TEMP-DEBUG maps: 7f6d075000-7f6d076000 r-xp 00002000 fd:01 2512                           /system/lib64/libmemtrack.so
TEMP-DEBUG maps: 7f6d09e000-7f6d0a8000 r-xp 00005000 fd:01 2477                           /system/lib64/liblog.so
TEMP-DEBUG maps: 7f6d0d4000-7f6d0ec000 r-xp 00012000 fd:01 2493                           /system/lib64/libmedia_omx.so
TEMP-DEBUG maps: 7f6d103000-7f6d105000 r-xp 00003000 fd:01 2432                           /system/lib64/libhidlmemory.so
TEMP-DEBUG maps: 7f6d15d000-7f6d15e000 r-xp 00001000 fd:01 2331                           /system/lib64/libcameracompatbilityinfo.so
TEMP-DEBUG maps: 7f6d1af000-7f6d1e7000 r-xp 00027000 fd:01 2104                           /system/lib64/android.hardware.media.omx@1.0.so
TEMP-DEBUG maps: 7f6d44b000-7f6d6e7000 r-xp 00220000 fd:01 2539                           /system/lib64/libpdfium.so
TEMP-DEBUG maps: 7f6d750000-7f6d753000 r-xp 00004000 fd:01 2682                           /system/lib64/volumegroupcallback-aidl-cpp.so
TEMP-DEBUG maps: 7f6d7a9000-7f6d7b7000 r-xp 00009000 fd:01 2375                           /system/lib64/libdmabufheap.so
TEMP-DEBUG maps: 7f6d7d0000-7f6d7e4000 r-xp 0000d000 fd:01 2153                           /system/lib64/android.media.audio.common.types-V4-cpp.so
TEMP-DEBUG maps: 7f6f017000-7f6f022000 r-xp 00007000 fd:01 2488                           /system/lib64/libmedia_codeclist.so
TEMP-DEBUG maps: 7f6f055000-7f6f061000 r-xp 00006000 fd:01 2175                           /system/lib64/audioclient-types-aidl-cpp.so
TEMP-DEBUG maps: 7f6f0ba000-7f6f118000 r-xp 00039000 fd:01 2487                           /system/lib64/libmedia.so
TEMP-DEBUG maps: 7f6f155000-7f6f18c000 r-xp 00015000 fd:01 2177                           /system/lib64/audiopolicy-aidl-cpp.so
TEMP-DEBUG maps: 7f7067a000-7f706b8000 r-xp 0001c000 fd:01 2551                           /system/lib64/libprocessgroup.so
TEMP-DEBUG maps: 7f706d6000-7f706d8000 r-xp 00001000 fd:01 1992                           /system/lib64/aconfig_mediacodec_flags_c_lib.so
TEMP-DEBUG maps: 7f707c0000-7f70961000 r-xp 000b6000 fd:01 2376                           /system/lib64/libdng_sdk.so
TEMP-DEBUG maps: 7f71e84000-7f71f27000 r-xp 00059000 07:b0 41                             /apex/com.android.runtime/lib64/bionic/libc.so
TEMP-DEBUG maps: 7f71fba000-7f71fbb000 r-xp 00002000 fd:01 1993                           /system/lib64/aconfig_text_flags_c_lib.so
TEMP-DEBUG maps: 7f71fd5000-7f71fe4000 r-xp 0000d000 fd:01 2147                           /system/lib64/android.hidl.memory@1.0.so
TEMP-DEBUG maps: 7f72a64000-7f72a66000 r-xp 00002000 fd:01 2492                           /system/lib64/libmedia_jni_utils.so
TEMP-DEBUG maps: 7f72a9b000-7f72ab9000 r-xp 00014000 fd:01 2655                           /system/lib64/libvulkan.so
TEMP-DEBUG maps: 7f72ac9000-7f72acc000 r-xp 00002000 fd:01 2644                           /system/lib64/libusbhost.so
TEMP-DEBUG maps: 7f72b0e000-7f72b11000 r-xp 00006000 fd:01 2218                           /system/lib64/libGLESv1_CM.so
TEMP-DEBUG maps: 7f72b82000-7f72ba9000 r-xp 00017000 fd:01 2598                           /system/lib64/libstagefright_bufferpool@2.0.1.so
TEMP-DEBUG maps: 7f72bd5000-7f72bf7000 r-xp 00014000 fd:01 2525                           /system/lib64/libnblog.so
TEMP-DEBUG maps: 7f72c19000-7f72c1c000 r-xp 00005000 fd:01 2106                           /system/lib64/android.hardware.memtrack-V1-ndk.so
TEMP-DEBUG maps: 7f72c5d000-7f72c5f000 r-xp 00001000 fd:01 2580                           /system/lib64/libshmemutil.so
TEMP-DEBUG maps: 7f72cb6000-7f72d36000 r-xp 00030000 fd:01 2639                           /system/lib64/libunwindstack.so
TEMP-DEBUG maps: 7f72d4a000-7f72d53000 r-xp 00009000 fd:01 2150                           /system/lib64/android.hidl.token@1.0.so
TEMP-DEBUG maps: 7f72da2000-7f72da3000 r-xp 00001000 fd:01 2259                           /system/lib64/libandroid_runtime_lazy.so
TEMP-DEBUG maps: 7f72dc4000-7f72dc5000 r-xp 00001000 fd:01 2421                           /system/lib64/libhardware.so
TEMP-DEBUG maps: 7f72e0e000-7f72e0f000 r-xp 00001000 fd:01 2385                           /system/lib64/libegl_flags.so
TEMP-DEBUG maps: 7f72e62000-7f72e64000 r-xp 00002000 fd:01 2579                           /system/lib64/libshmemcompat.so
TEMP-DEBUG maps: 7f72faa000-7f73192000 r-xp 000f8000 fd:01 2442                           /system/lib64/libinput.so
TEMP-DEBUG maps: 7f75853000-7f75878000 r-xp 0000c000 fd:01 2489                           /system/lib64/libmedia_codeclist_capabilities.so
TEMP-DEBUG maps: 7f75923000-7f759af000 r-xp 0007a000 fd:1e 91                             /apex/com.android.art/lib64/libc++.so
TEMP-DEBUG maps: 7f78859000-7f7885e000 r-xp 00005000 fd:01 2180                           /system/lib64/av-types-aidl-cpp.so
TEMP-DEBUG maps: 7f788ab000-7f788ac000 r-xp 00002000 fd:01 2553                           /system/lib64/libprocinfo.so
TEMP-DEBUG maps: 7f788ce000-7f788d5000 r-xp 00009000 fd:01 2521                           /system/lib64/libnativedisplay.so
TEMP-DEBUG maps: 7f78933000-7f7893d000 r-xp 00009000 fd:01 2232                           /system/lib64/libSurfaceFlingerProp.so
TEMP-DEBUG maps: 7f7899c000-7f789dc000 r-xp 0001f000 fd:01 2176                           /system/lib64/audioflinger-aidl-cpp.so
TEMP-DEBUG maps: 7f7c44c000-7f7c44d000 r-xp 00001000 fd:01 2520                           /system/lib64/libnativebridge_lazy.so
TEMP-DEBUG maps: 7f7c4a2000-7f7c4a9000 r-xp 00009000 fd:01 2544                           /system/lib64/libpermission.so
TEMP-DEBUG maps: 7f7c4f0000-7f7c4f3000 r-xp 00003000 fd:01 2074                           /system/lib64/android.hardware.graphics.common-V7-ndk.so
TEMP-DEBUG maps: 7f7c50e000-7f7c51e000 r-xp 0000e000 fd:01 2490                           /system/lib64/libmedia_helper.so
TEMP-DEBUG maps: 7f7c556000-7f7c55d000 r-xp 00008000 fd:01 2146                           /system/lib64/android.hidl.memory.token@1.0.so
TEMP-DEBUG maps: 7f7c59d000-7f7c5ac000 r-xp 0000e000 fd:01 2086                           /system/lib64/android.hardware.graphics.mapper@4.0.so
TEMP-DEBUG maps: 7f7c5d4000-7f7c5e7000 r-xp 00011000 fd:01 2306                           /system/lib64/libbinder_ndk.so
TEMP-DEBUG maps: 7f7c616000-7f7c621000 r-xp 0000b000 fd:01 2085                           /system/lib64/android.hardware.graphics.mapper@3.0.so
TEMP-DEBUG maps: 7f7c654000-7f7c677000 r-xp 00013000 fd:01 2596                           /system/lib64/libstagefright_aidl_bufferpool2.so
TEMP-DEBUG maps: 7f7c69a000-7f7c6b4000 r-xp 00015000 fd:01 2072                           /system/lib64/android.hardware.graphics.bufferqueue@1.0.so
TEMP-DEBUG maps: 7f7c6d8000-7f7c6f0000 r-xp 00009000 fd:1e 102                            /apex/com.android.art/lib64/libnativeloader.so
TEMP-DEBUG maps: 7f7c723000-7f7c725000 r-xp 00001000 fd:01 2353                           /system/lib64/libcodec2_hidl_client@1.2.so
TEMP-DEBUG maps: 7f7c75d000-7f7c767000 r-xp 0000b000 fd:01 2084                           /system/lib64/android.hardware.graphics.mapper@2.1.so
TEMP-DEBUG maps: 7f7c79a000-7f7c7b8000 r-xp 0001a000 fd:01 2051                           /system/lib64/android.hardware.drm@1.1.so
TEMP-DEBUG maps: 7f7c7dd000-7f7c7de000 r-xp 00001000 07:b0 43                             /apex/com.android.runtime/lib64/bionic/libdl.so
TEMP-DEBUG maps: 7f7c838000-7f7c86f000 r-xp 00029000 fd:01 2538                           /system/lib64/libpcre2.so
TEMP-DEBUG maps: 7f7c8a6000-7f7c8f1000 r-xp 0000e000 fd:01 2452                           /system/lib64/libjpeg.so
TEMP-DEBUG maps: 7f7c96a000-7f7c998000 r-xp 00028000 fd:01 2052                           /system/lib64/android.hardware.drm@1.2.so
TEMP-DEBUG maps: 7f7c9cf000-7f7c9d4000 r-xp 00005000 fd:01 1997                           /system/lib64/android.companion.virtualdevice.flags-aconfig-cc.so
TEMP-DEBUG maps: 7f7fe66000-7f7fe68000 r-xp 00001000 fd:01 2680                           /system/lib64/shared-file-region-aidl-cpp.so
TEMP-DEBUG maps: 7f7fec9000-7f7ffb0000 r-xp 00041000 fd:01 2261                           /system/lib64/libandroidfw.so
TEMP-DEBUG maps: 7f81dc3000-7f81dc4000 r-xp 00000000 00:00 0                              [vdso]
TEMP-DEBUG maps: 7f81e12000-7f81f84000 r-xp 0004e000 07:b0 16                             /apex/com.android.runtime/bin/linker64
TEMP-DEBUG exec segments at injection: 249
remote mapped /data/adb/modules/rezygisk/lib/libzygisk.so at 0xe6b77000 (size 0x109000), entry 0xe6bdd34d
cp request: action=0
Received Zygote32 injected command
status updated: Monitor: ✅, ReZygisk 64-bit: ✅, ReZygisk 32-bit: ✅
client entry call returned 0x1
invoke entry
inject done, continuing process
received SIGCONT, detaching zygote
trace complete, zygote 16726 released
remote mapped /data/adb/modules/rezygisk/lib64/libzygisk.so at 0x100000000 (size 0x184000), entry 0x1000ad324, backing=memfd
process 16735 stopped by SIGCHLD, continue
cp request: action=0
Received Zygote64 injected command
status updated: Monitor: ✅, ReZygisk 64-bit: ✅, ReZygisk 32-bit: ✅
client entry call returned 0x17373f60
invoke entry
inject done, continuing process
received SIGCONT, detaching zygote
trace complete, zygote 16735 released
cp request: action=3
ReZygiskd32 already running
handoff tracer: pid=16868 program=/system/bin/app_process32 tracer=./bin/zygisk-ptrace32 tango=no
exec tracer command: ./bin/zygisk-ptrace32 trace 16868 --restart
tracer 1.0.0 online

=== [zygisk-ptrace trace] pid=16870 epoch=1790029772 stdio redirected ===
cp request: action=6
start tracing 16868 (tracer 16870)
injecting /data/adb/modules/rezygisk/lib/libzygisk.so to zygote 16868
ReZygiskd64 already running
handoff tracer: pid=16872 program=/system/bin/app_process64 tracer=./bin/zygisk-ptrace64 tango=no
exec tracer command: ./bin/zygisk-ptrace64 trace 16872 --restart
tracer 1.0.0 online

=== [zygisk-ptrace trace] pid=16879 epoch=1790029772 stdio redirected ===
cp request: action=6
start tracing 16872 (tracer 16879)
injecting /data/adb/modules/rezygisk/lib64/libzygisk.so to zygote 16872
TEMP-DEBUG maps: 5c99d71000-5c99d73000 r-xp 00002000 fd:01 223                            /system/bin/app_process64
TEMP-DEBUG maps: 722c771000-722c7ad000 r-xp 00020000 fd:01 2349                           /system/lib64/libcodec2_client.so
TEMP-DEBUG maps: 722c7d6000-722c7f4000 r-xp 00014000 fd:01 2655                           /system/lib64/libvulkan.so
TEMP-DEBUG maps: 722c830000-722c83d000 r-xp 00008000 fd:01 2599                           /system/lib64/libstagefright_bufferqueue_helper.so
TEMP-DEBUG maps: 722c87f000-722c8ba000 r-xp 0001a000 fd:01 2276                           /system/lib64/libaudioclient_aidl_conversion.so
TEMP-DEBUG maps: 722c906000-722c9ed000 r-xp 00041000 fd:01 2261                           /system/lib64/libandroidfw.so
TEMP-DEBUG maps: 722ca2a000-722ca2d000 r-xp 00003000 fd:01 2074                           /system/lib64/android.hardware.graphics.common-V7-ndk.so
TEMP-DEBUG maps: 722ca6c000-722ca7c000 r-xp 0000e000 fd:01 2490                           /system/lib64/libmedia_helper.so
TEMP-DEBUG maps: 722cab1000-722cab9000 r-xp 00009000 fd:01 2145                           /system/lib64/android.hidl.allocator@1.0.so
TEMP-DEBUG maps: 722cada000-722cadc000 r-xp 00001000 fd:01 2680                           /system/lib64/shared-file-region-aidl-cpp.so
TEMP-DEBUG maps: 722cb23000-722cb33000 r-xp 0000f000 fd:01 2670                           /system/lib64/media_quality_aidl_interface-cpp.so
TEMP-DEBUG maps: 722cb84000-722cbb2000 r-xp 00028000 fd:01 2052                           /system/lib64/android.hardware.drm@1.2.so
TEMP-DEBUG maps: 722cbc7000-722cbc9000 r-xp 00002000 fd:01 2454                           /system/lib64/libjpegencoder.so
TEMP-DEBUG maps: 722cc4a000-722ccba000 r-xp 00049000 fd:01 2355                           /system/lib64/libcodec2_vndk.so
TEMP-DEBUG maps: 722ccec000-722ccfe000 r-xp 00006000 fd:01 2545                           /system/lib64/libpiex.so
TEMP-DEBUG maps: 722cd44000-722cdef000 r-xp 0003b000 fd:01 2577                           /system/lib64/libsfplugin_ccodec.so
TEMP-DEBUG maps: 722ce45000-722cea3000 r-xp 00039000 fd:01 2487                           /system/lib64/libmedia.so
TEMP-DEBUG maps: 722cee3000-722cee6000 r-xp 00002000 fd:01 2607                           /system/lib64/libstagefright_surface_utils.so
TEMP-DEBUG maps: 722cf18000-722cf37000 r-xp 00017000 fd:01 2037                           /system/lib64/android.hardware.cas@1.0.so
TEMP-DEBUG maps: 722cf7a000-722cf7b000 r-xp 00001000 fd:01 2259                           /system/lib64/libandroid_runtime_lazy.so
TEMP-DEBUG maps: 722cfb4000-722cfb8000 r-xp 00005000 fd:01 2068                           /system/lib64/android.hardware.graphics.allocator-V2-ndk.so
TEMP-DEBUG maps: 722cfe1000-722cfec000 r-xp 0000b000 fd:01 2085                           /system/lib64/android.hardware.graphics.mapper@3.0.so
TEMP-DEBUG maps: 722d012000-722d015000 r-xp 00002000 fd:01 2591                           /system/lib64/libspeexresampler.so
TEMP-DEBUG maps: 722d05a000-722d05c000 r-xp 00004000 fd:01 2213                           /system/lib64/lib-platform-compat-native-api.so
TEMP-DEBUG maps: 722d0a6000-722d0ae000 r-xp 00009000 fd:01 2070                           /system/lib64/android.hardware.graphics.allocator@3.0.so
TEMP-DEBUG maps: 722d12b000-722d1ce000 r-xp 00059000 07:b0 41                             /apex/com.android.runtime/lib64/bionic/libc.so
TEMP-DEBUG maps: 722d2ad000-722d339000 r-xp 0007a000 fd:01 2326                           /system/lib64/libc++.so
TEMP-DEBUG maps: 722d39b000-722d3b7000 r-xp 00010000 fd:01 2602                           /system/lib64/libstagefright_framecapture_utils.so
TEMP-DEBUG maps: 722d3de000-722d3ef000 r-xp 00009000 fd:01 2438                           /system/lib64/libimg_utils.so
TEMP-DEBUG maps: 722f24b000-722f24c000 r-xp 00001000 fd:01 2331                           /system/lib64/libcameracompatbilityinfo.so
TEMP-DEBUG maps: 722f2a6000-722f2b6000 r-xp 00008000 fd:01 2663                           /system/lib64/libz.so
TEMP-DEBUG maps: 722f2d0000-722f2d3000 r-xp 00004000 fd:01 2671                           /system/lib64/mediametricsservice-aidl-cpp.so
TEMP-DEBUG maps: 722f306000-722f307000 r-xp 00001000 fd:01 2049                           /system/lib64/android.hardware.drm.common-V1-ndk.so
TEMP-DEBUG maps: 722f358000-722f359000 r-xp 00002000 fd:01 1994                           /system/lib64/aconfig_view_accessibility_flags_c_lib.so
TEMP-DEBUG maps: 722f39a000-722f3ad000 r-xp 0000a000 fd:01 2629                           /system/lib64/libtinyxml2.so
TEMP-DEBUG maps: 722f3e2000-722f3e3000 r-xp 00001000 fd:01 2430                           /system/lib64/libhidlallocatorutils.so
TEMP-DEBUG maps: 722f475000-722f4cb000 r-xp 00036000 fd:01 2329                           /system/lib64/libcamera_client.so
TEMP-DEBUG maps: 722f575000-722f5f5000 r-xp 00030000 fd:1e 110                            /apex/com.android.art/lib64/libunwindstack.so
TEMP-DEBUG maps: 723324c000-7233255000 r-xp 00009000 fd:01 2150                           /system/lib64/android.hidl.token@1.0.so
TEMP-DEBUG maps: 72332a5000-72332b2000 r-xp 0000e000 fd:01 2226                           /system/lib64/libPlatformProperties.so
TEMP-DEBUG maps: 72332cf000-72332f3000 r-xp 0000e000 fd:1e 90                             /apex/com.android.art/lib64/libbase.so
TEMP-DEBUG maps: 723331a000-723332a000 r-xp 0000f000 fd:01 2495                           /system/lib64/libmedia_quality_include.so
TEMP-DEBUG maps: 7233356000-7233358000 r-xp 00002000 fd:1e 100                            /apex/com.android.art/lib64/libnativebridge.so
TEMP-DEBUG maps: 72333a9000-72333ad000 r-xp 00003000 fd:01 2603                           /system/lib64/libstagefright_graphicbuffersource_aidl.so
TEMP-DEBUG maps: 72333c9000-72333d7000 r-xp 00008000 fd:01 2240                           /system/lib64/libaconfig_storage_read_api_cc.so
TEMP-DEBUG maps: 723341b000-7233438000 r-xp 0001b000 fd:01 2078                           /system/lib64/android.hardware.graphics.composer3-V4-ndk.so
TEMP-DEBUG maps: 723347b000-723347e000 r-xp 0000c000 07:a8 34                             /apex/com.android.i18n/lib64/libicu.so
TEMP-DEBUG maps: 72334a2000-72334a9000 r-xp 00005000 fd:01 2265                           /system/lib64/libappfuse.so
TEMP-DEBUG maps: 72334d8000-72335e4000 r-xp 00014000 fd:01 2424                           /system/lib64/libharfbuzz_subset.so
TEMP-DEBUG maps: 72336c8000-72337e9000 r-xp 000c4000 07:a8 37                             /apex/com.android.i18n/lib64/libicuuc.so
TEMP-DEBUG maps: 7236075000-7236076000 r-xp 00002000 fd:01 2405                           /system/lib64/libfmq.so
TEMP-DEBUG maps: 723608f000-7236092000 r-xp 00005000 fd:01 2106                           /system/lib64/android.hardware.memtrack-V1-ndk.so
TEMP-DEBUG maps: 72360da000-72360e6000 r-xp 00009000 fd:01 2665                           /system/lib64/libziparchive.so
TEMP-DEBUG maps: 7236115000-7236137000 r-xp 00014000 fd:01 2525                           /system/lib64/libnblog.so
TEMP-DEBUG maps: 723615c000-723616e000 r-xp 0000e000 fd:01 2645                           /system/lib64/libutils.so
TEMP-DEBUG maps: 72361b5000-72361b6000 r-xp 00001000 fd:01 2077                           /system/lib64/android.hardware.graphics.common@1.2.so
TEMP-DEBUG maps: 72361da000-72361fa000 r-xp 0000f000 fd:01 2439                           /system/lib64/libincfs.so
TEMP-DEBUG maps: 7236207000-723620e000 r-xp 00006000 fd:01 2203                           /system/lib64/effect-aidl-cpp.so
TEMP-DEBUG maps: 7236266000-723627e000 r-xp 00009000 fd:1e 102                            /apex/com.android.art/lib64/libnativeloader.so
TEMP-DEBUG maps: 72362d4000-723632c000 r-xp 0003f000 fd:01 2431                           /system/lib64/libhidlbase.so
TEMP-DEBUG maps: 723638b000-72363e3000 r-xp 00031000 fd:01 2496                           /system/lib64/libmediadrm.so
TEMP-DEBUG maps: 72364a4000-7236611000 r-xp 0009d000 fd:01 2595                           /system/lib64/libstagefright.so
TEMP-DEBUG maps: 7236673000-7236675000 r-xp 00002000 fd:01 2606                           /system/lib64/libstagefright_omx_utils.so
TEMP-DEBUG maps: 72366ad000-72366b7000 r-xp 0000c000 fd:01 2569                           /system/lib64/libsensor.so
TEMP-DEBUG maps: 72366da000-72366ee000 r-xp 0000d000 fd:01 2153                           /system/lib64/android.media.audio.common.types-V4-cpp.so
TEMP-DEBUG maps: 723672e000-723672f000 r-xp 00001000 fd:01 1998                           /system/lib64/android.database.sqlite-aconfig-cc.so
TEMP-DEBUG maps: 7236749000-723674d000 r-xp 00003000 fd:01 2371                           /system/lib64/libdebuggerd_client.so
TEMP-DEBUG maps: 72367ae000-72367e5000 r-xp 00015000 fd:01 2177                           /system/lib64/audiopolicy-aidl-cpp.so
TEMP-DEBUG maps: 7237e3a000-7237ead000 r-xp 0002f000 fd:01 2410                           /system/lib64/libft2.so
TEMP-DEBUG maps: 7237fc1000-72381a9000 r-xp 000f8000 fd:01 2442                           /system/lib64/libinput.so
TEMP-DEBUG maps: 7239859000-723985a000 r-xp 00001000 fd:01 2620                           /system/lib64/libsync.so
TEMP-DEBUG maps: 72398bc000-72398f4000 r-xp 00027000 fd:01 2104                           /system/lib64/android.hardware.media.omx@1.0.so
TEMP-DEBUG maps: 7239910000-7239911000 r-xp 00001000 fd:01 2148                           /system/lib64/android.hidl.safe_union@1.0.so
TEMP-DEBUG maps: 723996f000-7239971000 r-xp 00001000 fd:01 2353                           /system/lib64/libcodec2_hidl_client@1.2.so
TEMP-DEBUG maps: 72399b0000-72399f3000 r-xp 00028000 fd:01 2437                           /system/lib64/libimage_io.so
TEMP-DEBUG maps: 7239a15000-7239a1f000 r-xp 0000a000 fd:01 2083                           /system/lib64/android.hardware.graphics.mapper@2.0.so
TEMP-DEBUG maps: 7239a54000-7239a5e000 r-xp 0000c000 fd:01 2044                           /system/lib64/android.hardware.configstore@1.1.so
TEMP-DEBUG maps: 7239ab8000-7239ab9000 r-xp 00001000 fd:01 2385                           /system/lib64/libegl_flags.so
TEMP-DEBUG maps: 7239ad7000-7239aeb000 r-xp 0000b000 fd:01 2348                           /system/lib64/libcodec2_aidl_client.so
TEMP-DEBUG maps: 7239b2b000-7239b37000 r-xp 00006000 fd:01 2501                           /system/lib64/libmediametrics.so
TEMP-DEBUG maps: 7239b67000-7239ba7000 r-xp 0001f000 fd:01 2176                           /system/lib64/audioflinger-aidl-cpp.so
TEMP-DEBUG maps: 7239bdd000-7239bde000 r-xp 00001000 fd:01 2105                           /system/lib64/android.hardware.media@1.0.so
TEMP-DEBUG maps: 7239c30000-7239c96000 r-xp 00029000 fd:01 2578                           /system/lib64/libsfplugin_ccodec_utils.so
TEMP-DEBUG maps: 7239ce0000-7239cee000 r-xp 00008000 fd:01 2527                           /system/lib64/libnetdutils.so
TEMP-DEBUG maps: 7239d16000-7239d3f000 r-xp 00010000 fd:01 2547                           /system/lib64/libpng.so
TEMP-DEBUG maps: 7239d5c000-7239d7a000 r-xp 0001a000 fd:01 2051                           /system/lib64/android.hardware.drm@1.1.so
TEMP-DEBUG maps: 7239da6000-7239db6000 r-xp 00008000 fd:01 2291                           /system/lib64/libaudiopolicy.so
TEMP-DEBUG maps: 7239dce000-7239dd9000 r-xp 00008000 fd:01 2415                           /system/lib64/libgralloctypes.so
TEMP-DEBUG maps: 7239e09000-7239e12000 r-xp 00003000 fd:01 2626                           /system/lib64/libtimeinstate.so
TEMP-DEBUG maps: 7239e60000-7239e61000 r-xp 00001000 fd:01 2257                           /system/lib64/libandroid_net.so
TEMP-DEBUG maps: 7239ea6000-7239eb9000 r-xp 00007000 fd:01 2608                           /system/lib64/libstagefright_xmlparser.so
TEMP-DEBUG maps: 7239ed4000-7239ed7000 r-xp 00004000 fd:01 2682                           /system/lib64/volumegroupcallback-aidl-cpp.so
TEMP-DEBUG maps: 7239f19000-7239f1a000 r-xp 00001000 fd:01 2023                           /system/lib64/android.hardware.camera.common@1.0.so
TEMP-DEBUG maps: 7239f5b000-7239f5d000 r-xp 00002000 fd:01 2678                           /system/lib64/server_configurable_flags.so
TEMP-DEBUG maps: 7239fac000-7239fb9000 r-xp 0000d000 fd:01 2043                           /system/lib64/android.hardware.configstore@1.0.so
TEMP-DEBUG maps: 7239fcf000-7239ff0000 r-xp 00009000 fd:01 2485                           /system/lib64/liblzma.so
TEMP-DEBUG maps: 723a067000-723a13f000 r-xp 00035000 fd:01 2592                           /system/lib64/libsqlite.so
TEMP-DEBUG maps: 723a188000-723a189000 r-xp 00001000 fd:01 2421                           /system/lib64/libhardware.so
TEMP-DEBUG maps: 723a1c9000-723a1ca000 r-xp 00002000 fd:01 2553                           /system/lib64/libprocinfo.so
TEMP-DEBUG maps: 723ae78000-723ae79000 r-xp 00001000 fd:01 2075                           /system/lib64/android.hardware.graphics.common@1.0.so
TEMP-DEBUG maps: 723aea1000-723aeb0000 r-xp 0000e000 fd:01 2086                           /system/lib64/android.hardware.graphics.mapper@4.0.so
TEMP-DEBUG maps: 723afc0000-723b193000 r-xp 000f3000 fd:01 2258                           /system/lib64/libandroid_runtime.so
TEMP-DEBUG maps: 723cc6c000-723cc74000 r-xp 00009000 fd:01 2107                           /system/lib64/android.hardware.memtrack@1.0.so
TEMP-DEBUG maps: 723cca7000-723ccaa000 r-xp 00006000 fd:01 2218                           /system/lib64/libGLESv1_CM.so
TEMP-DEBUG maps: 723cd04000-723cd2b000 r-xp 00017000 fd:01 2598                           /system/lib64/libstagefright_bufferpool@2.0.1.so
TEMP-DEBUG maps: 723cd6c000-723cd6f000 r-xp 00002000 fd:01 2494                           /system/lib64/libmedia_omx_client.so
TEMP-DEBUG maps: 723cd95000-723cdba000 r-xp 0000c000 fd:01 2489                           /system/lib64/libmedia_codeclist_capabilities.so
TEMP-DEBUG maps: 723cde7000-723cdfd000 r-xp 00014000 fd:01 2048                           /system/lib64/android.hardware.drm-V2-ndk.so
TEMP-DEBUG maps: 723ce27000-723ce2a000 r-xp 00003000 fd:01 2422                           /system/lib64/libhardware_legacy.so
TEMP-DEBUG maps: 723cead000-723cf2a000 r-xp 0004c000 fd:01 2305                           /system/lib64/libbinder.so
TEMP-DEBUG maps: 723cfcd000-723cfec000 r-xp 0001f000 fd:01 2100                           /system/lib64/android.hardware.media.c2-V1-ndk.so
TEMP-DEBUG maps: 723fe4b000-723fe4c000 r-xp 00001000 07:b0 43                             /apex/com.android.runtime/lib64/bionic/libdl.so
TEMP-DEBUG maps: 723ffb9000-7240165000 r-xp 00102000 07:a8 36                             /apex/com.android.i18n/lib64/libicui18n.so
TEMP-DEBUG maps: 72401d6000-72401fa000 r-xp 00014000 07:b0 45                             /apex/com.android.runtime/lib64/bionic/libm.so
TEMP-DEBUG maps: 7242e5e000-7242e78000 r-xp 0000a000 fd:01 2509                           /system/lib64/libmeminfo.so
TEMP-DEBUG maps: 7242ea6000-7242ec3000 r-xp 00011000 fd:01 2339                           /system/lib64/libclang_rt.ubsan_standalone-aarch64-android.so
TEMP-DEBUG maps: 7243156000-724316a000 r-xp 00012000 fd:01 2102                           /system/lib64/android.hardware.media.c2@1.1.so
TEMP-DEBUG maps: 7243192000-724319a000 r-xp 00009000 fd:01 2069                           /system/lib64/android.hardware.graphics.allocator@2.0.so
TEMP-DEBUG maps: 72431cb000-72431eb000 r-xp 00009000 fd:01 2390                           /system/lib64/libexpat.so
TEMP-DEBUG maps: 7243448000-724344d000 r-xp 00002000 fd:1e 109                            /apex/com.android.art/lib64/libsigchain.so
TEMP-DEBUG maps: 72434b0000-72434b1000 r-xp 00001000 fd:01 2347                           /system/lib64/libcodec2.so
TEMP-DEBUG maps: 72434d3000-724351e000 r-xp 0000e000 fd:01 2452                           /system/lib64/libjpeg.so
TEMP-DEBUG maps: 7243568000-724357c000 r-xp 0000f000 fd:01 2370                           /system/lib64/libdatasource.so
TEMP-DEBUG maps: 72435b8000-72435bd000 r-xp 00005000 fd:01 2180                           /system/lib64/av-types-aidl-cpp.so
TEMP-DEBUG maps: 72435d1000-72435d3000 r-xp 00001000 fd:01 2604                           /system/lib64/libstagefright_http_support.so
TEMP-DEBUG maps: 7243627000-7243635000 r-xp 00010000 fd:01 2053                           /system/lib64/android.hardware.drm@1.3.so
TEMP-DEBUG maps: 724366a000-724366c000 r-xp 00002000 fd:01 2192                           /system/lib64/com.android.media.audio-aconfig-cc.so
TEMP-DEBUG maps: 72436a1000-72436a4000 r-xp 00004000 fd:01 2190                           /system/lib64/capture_state_listener-aidl-cpp.so
TEMP-DEBUG maps: 72436f9000-72436fb000 r-xp 00001000 fd:01 2156                           /system/lib64/android.media.audiopolicy-aconfig-cc.so
TEMP-DEBUG maps: 724371e000-7243737000 r-xp 00015000 fd:01 2025                           /system/lib64/android.hardware.camera.device@3.2.so
TEMP-DEBUG maps: 7243754000-724375d000 r-xp 00004000 fd:01 2321                           /system/lib64/libbpf_minimal.so
TEMP-DEBUG maps: 724378c000-724378d000 r-xp 00002000 fd:01 2038                           /system/lib64/android.hardware.common-V2-cpp.so
TEMP-DEBUG maps: 72437d9000-72437e5000 r-xp 00009000 fd:01 2366                           /system/lib64/libcutils.so
TEMP-DEBUG maps: 7243824000-7243825000 r-xp 00001000 fd:01 2212                           /system/lib64/lib-camera-compatibility-info-api.so
TEMP-DEBUG maps: 724385c000-7243871000 r-xp 0000f000 fd:01 2264                           /system/lib64/libapexsupport.so
TEMP-DEBUG maps: 7243893000-7243895000 r-xp 00002000 fd:01 2492                           /system/lib64/libmedia_jni_utils.so
TEMP-DEBUG maps: 72438e0000-72438e1000 r-xp 00001000 fd:01 2536                           /system/lib64/libpackagelistparser.so
TEMP-DEBUG maps: 7243933000-7243939000 r-xp 00006000 fd:01 2320                           /system/lib64/libbpf_bcc.so
TEMP-DEBUG maps: 72439a7000-72439f2000 r-xp 00032000 fd:01 2101                           /system/lib64/android.hardware.media.c2@1.0.so
TEMP-DEBUG maps: 7243a29000-7243a33000 r-xp 0000b000 fd:01 2084                           /system/lib64/android.hardware.graphics.mapper@2.1.so
TEMP-DEBUG maps: 7243ad4000-7243b60000 r-xp 0007a000 fd:01 2326                           /system/lib64/libc++.so
TEMP-DEBUG maps: 7243b95000-7243b9a000 r-xp 00005000 fd:01 2174                           /system/lib64/audio-permission-aidl-cpp.so
TEMP-DEBUG maps: 7243bd4000-7243bf7000 r-xp 00013000 fd:01 2596                           /system/lib64/libstagefright_aidl_bufferpool2.so
TEMP-DEBUG maps: 7243c95000-7243cb8000 r-xp 00078000 fd:01 2361                           /system/lib64/libcrypto.so
TEMP-DEBUG maps: 7243cb8000-7243d21000 --xp 0009b000 fd:01 2361                           /system/lib64/libcrypto.so
TEMP-DEBUG maps: 7243d21000-7243da1000 r-xp 00104000 fd:01 2361                           /system/lib64/libcrypto.so
TEMP-DEBUG maps: 7243deb000-7243df0000 r-xp 00004000 fd:01 2543                           /system/lib64/libperfetto_framework_jni.so
TEMP-DEBUG maps: 7243e2b000-7243e78000 r-xp 00017000 fd:01 2298                           /system/lib64/libaudioutils.so
TEMP-DEBUG maps: 7243e97000-7243ed1000 r-xp 00012000 fd:01 2514                           /system/lib64/libmemunreachable.so
TEMP-DEBUG maps: 7243f23000-7243f36000 r-xp 00008000 fd:01 2568                           /system/lib64/libselinux.so
TEMP-DEBUG maps: 7243f68000-7243f6a000 r-xp 00001000 fd:01 2580                           /system/lib64/libshmemutil.so
TEMP-DEBUG maps: 7243fa6000-7243fad000 r-xp 00012000 fd:01 2220                           /system/lib64/libGLESv2.so
TEMP-DEBUG maps: 7243fe7000-7243fe9000 r-xp 00003000 fd:01 2432                           /system/lib64/libhidlmemory.so
TEMP-DEBUG maps: 7244e69000-7244e6d000 r-xp 00005000 fd:01 2632                           /system/lib64/libtracing_perfetto.so
TEMP-DEBUG maps: 7244eb0000-7244eb3000 r-xp 00005000 fd:01 2523                           /system/lib64/libnativewindow.so
TEMP-DEBUG maps: 7244ed2000-7244ed3000 r-xp 00001000 fd:01 2522                           /system/lib64/libnativeloader_lazy.so
TEMP-DEBUG maps: 7244f1c000-7244f27000 r-xp 00008000 fd:01 2205                           /system/lib64/graphicbuffersource-aidl-ndk.so
TEMP-DEBUG maps: 7244f62000-7244f6a000 r-xp 00008000 fd:01 2676                           /system/lib64/packagemanager_aidl-cpp.so
TEMP-DEBUG maps: 7244f88000-7244f8f000 r-xp 00008000 fd:01 2146                           /system/lib64/android.hidl.memory.token@1.0.so
TEMP-DEBUG maps: 7244ff1000-7244ff6000 r-xp 00003000 fd:01 2526                           /system/lib64/libnetd_client.so
TEMP-DEBUG maps: 7245009000-724500b000 r-xp 00003000 fd:01 2289                           /system/lib64/libaudiomanager.so
TEMP-DEBUG maps: 7245052000-7245059000 r-xp 00006000 fd:01 2330                           /system/lib64/libcamera_metadata.so
TEMP-DEBUG maps: 724510c000-72451e0000 r-xp 00073000 fd:01 2555                           /system/lib64/libprotobuf-cpp-lite.so
TEMP-DEBUG maps: 7245229000-724525d000 r-xp 00022000 fd:01 2050                           /system/lib64/android.hardware.drm@1.0.so
TEMP-DEBUG maps: 7245288000-7245291000 r-xp 00008000 fd:01 2499                           /system/lib64/libmediadrmmetrics_lite.so
TEMP-DEBUG maps: 7245353000-72453df000 r-xp 0007a000 fd:1e 91                             /apex/com.android.art/lib64/libc++.so
TEMP-DEBUG maps: 7245535000-7245b6a000 r-xp 00124000 fd:01 2456                           /system/lib64/libjxl.so
TEMP-DEBUG maps: 724826e000-7248318000 r-xp 00026000 fd:01 2542                           /system/lib64/libperfetto_c.so
TEMP-DEBUG maps: 7248353000-724835e000 r-xp 00005000 fd:01 2310                           /system/lib64/libbinderdebug.so
TEMP-DEBUG maps: 72483b8000-72483ba000 r-xp 00004000 fd:01 1996                           /system/lib64/android.companion.virtual.virtualdevice_aidl-cpp.so
TEMP-DEBUG maps: 72483f3000-72483ff000 r-xp 00006000 fd:01 2175                           /system/lib64/audioclient-types-aidl-cpp.so
TEMP-DEBUG maps: 7248419000-724841c000 r-xp 00006000 fd:01 2204                           /system/lib64/framework-permission-aidl-cpp.so
TEMP-DEBUG maps: 7248475000-72484d8000 r-xp 0002f000 fd:01 2505                           /system/lib64/libmediautils.so
TEMP-DEBUG maps: 7248533000-7248534000 r-xp 00002000 fd:01 2512                           /system/lib64/libmemtrack.so
TEMP-DEBUG maps: 724855c000-7248573000 r-xp 00013000 fd:01 2073                           /system/lib64/android.hardware.graphics.bufferqueue@2.0.so
TEMP-DEBUG maps: 72485b9000-72485bb000 r-xp 00001000 fd:01 2193                           /system/lib64/com.android.media.audioclient-aconfig-cc.so
TEMP-DEBUG maps: 72485d5000-72485d6000 r-xp 00002000 fd:01 2301                           /system/lib64/libbattery.so
TEMP-DEBUG maps: 7248637000-7248639000 r-xp 00005000 07:a8 31                             /apex/com.android.i18n/lib64/libandroidicu.so
TEMP-DEBUG maps: 724865e000-7248678000 r-xp 00015000 fd:01 2072                           /system/lib64/android.hardware.graphics.bufferqueue@1.0.so
TEMP-DEBUG maps: 7248695000-724869c000 r-xp 00009000 fd:01 2521                           /system/lib64/libnativedisplay.so
TEMP-DEBUG maps: 72486e2000-72486f3000 r-xp 00009000 fd:01 2351                           /system/lib64/libcodec2_hidl_client@1.0.so
TEMP-DEBUG maps: 7248733000-7248735000 r-xp 00002000 fd:01 2579                           /system/lib64/libshmemcompat.so
TEMP-DEBUG maps: 7248772000-724877b000 r-xp 0000b000 fd:01 2098                           /system/lib64/android.hardware.media.bufferpool2-V2-ndk.so
TEMP-DEBUG maps: 72487ad000-72487af000 r-xp 00001000 fd:01 1992                           /system/lib64/aconfig_mediacodec_flags_c_lib.so
TEMP-DEBUG maps: 72487db000-72487fc000 r-xp 00017000 fd:01 2601                           /system/lib64/libstagefright_foundation.so
TEMP-DEBUG maps: 7248825000-7248849000 r-xp 00025000 fd:01 2054                           /system/lib64/android.hardware.drm@1.4.so
TEMP-DEBUG maps: 7248892000-724889b000 r-xp 00008000 fd:01 2416                           /system/lib64/libgraphicsenv.so
TEMP-DEBUG maps: 72488d6000-72488eb000 r-xp 00014000 fd:01 2103                           /system/lib64/android.hardware.media.c2@1.2.so
TEMP-DEBUG maps: 7248920000-7248921000 r-xp 00001000 fd:01 2076                           /system/lib64/android.hardware.graphics.common@1.1.so
TEMP-DEBUG maps: 7248a04000-7248ba5000 r-xp 000b6000 fd:01 2376                           /system/lib64/libdng_sdk.so
TEMP-DEBUG maps: 724be48000-724be4a000 r-xp 00004000 fd:01 2677                           /system/lib64/process_info_service_aidl-cpp.so
TEMP-DEBUG maps: 724beac000-724bead000 r-xp 00001000 fd:01 2520                           /system/lib64/libnativebridge_lazy.so
TEMP-DEBUG maps: 724becb000-724becc000 r-xp 00001000 fd:01 2652                           /system/lib64/libvndksupport.so
TEMP-DEBUG maps: 724bf2e000-724bf30000 r-xp 00002000 fd:01 2189                           /system/lib64/camera_platform_flags_c_lib.so
TEMP-DEBUG maps: 724bf7c000-724bfb3000 r-xp 00029000 fd:01 2538                           /system/lib64/libpcre2.so
TEMP-DEBUG maps: 724bfec000-724bfee000 r-xp 0000c000 fd:01 2196                           /system/lib64/com.android.window.flags.window-aconfig_flags_c_lib.so
TEMP-DEBUG maps: 724c037000-724c03e000 r-xp 00012000 fd:01 2222                           /system/lib64/libGLESv3.so
TEMP-DEBUG maps: 724c052000-724c065000 r-xp 00011000 fd:01 2306                           /system/lib64/libbinder_ndk.so
TEMP-DEBUG maps: 724c08e000-724c098000 r-xp 00009000 fd:01 2232                           /system/lib64/libSurfaceFlingerProp.so
TEMP-DEBUG maps: 724c0d5000-724c0f6000 r-xp 00009000 fd:1e 99                             /apex/com.android.art/lib64/liblzma.so
TEMP-DEBUG maps: 724c12e000-724c139000 r-xp 00007000 fd:01 2488                           /system/lib64/libmedia_codeclist.so
TEMP-DEBUG maps: 724c16f000-724c173000 r-xp 00005000 fd:01 2169                           /system/lib64/android.system.suspend-V1-ndk.so
TEMP-DEBUG maps: 724c18b000-724c18e000 r-xp 00002000 fd:01 2644                           /system/lib64/libusbhost.so
TEMP-DEBUG maps: 724c1e7000-724c1e8000 r-xp 00002000 fd:01 1993                           /system/lib64/aconfig_text_flags_c_lib.so
TEMP-DEBUG maps: 724c2ae000-724c3d1000 r-xp 0009d000 fd:01 2516                           /system/lib64/libminikin.so
TEMP-DEBUG maps: 724c44d000-724c471000 r-xp 0001a000 fd:01 2660                           /system/lib64/libwilhelm.so
TEMP-DEBUG maps: 724c6b2000-724c94e000 r-xp 00220000 fd:01 2539                           /system/lib64/libpdfium.so
TEMP-DEBUG maps: 724c986000-724c990000 r-xp 00005000 fd:01 2477                           /system/lib64/liblog.so
TEMP-DEBUG maps: 724c9eb000-724c9f2000 r-xp 00005000 fd:01 2600                           /system/lib64/libstagefright_codecbase.so
TEMP-DEBUG maps: 724e45f000-724e478000 r-xp 00015000 fd:01 2099                           /system/lib64/android.hardware.media.bufferpool@2.0.so
TEMP-DEBUG maps: 724e48d000-724e490000 r-xp 00001000 fd:01 2216                           /system/lib64/libETC1.so
TEMP-DEBUG maps: 724e51a000-724e5f7000 r-xp 0003c000 fd:01 2423                           /system/lib64/libharfbuzz_ng.so
TEMP-DEBUG maps: 724e651000-724e677000 r-xp 0001a000 fd:01 2503                           /system/lib64/libmediandk.so
TEMP-DEBUG maps: 724e6d5000-724e6ed000 r-xp 00012000 fd:01 2493                           /system/lib64/libmedia_omx.so
TEMP-DEBUG maps: 724e72c000-724e73b000 r-xp 0001a000 fd:01 2372                           /system/lib64/libdebugstore_cxx.so
TEMP-DEBUG maps: 724e775000-724e7f5000 r-xp 00030000 fd:01 2639                           /system/lib64/libunwindstack.so
TEMP-DEBUG maps: 724f242000-724f243000 r-xp 00001000 07:b0 44                             /apex/com.android.runtime/lib64/bionic/libdl_android.so
TEMP-DEBUG maps: 724f2a6000-724f2dc000 r-xp 0001a000 fd:01 2638                           /system/lib64/libultrahdr.so
TEMP-DEBUG maps: 724f331000-724f332000 r-xp 00001000 fd:01 2040                           /system/lib64/android.hardware.common.fmq-V1-cpp.so
TEMP-DEBUG maps: 724f36c000-724f38d000 r-xp 00015000 fd:01 2214                           /system/lib64/libEGL.so
TEMP-DEBUG maps: 724f3e0000-724f3e5000 r-xp 00005000 fd:01 1997                           /system/lib64/android.companion.virtualdevice.flags-aconfig-cc.so
TEMP-DEBUG maps: 724f41a000-724f41c000 r-xp 00001000 fd:01 2446                           /system/lib64/libion.so
TEMP-DEBUG maps: 724f458000-724f47c000 r-xp 0000e000 fd:01 2300                           /system/lib64/libbase.so
TEMP-DEBUG maps: 724f485000-724f487000 r-xp 00001000 fd:01 2504                           /system/lib64/libmediandk_utils.so
TEMP-DEBUG maps: 724f4cf000-724f4d1000 r-xp 00002000 fd:01 2453                           /system/lib64/libjpegdecoder.so
TEMP-DEBUG maps: 724f50a000-724f512000 r-xp 00009000 fd:01 2071                           /system/lib64/android.hardware.graphics.allocator@4.0.so
TEMP-DEBUG maps: 724f551000-724f552000 r-xp 00001000 fd:01 2041                           /system/lib64/android.hardware.common.fmq-V1-ndk.so
TEMP-DEBUG maps: 724f597000-724f598000 r-xp 00001000 fd:01 2042                           /system/lib64/android.hardware.configstore-utils.so
TEMP-DEBUG maps: 724f5d0000-724f5df000 r-xp 0000d000 fd:01 2147                           /system/lib64/android.hidl.memory@1.0.so
TEMP-DEBUG maps: 724f60e000-724f61c000 r-xp 00009000 fd:01 2375                           /system/lib64/libdmabufheap.so
TEMP-DEBUG maps: 724f6e6000-724f7d5000 r-xp 00099000 fd:01 2418                           /system/lib64/libgui.so
TEMP-DEBUG maps: 7250056000-7250088000 r-xp 00012000 fd:01 2282                           /system/lib64/libaudiofoundation.so
TEMP-DEBUG maps: 72500d4000-72500dc000 r-xp 0000a000 fd:01 2036                           /system/lib64/android.hardware.cas.native@1.0.so
TEMP-DEBUG maps: 725013c000-725017a000 r-xp 0001c000 fd:01 2551                           /system/lib64/libprocessgroup.so
TEMP-DEBUG maps: 7250190000-7250195000 r-xp 00003000 fd:01 2178                           /system/lib64/audiopolicy-types-aidl-cpp.so
TEMP-DEBUG maps: 72501c7000-72501c8000 r-xp 00002000 fd:01 2149                           /system/lib64/android.hidl.token@1.0-utils.so
TEMP-DEBUG maps: 7250229000-7250236000 r-xp 00006000 fd:01 2350                           /system/lib64/libcodec2_hal_common.so
TEMP-DEBUG maps: 7250280000-72502b9000 r-xp 0002a000 fd:01 2635                           /system/lib64/libui.so
TEMP-DEBUG maps: 7250314000-72503c6000 r-xp 00052000 fd:01 2275                           /system/lib64/libaudioclient.so
TEMP-DEBUG maps: 725063c000-7250dac000 r-xp 00200000 fd:01 2435                           /system/lib64/libhwui.so
TEMP-DEBUG maps: 72510a0000-72510cc000 r-xp 00014000 fd:01 2269                           /system/lib64/libaudio_aidl_conversion_common_cpp.so
TEMP-DEBUG maps: 7251120000-7251121000 r-xp 00002000 fd:01 2039                           /system/lib64/android.hardware.common-V2-ndk.so
TEMP-DEBUG maps: 7251158000-725117c000 r-xp 0000e000 fd:01 2300                           /system/lib64/libbase.so
TEMP-DEBUG maps: 725119f000-72511ab000 r-xp 00009000 fd:01 2681                           /system/lib64/spatializer-aidl-cpp.so
TEMP-DEBUG maps: 72511d5000-72511dc000 r-xp 00009000 fd:01 2544                           /system/lib64/libpermission.so
TEMP-DEBUG maps: 7252c64000-7252c6f000 r-xp 00006000 fd:01 2369                           /system/lib64/libdataloader.so
TEMP-DEBUG maps: 7252ca5000-7252ca7000 r-xp 00001000 fd:01 2352                           /system/lib64/libcodec2_hidl_client@1.1.so
TEMP-DEBUG maps: 7254aad000-7254aae000 r-xp 00000000 00:00 0                              [vdso]
TEMP-DEBUG maps: 7254afc000-7254c6e000 r-xp 0004e000 07:b0 16                             /apex/com.android.runtime/bin/linker64
TEMP-DEBUG exec segments at injection: 249
remote mapped /data/adb/modules/rezygisk/lib/libzygisk.so at 0xe8bb7000 (size 0x109000), entry 0xe8c1d34d
cp request: action=0
Received Zygote32 injected command
status updated: Monitor: ✅, ReZygisk 64-bit: ✅, ReZygisk 32-bit: ✅
client entry call returned 0x1
invoke entry
inject done, continuing process
received SIGCONT, detaching zygote
trace complete, zygote 16868 released
remote mapped /data/adb/modules/rezygisk/lib64/libzygisk.so at 0x100000000 (size 0x184000), entry 0x1000ad324, backing=memfd
process 16872 stopped by SIGCHLD, continue
cp request: action=0
Received Zygote64 injected command
status updated: Monitor: ✅, ReZygisk 64-bit: ✅, ReZygisk 32-bit: ✅
client entry call returned 0x17373f60
invoke entry
inject done, continuing process
received SIGCONT, detaching zygote
trace complete, zygote 16872 released
cp request: action=3
Zygote32 restart too much times, stop injecting
stop tracing init
idle: Stopped, tracked pids: 0
idle: Stopped, tracked pids: 0
idle: Stopped, tracked pids: 0
idle: Stopped, tracked pids: 0
idle: Stopped, tracked pids: 0
idle: Stopped, tracked pids: 0
idle: Stopped, tracked pids: 0
idle: Stopped, tracked pids: 0
idle: Stopped, tracked pids: 0
idle: Stopped, tracked pids: 0
idle: Stopped, tracked pids: 0
idle: Stopped, tracked pids: 0
idle: Stopped, tracked pids: 0
idle: Stopped, tracked pids: 0
idle: Stopped, tracked pids: 0
idle: Stopped, tracked pids: 0
idle: Stopped, tracked pids: 0
idle: Stopped, tracked pids: 0
idle: Stopped, tracked pids: 0
idle: Stopped, tracked pids: 0
idle: Stopped, tracked pids: 0
idle: Stopped, tracked pids: 0
idle: Stopped, tracked pids: 0
idle: Stopped, tracked pids: 0
idle: Stopped, tracked pids: 0
idle: Stopped, tracked pids: 0
idle: Stopped, tracked pids: 0
idle: Stopped, tracked pids: 0
idle: Stopped, tracked pids: 0
idle: Stopped, tracked pids: 0
idle: Stopped, tracked pids: 0
Start tracing init
status updated: Monitor: ✅, ReZygisk 64-bit: ✅, ReZygisk 32-bit: ✅
ReZygiskd32 already running
handoff tracer: pid=22895 program=/system/bin/app_process32 tracer=./bin/zygisk-ptrace32 tango=no
exec tracer command: ./bin/zygisk-ptrace32 trace 22895 --restart
ReZygiskd64 already running
handoff tracer: pid=22897 program=/system/bin/app_process64 tracer=./bin/zygisk-ptrace64 tango=no
tracer 1.0.0 online

=== [zygisk-ptrace trace] pid=22905 epoch=1790030737 stdio redirected ===
start tracing 22895 (tracer 22905)
injecting /data/adb/modules/rezygisk/lib/libzygisk.so to zygote 22895
exec tracer command: ./bin/zygisk-ptrace64 trace 22897 --restart
tracer 1.0.0 online

=== [zygisk-ptrace trace] pid=22909 epoch=1790030737 stdio redirected ===
start tracing 22897 (tracer 22909)
injecting /data/adb/modules/rezygisk/lib64/libzygisk.so to zygote 22897
TEMP-DEBUG maps: 5d10b74000-5d10b76000 r-xp 00002000 fd:01 223                            /system/bin/app_process64
TEMP-DEBUG maps: 769ef8f000-769efb4000 r-xp 0000c000 fd:01 2489                           /system/lib64/libmedia_codeclist_capabilities.so
TEMP-DEBUG maps: 769efc2000-769efc3000 r-xp 00002000 fd:01 1993                           /system/lib64/aconfig_text_flags_c_lib.so
TEMP-DEBUG maps: 769f01d000-769f02b000 r-xp 00009000 fd:01 2375                           /system/lib64/libdmabufheap.so
TEMP-DEBUG maps: 769f0cf000-769f15b000 r-xp 0007a000 fd:01 2326                           /system/lib64/libc++.so
TEMP-DEBUG maps: 769f1cd000-769f1ce000 r-xp 00001000 fd:01 2042                           /system/lib64/android.hardware.configstore-utils.so
TEMP-DEBUG maps: 769fe49000-769fe52000 r-xp 00003000 fd:01 2626                           /system/lib64/libtimeinstate.so
TEMP-DEBUG maps: 769fe8f000-769fe94000 r-xp 00002000 fd:1e 109                            /apex/com.android.art/lib64/libsigchain.so
TEMP-DEBUG maps: 769ff07000-769ff28000 r-xp 00015000 fd:01 2214                           /system/lib64/libEGL.so
TEMP-DEBUG maps: 769ff5a000-769ff5b000 r-xp 00001000 fd:01 2148                           /system/lib64/android.hidl.safe_union@1.0.so
TEMP-DEBUG maps: 769ffa0000-769ffbc000 r-xp 00010000 fd:01 2602                           /system/lib64/libstagefright_framecapture_utils.so
TEMP-DEBUG maps: 769ffcc000-769ffe0000 r-xp 0000b000 fd:01 2348                           /system/lib64/libcodec2_aidl_client.so
TEMP-DEBUG maps: 76a0031000-76a003c000 r-xp 00005000 fd:01 2310                           /system/lib64/libbinderdebug.so
TEMP-DEBUG maps: 76a0071000-76a009f000 r-xp 00028000 fd:01 2052                           /system/lib64/android.hardware.drm@1.2.so
TEMP-DEBUG maps: 76a00f8000-76a0178000 r-xp 00030000 fd:01 2639                           /system/lib64/libunwindstack.so
TEMP-DEBUG maps: 76a01ea000-76a01ec000 r-xp 00002000 fd:01 2189                           /system/lib64/camera_platform_flags_c_lib.so
TEMP-DEBUG maps: 76a3a58000-76a3a5a000 r-xp 00001000 fd:01 2680                           /system/lib64/shared-file-region-aidl-cpp.so
TEMP-DEBUG maps: 76a3a93000-76a3a9d000 r-xp 0000b000 fd:01 2084                           /system/lib64/android.hardware.graphics.mapper@2.1.so
TEMP-DEBUG maps: 76a3adf000-76a3ae4000 r-xp 00005000 fd:01 1997                           /system/lib64/android.companion.virtualdevice.flags-aconfig-cc.so
TEMP-DEBUG maps: 76a3b35000-76a3b38000 r-xp 00002000 fd:01 2644                           /system/lib64/libusbhost.so
TEMP-DEBUG maps: 76a3b69000-76a3b71000 r-xp 00009000 fd:01 2107                           /system/lib64/android.hardware.memtrack@1.0.so
TEMP-DEBUG maps: 76a3bb2000-76a3bcf000 r-xp 00011000 fd:01 2339                           /system/lib64/libclang_rt.ubsan_standalone-aarch64-android.so
TEMP-DEBUG maps: 76a58ab000-76a594e000 r-xp 00059000 07:b0 41                             /apex/com.android.runtime/lib64/bionic/libc.so
TEMP-DEBUG maps: 76a5988000-76a598b000 r-xp 00003000 fd:01 2074                           /system/lib64/android.hardware.graphics.common-V7-ndk.so
TEMP-DEBUG maps: 76a59ec000-76a59f1000 r-xp 00005000 fd:01 2174                           /system/lib64/audio-permission-aidl-cpp.so
TEMP-DEBUG maps: 76a5b16000-76a5ce9000 r-xp 000f3000 fd:01 2258                           /system/lib64/libandroid_runtime.so
TEMP-DEBUG maps: 76a5d51000-76a5d52000 r-xp 00001000 fd:01 2041                           /system/lib64/android.hardware.common.fmq-V1-ndk.so
TEMP-DEBUG maps: 76a5dc4000-76a5dfb000 r-xp 00015000 fd:01 2177                           /system/lib64/audiopolicy-aidl-cpp.so
TEMP-DEBUG maps: 76a669e000-76a66c1000 r-xp 00078000 fd:01 2361                           /system/lib64/libcrypto.so
TEMP-DEBUG maps: 76a66c1000-76a672a000 --xp 0009b000 fd:01 2361                           /system/lib64/libcrypto.so
TEMP-DEBUG maps: 76a672a000-76a67aa000 r-xp 00104000 fd:01 2361                           /system/lib64/libcrypto.so
TEMP-DEBUG maps: 76a8c7e000-76a8cb9000 r-xp 0001a000 fd:01 2276                           /system/lib64/libaudioclient_aidl_conversion.so
TEMP-DEBUG maps: 76a8cf3000-76a8cfa000 r-xp 00009000 fd:01 2544                           /system/lib64/libpermission.so
TEMP-DEBUG maps: 76a8d2e000-76a8d30000 r-xp 00001000 fd:01 2604                           /system/lib64/libstagefright_http_support.so
TEMP-DEBUG maps: 76a8d6c000-76a8d6f000 r-xp 0000c000 07:a8 34                             /apex/com.android.i18n/lib64/libicu.so
TEMP-DEBUG maps: 76a8d9b000-76a8db5000 r-xp 0000a000 fd:01 2509                           /system/lib64/libmeminfo.so
TEMP-DEBUG maps: 76a8dde000-76a8de3000 r-xp 00004000 fd:01 2543                           /system/lib64/libperfetto_framework_jni.so
TEMP-DEBUG maps: 76a8e25000-76a8e28000 r-xp 00005000 fd:01 2106                           /system/lib64/android.hardware.memtrack-V1-ndk.so
TEMP-DEBUG maps: 76a8e53000-76a8e63000 r-xp 0000f000 fd:01 2670                           /system/lib64/media_quality_aidl_interface-cpp.so
TEMP-DEBUG maps: 76a8ea1000-76a8ea5000 r-xp 00005000 fd:01 2632                           /system/lib64/libtracing_perfetto.so
TEMP-DEBUG maps: 76a8eec000-76a8f20000 r-xp 00022000 fd:01 2050                           /system/lib64/android.hardware.drm@1.0.so
TEMP-DEBUG maps: 76a8f59000-76a8f61000 r-xp 00008000 fd:01 2676                           /system/lib64/packagemanager_aidl-cpp.so
TEMP-DEBUG maps: 76a8fb4000-76a8ff2000 r-xp 0001c000 fd:01 2551                           /system/lib64/libprocessgroup.so
TEMP-DEBUG maps: 76a9064000-76a90c2000 r-xp 00039000 fd:01 2487                           /system/lib64/libmedia.so
TEMP-DEBUG maps: 76a9147000-76a9148000 r-xp 00001000 fd:01 2076                           /system/lib64/android.hardware.graphics.common@1.1.so
TEMP-DEBUG maps: 76a91c8000-76a91ec000 r-xp 0001a000 fd:01 2660                           /system/lib64/libwilhelm.so
TEMP-DEBUG maps: 76a966e000-76a990a000 r-xp 00220000 fd:01 2539                           /system/lib64/libpdfium.so
TEMP-DEBUG maps: 76a99a6000-76a99b2000 r-xp 00006000 fd:01 2175                           /system/lib64/audioclient-types-aidl-cpp.so
TEMP-DEBUG maps: 76a99d3000-76a99f4000 r-xp 00009000 fd:01 2485                           /system/lib64/liblzma.so
TEMP-DEBUG maps: 76ac470000-76ac473000 r-xp 00006000 fd:01 2204                           /system/lib64/framework-permission-aidl-cpp.so
TEMP-DEBUG maps: 76ac48f000-76ac49c000 r-xp 0000e000 fd:01 2226                           /system/lib64/libPlatformProperties.so
TEMP-DEBUG maps: 76ac4d2000-76ac4d5000 r-xp 00002000 fd:01 2494                           /system/lib64/libmedia_omx_client.so
TEMP-DEBUG maps: 76ac534000-76ac536000 r-xp 0000c000 fd:01 2196                           /system/lib64/com.android.window.flags.window-aconfig_flags_c_lib.so
TEMP-DEBUG maps: 76ac570000-76ac5d6000 r-xp 00029000 fd:01 2578                           /system/lib64/libsfplugin_ccodec_utils.so
TEMP-DEBUG maps: 76ac6c8000-76ac7e9000 r-xp 000c4000 07:a8 37                             /apex/com.android.i18n/lib64/libicuuc.so
TEMP-DEBUG maps: 76ad8db000-76ad9ca000 r-xp 00099000 fd:01 2418                           /system/lib64/libgui.so
TEMP-DEBUG maps: 76af24f000-76af25b000 r-xp 00009000 fd:01 2665                           /system/lib64/libziparchive.so
TEMP-DEBUG maps: 76af2b0000-76af2b8000 r-xp 00009000 fd:01 2069                           /system/lib64/android.hardware.graphics.allocator@2.0.so
TEMP-DEBUG maps: 76af2e7000-76af2e9000 r-xp 00002000 fd:01 2606                           /system/lib64/libstagefright_omx_utils.so
TEMP-DEBUG maps: 76af30f000-76af310000 r-xp 00001000 fd:01 2652                           /system/lib64/libvndksupport.so
TEMP-DEBUG maps: 76af369000-76af38f000 r-xp 0001a000 fd:01 2503                           /system/lib64/libmediandk.so
TEMP-DEBUG maps: 76af3d7000-76af3fb000 r-xp 00014000 07:b0 45                             /apex/com.android.runtime/lib64/bionic/libm.so
TEMP-DEBUG maps: 76af417000-76af43a000 r-xp 00013000 fd:01 2596                           /system/lib64/libstagefright_aidl_bufferpool2.so
TEMP-DEBUG maps: 76af457000-76af45b000 r-xp 00005000 fd:01 2068                           /system/lib64/android.hardware.graphics.allocator-V2-ndk.so
TEMP-DEBUG maps: 76af4b2000-76af515000 r-xp 0002f000 fd:01 2505                           /system/lib64/libmediautils.so
TEMP-DEBUG maps: 76af5a5000-76af5b4000 r-xp 0000d000 fd:01 2147                           /system/lib64/android.hidl.memory@1.0.so
TEMP-DEBUG maps: 76af5d8000-76af5f0000 r-xp 00009000 fd:1e 102                            /apex/com.android.art/lib64/libnativeloader.so
TEMP-DEBUG maps: 76afc63000-76afc74000 r-xp 00009000 fd:01 2351                           /system/lib64/libcodec2_hidl_client@1.0.so
TEMP-DEBUG maps: 76afcb7000-76afcfa000 r-xp 00028000 fd:01 2437                           /system/lib64/libimage_io.so
TEMP-DEBUG maps: 76afd19000-76afd1a000 r-xp 00002000 fd:01 2149                           /system/lib64/android.hidl.token@1.0-utils.so
TEMP-DEBUG maps: 76afd57000-76afd76000 r-xp 00017000 fd:01 2037                           /system/lib64/android.hardware.cas@1.0.so
TEMP-DEBUG maps: 76afda5000-76afdb4000 r-xp 0001a000 fd:01 2372                           /system/lib64/libdebugstore_cxx.so
TEMP-DEBUG maps: 76afdd0000-76afdd2000 r-xp 00002000 fd:01 2678                           /system/lib64/server_configurable_flags.so
TEMP-DEBUG maps: 76afe29000-76afe2b000 r-xp 00001000 fd:01 2156                           /system/lib64/android.media.audiopolicy-aconfig-cc.so
TEMP-DEBUG maps: 76afe5b000-76afe5c000 r-xp 00002000 fd:01 2039                           /system/lib64/android.hardware.common-V2-ndk.so
TEMP-DEBUG maps: 76afea4000-76afead000 r-xp 00008000 fd:01 2416                           /system/lib64/libgraphicsenv.so
TEMP-DEBUG maps: 76afeda000-76afefc000 r-xp 00014000 fd:01 2525                           /system/lib64/libnblog.so
TEMP-DEBUG maps: 76aff36000-76aff37000 r-xp 00001000 fd:01 1998                           /system/lib64/android.database.sqlite-aconfig-cc.so
TEMP-DEBUG maps: 76aff70000-76aff71000 r-xp 00001000 fd:01 2421                           /system/lib64/libhardware.so
TEMP-DEBUG maps: 76affa6000-76affbb000 r-xp 00014000 fd:01 2103                           /system/lib64/android.hardware.media.c2@1.2.so
TEMP-DEBUG maps: 76affcf000-76affdf000 r-xp 0000e000 fd:01 2490                           /system/lib64/libmedia_helper.so
TEMP-DEBUG maps: 76b0023000-76b0031000 r-xp 00008000 fd:01 2240                           /system/lib64/libaconfig_storage_read_api_cc.so
TEMP-DEBUG maps: 76b0070000-76b00ac000 r-xp 00020000 fd:01 2349                           /system/lib64/libcodec2_client.so
TEMP-DEBUG maps: 76b00d9000-76b00db000 r-xp 00002000 fd:01 2454                           /system/lib64/libjpegencoder.so
TEMP-DEBUG maps: 76b0118000-76b012a000 r-xp 0000e000 fd:01 2645                           /system/lib64/libutils.so
TEMP-DEBUG maps: 76b0158000-76b0176000 r-xp 00014000 fd:01 2655                           /system/lib64/libvulkan.so
TEMP-DEBUG maps: 76b01b9000-76b01bb000 r-xp 00001000 fd:01 2580                           /system/lib64/libshmemutil.so
TEMP-DEBUG maps: 76b01d9000-76b01e0000 r-xp 00005000 fd:01 2600                           /system/lib64/libstagefright_codecbase.so
TEMP-DEBUG maps: 76b021a000-76b0223000 r-xp 00008000 fd:01 2499                           /system/lib64/libmediadrmmetrics_lite.so
TEMP-DEBUG maps: 76b025e000-76b025f000 r-xp 00001000 fd:01 2620                           /system/lib64/libsync.so
TEMP-DEBUG maps: 76b02bb000-76b02bf000 r-xp 00003000 fd:01 2371                           /system/lib64/libdebuggerd_client.so
TEMP-DEBUG maps: 76b02f5000-76b02f6000 r-xp 00001000 fd:01 2023                           /system/lib64/android.hardware.camera.common@1.0.so
TEMP-DEBUG maps: 76b0324000-76b0325000 r-xp 00001000 fd:01 2105                           /system/lib64/android.hardware.media@1.0.so
TEMP-DEBUG maps: 76b035e000-76b0366000 r-xp 0000a000 fd:01 2036                           /system/lib64/android.hardware.cas.native@1.0.so
TEMP-DEBUG maps: 76b0394000-76b03b5000 r-xp 00009000 fd:1e 99                             /apex/com.android.art/lib64/liblzma.so
TEMP-DEBUG maps: 76b03e7000-76b03ee000 r-xp 00006000 fd:01 2330                           /system/lib64/libcamera_metadata.so
TEMP-DEBUG maps: 76b040b000-76b040e000 r-xp 00003000 fd:01 2422                           /system/lib64/libhardware_legacy.so
TEMP-DEBUG maps: 76b045e000-76b04a9000 r-xp 0000e000 fd:01 2452                           /system/lib64/libjpeg.so
TEMP-DEBUG maps: 76b051b000-76b0547000 r-xp 00014000 fd:01 2269                           /system/lib64/libaudio_aidl_conversion_common_cpp.so
TEMP-DEBUG maps: 76b05a1000-76b05a2000 r-xp 00002000 fd:01 2553                           /system/lib64/libprocinfo.so
TEMP-DEBUG maps: 76b05d8000-76b05f2000 r-xp 00015000 fd:01 2072                           /system/lib64/android.hardware.graphics.bufferqueue@1.0.so
TEMP-DEBUG maps: 76b3a4b000-76b3a56000 r-xp 00008000 fd:01 2205                           /system/lib64/graphicbuffersource-aidl-ndk.so
TEMP-DEBUG maps: 76b3b02000-76b3b8e000 r-xp 0007a000 fd:1e 91                             /apex/com.android.art/lib64/libc++.so
TEMP-DEBUG maps: 76b3bf4000-76b3bf6000 r-xp 00002000 fd:1e 100                            /apex/com.android.art/lib64/libnativebridge.so
TEMP-DEBUG maps: 76b3c1b000-76b3c2c000 r-xp 00009000 fd:01 2438                           /system/lib64/libimg_utils.so
TEMP-DEBUG maps: 76b3c6b000-76b3c79000 r-xp 00008000 fd:01 2527                           /system/lib64/libnetdutils.so
TEMP-DEBUG maps: 76b3cb8000-76b3cb9000 r-xp 00002000 fd:01 2512                           /system/lib64/libmemtrack.so
TEMP-DEBUG maps: 76b3cd9000-76b3ce6000 r-xp 00008000 fd:01 2599                           /system/lib64/libstagefright_bufferqueue_helper.so
TEMP-DEBUG maps: 76b3d2e000-76b3d6e000 r-xp 0001f000 fd:01 2176                           /system/lib64/audioflinger-aidl-cpp.so
TEMP-DEBUG maps: 76b3d9c000-76b3dbd000 r-xp 00017000 fd:01 2601                           /system/lib64/libstagefright_foundation.so
TEMP-DEBUG maps: 76b3dce000-76b3dd0000 r-xp 00001000 fd:01 2446                           /system/lib64/libion.so
TEMP-DEBUG maps: 76b3e2a000-76b3e33000 r-xp 00009000 fd:01 2150                           /system/lib64/android.hidl.token@1.0.so
TEMP-DEBUG maps: 76b3e66000-76b3e68000 r-xp 00002000 fd:01 2192                           /system/lib64/com.android.media.audio-aconfig-cc.so
TEMP-DEBUG maps: 76b3e8b000-76b3e96000 r-xp 00006000 fd:01 2369                           /system/lib64/libdataloader.so
TEMP-DEBUG maps: 76b3f17000-76b3f6d000 r-xp 00036000 fd:01 2329                           /system/lib64/libcamera_client.so
TEMP-DEBUG maps: 76b3f9c000-76b3f9d000 r-xp 00002000 fd:01 2405                           /system/lib64/libfmq.so
TEMP-DEBUG maps: 76b3ff2000-76b3ffd000 r-xp 0000b000 fd:01 2085                           /system/lib64/android.hardware.graphics.mapper@3.0.so
TEMP-DEBUG maps: 76b408d000-76b4161000 r-xp 00073000 fd:01 2555                           /system/lib64/libprotobuf-cpp-lite.so
TEMP-DEBUG maps: 76b4191000-76b4192000 r-xp 00001000 fd:01 2077                           /system/lib64/android.hardware.graphics.common@1.2.so
TEMP-DEBUG maps: 76b41d7000-76b41de000 r-xp 00005000 fd:01 2265                           /system/lib64/libappfuse.so
TEMP-DEBUG maps: 76b420f000-76b4233000 r-xp 0000e000 fd:1e 90                             /apex/com.android.art/lib64/libbase.so
TEMP-DEBUG maps: 76b4255000-76b425e000 r-xp 00004000 fd:01 2321                           /system/lib64/libbpf_minimal.so
TEMP-DEBUG maps: 76b42a6000-76b42a9000 r-xp 00006000 fd:01 2218                           /system/lib64/libGLESv1_CM.so
TEMP-DEBUG maps: 76b42ea000-76b42ed000 r-xp 00002000 fd:01 2607                           /system/lib64/libstagefright_surface_utils.so
TEMP-DEBUG maps: 76b4312000-76b4327000 r-xp 0000f000 fd:01 2264                           /system/lib64/libapexsupport.so
TEMP-DEBUG maps: 76b4351000-76b435b000 r-xp 0000c000 fd:01 2569                           /system/lib64/libsensor.so
TEMP-DEBUG maps: 76b43a1000-76b43af000 r-xp 00010000 fd:01 2053                           /system/lib64/android.hardware.drm@1.3.so
TEMP-DEBUG maps: 76b43e4000-76b43e5000 r-xp 00001000 fd:01 2049                           /system/lib64/android.hardware.drm.common-V1-ndk.so
TEMP-DEBUG maps: 76b440b000-76b440c000 r-xp 00001000 fd:01 2212                           /system/lib64/lib-camera-compatibility-info-api.so
TEMP-DEBUG maps: 76b4479000-76b447e000 r-xp 00003000 fd:01 2526                           /system/lib64/libnetd_client.so
TEMP-DEBUG maps: 76b44a8000-76b44ab000 r-xp 00005000 fd:01 2523                           /system/lib64/libnativewindow.so
TEMP-DEBUG maps: 76b4513000-76b45eb000 r-xp 00035000 fd:01 2592                           /system/lib64/libsqlite.so
TEMP-DEBUG maps: 76b745f000-76b7461000 r-xp 00001000 fd:01 2352                           /system/lib64/libcodec2_hidl_client@1.1.so
TEMP-DEBUG maps: 76b749e000-76b74bb000 r-xp 0001b000 fd:01 2078                           /system/lib64/android.hardware.graphics.composer3-V4-ndk.so
TEMP-DEBUG maps: 76b74f6000-76b752e000 r-xp 00027000 fd:01 2104                           /system/lib64/android.hardware.media.omx@1.0.so
TEMP-DEBUG maps: 76b7553000-76b755d000 r-xp 0000a000 fd:01 2083                           /system/lib64/android.hardware.graphics.mapper@2.0.so
TEMP-DEBUG maps: 76b759b000-76b75bb000 r-xp 0000f000 fd:01 2439                           /system/lib64/libincfs.so
TEMP-DEBUG maps: 76b75d9000-76b75db000 r-xp 00004000 fd:01 1996                           /system/lib64/android.companion.virtual.virtualdevice_aidl-cpp.so
TEMP-DEBUG maps: 76b761f000-76b7625000 r-xp 00006000 fd:01 2320                           /system/lib64/libbpf_bcc.so
TEMP-DEBUG maps: 76b7654000-76b7666000 r-xp 00006000 fd:01 2545                           /system/lib64/libpiex.so
TEMP-DEBUG maps: 76b76a4000-76b76a5000 r-xp 00001000 fd:01 2331                           /system/lib64/libcameracompatbilityinfo.so
TEMP-DEBUG maps: 76b7715000-76b77c7000 r-xp 00052000 fd:01 2275                           /system/lib64/libaudioclient.so
TEMP-DEBUG maps: 76b7812000-76b7815000 r-xp 00004000 fd:01 2671                           /system/lib64/mediametricsservice-aidl-cpp.so
TEMP-DEBUG maps: 76b786b000-76b786f000 r-xp 00005000 fd:01 2169                           /system/lib64/android.system.suspend-V1-ndk.so
TEMP-DEBUG maps: 76b78b4000-76b78b5000 r-xp 00002000 fd:01 2038                           /system/lib64/android.hardware.common-V2-cpp.so
TEMP-DEBUG maps: 76b78de000-76b78f5000 r-xp 00013000 fd:01 2073                           /system/lib64/android.hardware.graphics.bufferqueue@2.0.so
TEMP-DEBUG maps: 76b7a05000-76b7bb1000 r-xp 00102000 07:a8 36                             /apex/com.android.i18n/lib64/libicui18n.so
TEMP-DEBUG maps: 76b8647000-76b8648000 r-xp 00002000 fd:01 1994                           /system/lib64/aconfig_view_accessibility_flags_c_lib.so
TEMP-DEBUG maps: 76b8768000-76b8909000 r-xp 000b6000 fd:01 2376                           /system/lib64/libdng_sdk.so
TEMP-DEBUG maps: 76b89ac000-76b89ad000 r-xp 00001000 fd:01 2257                           /system/lib64/libandroid_net.so
TEMP-DEBUG maps: 76b89d3000-76b89df000 r-xp 00009000 fd:01 2681                           /system/lib64/spatializer-aidl-cpp.so
TEMP-DEBUG maps: 76bbc5c000-76bbc5e000 r-xp 00003000 fd:01 2289                           /system/lib64/libaudiomanager.so
TEMP-DEBUG maps: 76bbeaf000-76bc61f000 r-xp 00200000 fd:01 2435                           /system/lib64/libhwui.so
TEMP-DEBUG maps: 76bc933000-76bc9a6000 r-xp 0002f000 fd:01 2410                           /system/lib64/libft2.so
TEMP-DEBUG maps: 76bc9f8000-76bc9fd000 r-xp 00005000 fd:01 2180                           /system/lib64/av-types-aidl-cpp.so
TEMP-DEBUG maps: 76bec6a000-76bec6b000 r-xp 00001000 fd:01 2430                           /system/lib64/libhidlallocatorutils.so
TEMP-DEBUG maps: 76bec99000-76becaf000 r-xp 00014000 fd:01 2048                           /system/lib64/android.hardware.drm-V2-ndk.so
TEMP-DEBUG maps: 76becf4000-76bed9e000 r-xp 00026000 fd:01 2542                           /system/lib64/libperfetto_c.so
TEMP-DEBUG maps: 76c2069000-76c2078000 r-xp 0000e000 fd:01 2086                           /system/lib64/android.hardware.graphics.mapper@4.0.so
TEMP-DEBUG maps: 76c2095000-76c209e000 r-xp 0000b000 fd:01 2098                           /system/lib64/android.hardware.media.bufferpool2-V2-ndk.so
TEMP-DEBUG maps: 76c20e1000-76c20f1000 r-xp 00008000 fd:01 2291                           /system/lib64/libaudiopolicy.so
TEMP-DEBUG maps: 76c213b000-76c2174000 r-xp 0002a000 fd:01 2635                           /system/lib64/libui.so
TEMP-DEBUG maps: 76c21bb000-76c21f2000 r-xp 00029000 fd:01 2538                           /system/lib64/libpcre2.so
TEMP-DEBUG maps: 76c2e7a000-76c2e7d000 r-xp 00004000 fd:01 2190                           /system/lib64/capture_state_listener-aidl-cpp.so
TEMP-DEBUG maps: 76c2ea8000-76c2eb0000 r-xp 00009000 fd:01 2070                           /system/lib64/android.hardware.graphics.allocator@3.0.so
TEMP-DEBUG maps: 76c2f0d000-76c2f8a000 r-xp 0004c000 fd:01 2305                           /system/lib64/libbinder.so
TEMP-DEBUG maps: 76c487a000-76c487c000 r-xp 00004000 fd:01 2213                           /system/lib64/lib-platform-compat-native-api.so
TEMP-DEBUG maps: 76c4983000-76c4b6b000 r-xp 000f8000 fd:01 2442                           /system/lib64/libinput.so
TEMP-DEBUG maps: 76c8a1d000-76c8a31000 r-xp 0000f000 fd:01 2370                           /system/lib64/libdatasource.so
TEMP-DEBUG maps: 76c8b05000-76c8c72000 r-xp 0009d000 fd:01 2595                           /system/lib64/libstagefright.so
TEMP-DEBUG maps: 76c8cdc000-76c8cfa000 r-xp 0001a000 fd:01 2051                           /system/lib64/android.hardware.drm@1.1.so
TEMP-DEBUG maps: 76c8d0e000-76c8d1a000 r-xp 00009000 fd:01 2366                           /system/lib64/libcutils.so
TEMP-DEBUG maps: 76c8d9b000-76c8df3000 r-xp 00031000 fd:01 2496                           /system/lib64/libmediadrm.so
TEMP-DEBUG maps: 76cca1e000-76cca20000 r-xp 00002000 fd:01 2579                           /system/lib64/libshmemcompat.so
TEMP-DEBUG maps: 76cca70000-76cca7a000 r-xp 0000c000 fd:01 2044                           /system/lib64/android.hardware.configstore@1.1.so
TEMP-DEBUG maps: 76ccaa5000-76ccaa6000 r-xp 00001000 fd:01 2385                           /system/lib64/libegl_flags.so
TEMP-DEBUG maps: 76ccaea000-76ccaf2000 r-xp 00009000 fd:01 2145                           /system/lib64/android.hidl.allocator@1.0.so
TEMP-DEBUG maps: 76ccb22000-76ccb36000 r-xp 00012000 fd:01 2102                           /system/lib64/android.hardware.media.c2@1.1.so
TEMP-DEBUG maps: 76ccb59000-76ccb5b000 r-xp 00001000 fd:01 1992                           /system/lib64/aconfig_mediacodec_flags_c_lib.so
TEMP-DEBUG maps: 76ccb91000-76ccb9b000 r-xp 00005000 fd:01 2477                           /system/lib64/liblog.so
TEMP-DEBUG maps: 76ccbcf000-76ccbd6000 r-xp 00008000 fd:01 2146                           /system/lib64/android.hidl.memory.token@1.0.so
TEMP-DEBUG maps: 76ccc34000-76ccc35000 r-xp 00001000 fd:01 2075                           /system/lib64/android.hardware.graphics.common@1.0.so
TEMP-DEBUG maps: 76ccc4b000-76ccc5e000 r-xp 0000a000 fd:01 2629                           /system/lib64/libtinyxml2.so
TEMP-DEBUG maps: 76ccc93000-76ccc96000 r-xp 00001000 fd:01 2216                           /system/lib64/libETC1.so
TEMP-DEBUG maps: 76cccde000-76ccce5000 r-xp 00009000 fd:01 2521                           /system/lib64/libnativedisplay.so
TEMP-DEBUG maps: 76ccd46000-76ccdf1000 r-xp 0003b000 fd:01 2577                           /system/lib64/libsfplugin_ccodec.so
TEMP-DEBUG maps: 76ccf3d000-76cd572000 r-xp 00124000 fd:01 2456                           /system/lib64/libjxl.so
TEMP-DEBUG maps: 76d144c000-76d1457000 r-xp 00007000 fd:01 2488                           /system/lib64/libmedia_codeclist.so
TEMP-DEBUG maps: 76d148d000-76d1495000 r-xp 00009000 fd:01 2071                           /system/lib64/android.hardware.graphics.allocator@4.0.so
TEMP-DEBUG maps: 76d150b000-76d15e8000 r-xp 0003c000 fd:01 2423                           /system/lib64/libharfbuzz_ng.so
TEMP-DEBUG maps: 76d1634000-76d1637000 r-xp 00004000 fd:01 2682                           /system/lib64/volumegroupcallback-aidl-cpp.so
TEMP-DEBUG maps: 76d165e000-76d1676000 r-xp 00012000 fd:01 2493                           /system/lib64/libmedia_omx.so
TEMP-DEBUG maps: 76d1694000-76d16a7000 r-xp 00011000 fd:01 2306                           /system/lib64/libbinder_ndk.so
TEMP-DEBUG maps: 76d16c7000-76d16c9000 r-xp 00003000 fd:01 2432                           /system/lib64/libhidlmemory.so
TEMP-DEBUG maps: 76d174a000-76d17ba000 r-xp 00049000 fd:01 2355                           /system/lib64/libcodec2_vndk.so
TEMP-DEBUG maps: 76d17ed000-76d17f4000 r-xp 00012000 fd:01 2222                           /system/lib64/libGLESv3.so
TEMP-DEBUG maps: 76d189d000-76d19c0000 r-xp 0009d000 fd:01 2516                           /system/lib64/libminikin.so
TEMP-DEBUG maps: 76d2e79000-76d2e7b000 r-xp 00001000 fd:01 2193                           /system/lib64/com.android.media.audioclient-aconfig-cc.so
TEMP-DEBUG maps: 76d2e97000-76d2e98000 r-xp 00001000 fd:01 2040                           /system/lib64/android.hardware.common.fmq-V1-cpp.so
TEMP-DEBUG maps: 76d2ecc000-76d2ed7000 r-xp 00008000 fd:01 2415                           /system/lib64/libgralloctypes.so
TEMP-DEBUG maps: 76d2f1b000-76d2f28000 r-xp 00006000 fd:01 2350                           /system/lib64/libcodec2_hal_common.so
TEMP-DEBUG maps: 76d2f66000-76d2f9c000 r-xp 0001a000 fd:01 2638                           /system/lib64/libultrahdr.so
TEMP-DEBUG maps: 76d2fd8000-76d2ff8000 r-xp 00009000 fd:01 2390                           /system/lib64/libexpat.so
TEMP-DEBUG maps: 76d3066000-76d30b1000 r-xp 00032000 fd:01 2101                           /system/lib64/android.hardware.media.c2@1.0.so
TEMP-DEBUG maps: 76d30ee000-76d30f5000 r-xp 00012000 fd:01 2220                           /system/lib64/libGLESv2.so
TEMP-DEBUG maps: 76d310c000-76d310e000 r-xp 00001000 fd:01 2353                           /system/lib64/libcodec2_hidl_client@1.2.so
TEMP-DEBUG maps: 76d3177000-76d31f7000 r-xp 00030000 fd:1e 110                            /apex/com.android.art/lib64/libunwindstack.so
TEMP-DEBUG maps: 76d3217000-76d322a000 r-xp 00008000 fd:01 2568                           /system/lib64/libselinux.so
TEMP-DEBUG maps: 76d3244000-76d3245000 r-xp 00001000 fd:01 2347                           /system/lib64/libcodec2.so
TEMP-DEBUG maps: 76d32bd000-76d32e1000 r-xp 00025000 fd:01 2054                           /system/lib64/android.hardware.drm@1.4.so
TEMP-DEBUG maps: 76d332d000-76d337a000 r-xp 00017000 fd:01 2298                           /system/lib64/libaudioutils.so
TEMP-DEBUG maps: 76d3399000-76d339b000 r-xp 00004000 fd:01 2677                           /system/lib64/process_info_service_aidl-cpp.so
TEMP-DEBUG maps: 76d33d4000-76d33fd000 r-xp 00010000 fd:01 2547                           /system/lib64/libpng.so
TEMP-DEBUG maps: 76d3489000-76d3515000 r-xp 0007a000 fd:01 2326                           /system/lib64/libc++.so
TEMP-DEBUG maps: 76d3547000-76d3548000 r-xp 00001000 fd:01 2520                           /system/lib64/libnativebridge_lazy.so
TEMP-DEBUG maps: 76d35b4000-76d35b5000 r-xp 00001000 07:b0 43                             /apex/com.android.runtime/lib64/bionic/libdl.so
TEMP-DEBUG maps: 76d35e2000-76d35e4000 r-xp 00002000 fd:01 2453                           /system/lib64/libjpegdecoder.so
TEMP-DEBUG maps: 76d7055000-76d7061000 r-xp 00006000 fd:01 2501                           /system/lib64/libmediametrics.so
TEMP-DEBUG maps: 76d709e000-76d70b7000 r-xp 00015000 fd:01 2099                           /system/lib64/android.hardware.media.bufferpool@2.0.so
TEMP-DEBUG maps: 76d70d0000-76d70f4000 r-xp 0000e000 fd:01 2300                           /system/lib64/libbase.so
TEMP-DEBUG maps: 76d7133000-76d7138000 r-xp 00003000 fd:01 2178                           /system/lib64/audiopolicy-types-aidl-cpp.so
TEMP-DEBUG maps: 76d7173000-76d7174000 r-xp 00001000 07:b0 44                             /apex/com.android.runtime/lib64/bionic/libdl_android.so
TEMP-DEBUG maps: 76d7181000-76d7182000 r-xp 00001000 fd:01 2259                           /system/lib64/libandroid_runtime_lazy.so
TEMP-DEBUG maps: 76d71e2000-76d71e6000 r-xp 00003000 fd:01 2603                           /system/lib64/libstagefright_graphicbuffersource_aidl.so
TEMP-DEBUG maps: 76d720f000-76d7223000 r-xp 0000d000 fd:01 2153                           /system/lib64/android.media.audio.common.types-V4-cpp.so
TEMP-DEBUG maps: 76d727a000-76d7299000 r-xp 0001f000 fd:01 2100                           /system/lib64/android.hardware.media.c2-V1-ndk.so
TEMP-DEBUG maps: 76d72f3000-76d732d000 r-xp 00012000 fd:01 2514                           /system/lib64/libmemunreachable.so
TEMP-DEBUG maps: 76d7366000-76d7368000 r-xp 00005000 07:a8 31                             /apex/com.android.i18n/lib64/libandroidicu.so
TEMP-DEBUG maps: 76d73a4000-76d73b1000 r-xp 0000d000 fd:01 2043                           /system/lib64/android.hardware.configstore@1.0.so
TEMP-DEBUG maps: 76d73e4000-76d73eb000 r-xp 00006000 fd:01 2203                           /system/lib64/effect-aidl-cpp.so
TEMP-DEBUG maps: 76d7437000-76d7439000 r-xp 00002000 fd:01 2492                           /system/lib64/libmedia_jni_utils.so
TEMP-DEBUG maps: 76d745c000-76d746f000 r-xp 00007000 fd:01 2608                           /system/lib64/libstagefright_xmlparser.so
TEMP-DEBUG maps: 76d749a000-76d74aa000 r-xp 0000f000 fd:01 2495                           /system/lib64/libmedia_quality_include.so
TEMP-DEBUG maps: 76d74d6000-76d75e2000 r-xp 00014000 fd:01 2424                           /system/lib64/libharfbuzz_subset.so
TEMP-DEBUG maps: 76d7623000-76d7625000 r-xp 00001000 fd:01 2504                           /system/lib64/libmediandk_utils.so
TEMP-DEBUG maps: 76d7686000-76d76b8000 r-xp 00012000 fd:01 2282                           /system/lib64/libaudiofoundation.so
TEMP-DEBUG maps: 76d7726000-76d777e000 r-xp 0003f000 fd:01 2431                           /system/lib64/libhidlbase.so
TEMP-DEBUG maps: 76d9689000-76d9770000 r-xp 00041000 fd:01 2261                           /system/lib64/libandroidfw.so
TEMP-DEBUG maps: 76d979c000-76d97b5000 r-xp 00015000 fd:01 2025                           /system/lib64/android.hardware.camera.device@3.2.so
TEMP-DEBUG maps: 76d97cd000-76d97ce000 r-xp 00002000 fd:01 2301                           /system/lib64/libbattery.so
TEMP-DEBUG maps: 76d983d000-76d9864000 r-xp 00017000 fd:01 2598                           /system/lib64/libstagefright_bufferpool@2.0.1.so
TEMP-DEBUG maps: 76d988b000-76d988e000 r-xp 00002000 fd:01 2591                           /system/lib64/libspeexresampler.so
TEMP-DEBUG maps: 76d98ce000-76d98cf000 r-xp 00001000 fd:01 2536                           /system/lib64/libpackagelistparser.so
TEMP-DEBUG maps: 76d993a000-76d993b000 r-xp 00001000 fd:01 2522                           /system/lib64/libnativeloader_lazy.so
TEMP-DEBUG maps: 76d994f000-76d9973000 r-xp 0000e000 fd:01 2300                           /system/lib64/libbase.so
TEMP-DEBUG maps: 76d999c000-76d99ac000 r-xp 00008000 fd:01 2663                           /system/lib64/libz.so
TEMP-DEBUG maps: 76d99f3000-76d99fd000 r-xp 00009000 fd:01 2232                           /system/lib64/libSurfaceFlingerProp.so
TEMP-DEBUG maps: 76db7e5000-76db7e6000 r-xp 00000000 00:00 0                              [vdso]
TEMP-DEBUG maps: 76db834000-76db9a6000 r-xp 0004e000 07:b0 16                             /apex/com.android.runtime/bin/linker64
TEMP-DEBUG exec segments at injection: 249
remote mapped /data/adb/modules/rezygisk/lib/libzygisk.so at 0xeffb7000 (size 0x109000), entry 0xf001d34d
cp request: action=0
Received Zygote32 injected command
status updated: Monitor: ✅, ReZygisk 64-bit: ✅, ReZygisk 32-bit: ✅
remote mapped /data/adb/modules/rezygisk/lib64/libzygisk.so at 0x100000000 (size 0x191000), entry 0x1000bba04, backing=memfd
cp request: action=0
Received Zygote64 injected command
status updated: Monitor: ✅, ReZygisk 64-bit: ✅, ReZygisk 32-bit: ✅
client entry call returned 0x76a595a684
invoke entry
inject done, continuing process
received SIGCONT, detaching zygote
client entry call returned 0x1
invoke entry
inject done, continuing process
trace complete, zygote 22897 released
received SIGCONT, detaching zygote
trace complete, zygote 22895 released
process 24144 (program=<unreadable>, cmdline="") received unknown sigchld_status 0x7f00 exited with 127
process 24155 (program=<unreadable>, cmdline="") received unknown sigchld_status 0x7f00 exited with 127
